topic_ecosystem	module	gene_id	gene_description
Assimilation nutrient aquistion	Nitrogen fixation, organic nitrogen degradation, inorganic n assimilation	K02588	nitrogenase iron protein [RN:R05185]
Assimilation nutrient aquistion	Nitrogen fixation, organic nitrogen degradation, inorganic n assimilation	K02586	nitrogenase molybdenum-iron protein [EC:1.18.6.1] [RN:R05185]
Assimilation nutrient aquistion	Nitrogen fixation, organic nitrogen degradation, inorganic n assimilation	K02591	nitrogenase molybdenum-iron protein [EC:1.18.6.1] [RN:R05185]
Assimilation nutrient aquistion	Nitrogen fixation, organic nitrogen degradation, inorganic n assimilation	K00531	nitrogenase delta subunit [EC:1.18.6.1] [RN:R05185]
Assimilation nutrient aquistion	Nitrogen fixation, organic nitrogen degradation, inorganic n assimilation	K22896	vanadium-dependent nitrogenase [EC:1.18.6.2] [RN:R12084]
Assimilation nutrient aquistion	Nitrogen fixation, organic nitrogen degradation, inorganic n assimilation	K22897	vanadium-dependent nitrogenase [EC:1.18.6.2] [RN:R12084]
Assimilation nutrient aquistion	Nitrogen fixation, organic nitrogen degradation, inorganic n assimilation	K22898	vanadium nitrogenase delta subunit [EC:1.18.6.2] [RN:R12084]
Assimilation nutrient aquistion	Nitrogen fixation, organic nitrogen degradation, inorganic n assimilation	K22899	vanadium nitrogenase iron protein [RN:R12084]
Assimilation nutrient aquistion	Nitrogen fixation, organic nitrogen degradation, inorganic n assimilation	K00367	assimilatory nitrate reductase [EC:1.7.7.2] [RN:R00791]
Assimilation nutrient aquistion	Nitrogen fixation, organic nitrogen degradation, inorganic n assimilation	K10534	nitrate reductase (NAD(P)H) [EC:1.7.1.1 1.7.1.2 1.7.1.3] [RN:R00794 R00796]
Assimilation nutrient aquistion	Nitrogen fixation, organic nitrogen degradation, inorganic n assimilation	K00372	assimilatory nitrate reductase [EC:1.7.99.-] [RN:R00798]
Assimilation nutrient aquistion	Nitrogen fixation, organic nitrogen degradation, inorganic n assimilation	K00360	assimilatory nitrate reductase [EC:1.7.99.-] [RN:R00798]
Assimilation nutrient aquistion	Nitrogen fixation, organic nitrogen degradation, inorganic n assimilation	K00366	assimilatory nitrite reductase [EC:1.7.7.1] [RN:R00790]
Assimilation nutrient aquistion	Nitrogen fixation, organic nitrogen degradation, inorganic n assimilation	K17877	assimilatory nitrite reductase [EC:1.7.1.4] [RN:R00787 R00789]
Assimilation nutrient aquistion	Nitrogen fixation, organic nitrogen degradation, inorganic n assimilation	K02575	NRT; MFS transporter, NNP family, nitrate/nitrite transporter
Assimilation nutrient aquistion	Nitrogen fixation, organic nitrogen degradation, inorganic n assimilation	A01B	Peptidase; Catlytic type: Aspartate; residues with large hydrophobic sidechains on either side of the scissile bond, but several members have more restricted specificities that allow protein-processing functions (see additional Info); The amino acid sequences show signal peptides and propeptides except for bacterial homologues which also lack disulfide bridges and are probably cytoplasmic (Rawlings & Bateman, 2009). Many three-dimensional structures have been described. The catalytic site is located between the two lobes of the molecules, and a 'flap' structure containing a conserved Tyr residue controls specificity (James, 2004; Hong & Tang, 2004). Several of the peptidases are glycosylated (e.g. cathepsin D, A01.009) and a few are membrane-bound (memapsin-1 and memapsin-2, A01.041 and A01.004, respectively). Some family A1 peptidases from plants (e.g. phytepsin, A01.020) contain inserted saposin-like sequences, and the effects of these on enzymatic activity have been investigated (Payie et al., 2003). The secreted proteins in subfamily A usually have three conserved disulfide bridges, whereas in subfamily B there are six, and the unusual stability of nepenthesin (A01.040) to a wide pH range has been attributed to these disulfide bridges (Takahashi et al., 2005).
Assimilation nutrient aquistion	Nitrogen fixation, organic nitrogen degradation, inorganic n assimilation	A01A	Peptidase; Catlytic type: Aspartate; residues with large hydrophobic sidechains on either side of the scissile bond, but several members have more restricted specificities that allow protein-processing functions (see additional Info); The amino acid sequences show signal peptides and propeptides except for bacterial homologues which also lack disulfide bridges and are probably cytoplasmic (Rawlings & Bateman, 2009). Many three-dimensional structures have been described. The catalytic site is located between the two lobes of the molecules, and a 'flap' structure containing a conserved Tyr residue controls specificity (James, 2004; Hong & Tang, 2004). Several of the peptidases are glycosylated (e.g. cathepsin D, A01.009) and a few are membrane-bound (memapsin-1 and memapsin-2, A01.041 and A01.004, respectively). Some family A1 peptidases from plants (e.g. phytepsin, A01.020) contain inserted saposin-like sequences, and the effects of these on enzymatic activity have been investigated (Payie et al., 2003). The secreted proteins in subfamily A usually have three conserved disulfide bridges, whereas in subfamily B there are six, and the unusual stability of nepenthesin (A01.040) to a wide pH range has been attributed to these disulfide bridges (Takahashi et al., 2005).
Assimilation nutrient aquistion	Nitrogen fixation, organic nitrogen degradation, inorganic n assimilation	A05	Peptidase; Catlytic type: Aspartate; preference for hydrophobic residues in P1 and P1; pH optimum of 2.0 and is mainly active from pH 1-5
Assimilation nutrient aquistion	Nitrogen fixation, organic nitrogen degradation, inorganic n assimilation	A08	Peptidase; Catlytic type: Aspartate; cleavage site is known as the 'lipobox sequence' and is Leu-Xaa-YaaCys in which Xaa is Ala or Ser and Yaa is Gly or Ala; essential step in the production of the bacterial cell wall
Assimilation nutrient aquistion	Nitrogen fixation, organic nitrogen degradation, inorganic n assimilation	A09	Peptidase; Catlytic type: Aspartate; processes Gag and Pol viral polyproteins in which four cleavages are made, all except one being at asparaginyl bondsour cleavages are made
Assimilation nutrient aquistion	Nitrogen fixation, organic nitrogen degradation, inorganic n assimilation	A24B	Peptidase; Catlytic type: Aspartate; leader peptides are 5 - 8 residues long, rich in acidic amino acids, and immediately precede a 20-residue hydrophobic region; cleavage site is Gly-Phe; process type 4 pilin precursor proteins (prepilins) to their mature forms by removal of leader peptides
Assimilation nutrient aquistion	Nitrogen fixation, organic nitrogen degradation, inorganic n assimilation	A24A	Peptidase; Catlytic type: Aspartate; leader peptides are 5 - 8 residues long, rich in acidic amino acids, and immediately precede a 20-residue hydrophobic region; cleavage site is GlyPhe; process type 4 pilin precursor proteins (prepilins) to their mature forms by removal of leader peptides
Assimilation nutrient aquistion	Nitrogen fixation, organic nitrogen degradation, inorganic n assimilation	A25	Peptidase; Catlytic type: Aspartate; acidic residue at P1, hydrophobic at P1, Ala at P2 and an acidic residue at P4; during the germination of spores, proteins ('small acid-soluble proteins': SASP) are degraded in a process that is initiated by the 'germination protease'
Assimilation nutrient aquistion	Nitrogen fixation, organic nitrogen degradation, inorganic n assimilation	A26	Peptidase; Catlytic type: Aspartate; cleavage between consecutive basic amino acids, but is capable of cleavage when P1 is a non-basic residue
Assimilation nutrient aquistion	Nitrogen fixation, organic nitrogen degradation, inorganic n assimilation	A28B	Peptidase; Catlytic type: Aspartic; No peptidase activity has been shown for any member of the family
Assimilation nutrient aquistion	Nitrogen fixation, organic nitrogen degradation, inorganic n assimilation	A28A	Peptidase; Catlytic type: Aspartic; No peptidase activity has been shown for any member of the family
Assimilation nutrient aquistion	Nitrogen fixation, organic nitrogen degradation, inorganic n assimilation	A31	Peptidase; Catlytic type: Aspartate; HycI endopeptidase releases a 32-residue C-terminal peptide by cleavage of an -Arg-Met- bond;HybD cleaves following the equivalent -His-Met- bond in hydrogenase 2, removing 15 residues; HycI and HybD are in the processing of the precursors of bacterial hydrogenases to their active forms
Assimilation nutrient aquistion	Nitrogen fixation, organic nitrogen degradation, inorganic n assimilation	A32	Peptidase; Catlytic type: Aspartate; Important for processing the polar factor PodJ, which recruits proteins to the correct cell pole during cell division
Assimilation nutrient aquistion	Nitrogen fixation, organic nitrogen degradation, inorganic n assimilation	A36	Peptidase; Catlytic type: Aspartate; N-terminal propeptide is removed from the sigma factor E precursor
Assimilation nutrient aquistion	Nitrogen fixation, organic nitrogen degradation, inorganic n assimilation	A37	Peptidase; Catlytic type: Aspartate
Assimilation nutrient aquistion	Nitrogen fixation, organic nitrogen degradation, inorganic n assimilation	C10	Peptidase; Catlytic type: Cysteine; broad specificity with a hydrophobic residue in the P2 position
Assimilation nutrient aquistion	Nitrogen fixation, organic nitrogen degradation, inorganic n assimilation	C100	Peptidase; Catlytic type: Cysteine; a fungal lectin and a calcium-dependent cysteine endopeptidase that is toxic to the nematodes that feed on the fungus
Assimilation nutrient aquistion	Nitrogen fixation, organic nitrogen degradation, inorganic n assimilation	C101	Peptidase; Catlytic type: Cysteine; cleaves linear ubiquitin linkages
Assimilation nutrient aquistion	Nitrogen fixation, organic nitrogen degradation, inorganic n assimilation	C102	Peptidase; Catlytic type: Cysteine; degrades the GTPase Rab proteins ; helps the pathogen to evade detection in the lysosome
Assimilation nutrient aquistion	Nitrogen fixation, organic nitrogen degradation, inorganic n assimilation	C106	Peptidase; Catlytic type: Cysteine; member is archaeosortase A (Haloferax volcanii )
Assimilation nutrient aquistion	Nitrogen fixation, organic nitrogen degradation, inorganic n assimilation	C11B	Peptidase; Catlytic type: Cysteine; Selective for hydrolysis of arginyl bonds; It requires calcium ions for activity, as well as a reducing environment; member is clostripain
Assimilation nutrient aquistion	Nitrogen fixation, organic nitrogen degradation, inorganic n assimilation	C11A	Peptidase; Catlytic type: Cysteine; Selective for hydrolysis of arginyl bonds; It requires calcium ions for activity, as well as a reducing environment; member is clostripain
Assimilation nutrient aquistion	Nitrogen fixation, organic nitrogen degradation, inorganic n assimilation	C110	Peptidase; Catlytic type: Cysteine
Assimilation nutrient aquistion	Nitrogen fixation, organic nitrogen degradation, inorganic n assimilation	C111	Peptidase; Catlytic type: Cysteine
Assimilation nutrient aquistion	Nitrogen fixation, organic nitrogen degradation, inorganic n assimilation	C115	Peptidase; Catlytic type: Cysteine; member is MINDY-1 protein (Homo sapiens)
Assimilation nutrient aquistion	Nitrogen fixation, organic nitrogen degradation, inorganic n assimilation	C116	Peptidase; Catlytic type: Cysteine; member is dermonecrotic toxin (Pasteurella multocida)
Assimilation nutrient aquistion	Nitrogen fixation, organic nitrogen degradation, inorganic n assimilation	C117	Peptidase; Catlytic type: Cysteine; member is SpvD g.p. (Salmonella enterica)
Assimilation nutrient aquistion	Nitrogen fixation, organic nitrogen degradation, inorganic n assimilation	C118	Peptidase; Catlytic type: Cysteine; member is EspL g.p. (Escherichia coli)
Assimilation nutrient aquistion	Nitrogen fixation, organic nitrogen degradation, inorganic n assimilation	C12	Peptidase; Catlytic type: Cysteine; hydrolysis of bonds formed by the C-terminal Gly of ubiquitin, which may be alpha-peptide, isopeptide, amide or ester bonds; remain intracellular
Assimilation nutrient aquistion	Nitrogen fixation, organic nitrogen degradation, inorganic n assimilation	C13	Peptidase; Catlytic type: Cysteine; restricted specificity for asparaginyl bonds
Assimilation nutrient aquistion	Nitrogen fixation, organic nitrogen degradation, inorganic n assimilation	C15	Peptidase; Catlytic type: Cysteine; removal of a pyroglutamate (pGlu) residue from the N-terminus of a peptide; intracellular and soluble
Assimilation nutrient aquistion	Nitrogen fixation, organic nitrogen degradation, inorganic n assimilation	C25	Peptidase; Catlytic type: Cysteine; gingipains R and K are endopeptidases with specificity for arginyl and lysyl bonds; often secreted by the bacterium Porphyromonas gingivalis involved in periodontal disease
Assimilation nutrient aquistion	Nitrogen fixation, organic nitrogen degradation, inorganic n assimilation	C45	Peptidase; Catlytic type: Cysteine; cleavage occurs at the Gly102-Cys bond; last enzyme in the penicillin biosynthetic pathway
Assimilation nutrient aquistion	Nitrogen fixation, organic nitrogen degradation, inorganic n assimilation	C47	Peptidase; Catlytic type: Cysteine; staphopains are suggested to be important for the survival of Staphylococcus sp. in vivo
Assimilation nutrient aquistion	Nitrogen fixation, organic nitrogen degradation, inorganic n assimilation	C50	Peptidase; Catlytic type: Cysteine; Arg in P1 and an acidic residue in P4; there is also a preference for an acidic residue in P6 ; required for the separation of sister chromatids during mitosis in a range of organisms from yeasts to man
Assimilation nutrient aquistion	Nitrogen fixation, organic nitrogen degradation, inorganic n assimilation	C54	Peptidase; Catlytic type: Cysteine; cleavage (Gly116-Arg) to release the C-terminal Arg of the protein Apg8/Aut7;it cleaves the same bond even if a peptide replaces the C-terminal Arg
Assimilation nutrient aquistion	Nitrogen fixation, organic nitrogen degradation, inorganic n assimilation	C55	Peptidase; Catlytic type: Cysteine; no direct demonstration of peptidase activity of any member of family C55; responsible for certain pathogenic effects of bacteria that cause diseases in animals and plants
Assimilation nutrient aquistion	Nitrogen fixation, organic nitrogen degradation, inorganic n assimilation	C56	Peptidase; Catlytic type: Cysteine; acts only on peptides of less than 20 amino acids; a preference for bulky, hydrophobic P1 residues
Assimilation nutrient aquistion	Nitrogen fixation, organic nitrogen degradation, inorganic n assimilation	C58B	Peptidase; Catlytic type: Cysteine; activates itself by cleaving the Lys62|+|Gly bond, and the newly exposed N-terminal Gly is then lipid-modified.  Amongst other proteins, only those with a prenylated cysteine are substrates. Substrates include RhoA, the Rac and Cdc42 GTPases and host serine/threonine kinase PBS1 (which is cleaved at a single bond: <%Zhu, M. %etal, 2004[20040510A717]%>).; act as transamidases by attaching a lipid moiety to the newly exposed N-terminus of the substrate; RhoA, the Rac and Cdc42 GTPases and host serine/threonine kinase PBS1
Assimilation nutrient aquistion	Nitrogen fixation, organic nitrogen degradation, inorganic n assimilation	C58A	Peptidase; Catlytic type: Cysteine; activates itself by cleaving the Lys62|+|Gly bond, and the newly exposed N-terminal Gly is then lipid-modified.  Amongst other proteins, only those with a prenylated cysteine are substrates. Substrates include RhoA, the Rac and Cdc42 GTPases and host serine/threonine kinase PBS1 (which is cleaved at a single bond: <%Zhu, M. %etal, 2004[20040510A717]%>).; act as transamidases by attaching a lipid moiety to the newly exposed N-terminus of the substrate; RhoA, the Rac and Cdc42 GTPases and host serine/threonine kinase PBS1
Assimilation nutrient aquistion	Nitrogen fixation, organic nitrogen degradation, inorganic n assimilation	C64	Peptidase; Catlytic type: Cysteine; release ubiquitin from linear or branched synthetic ubiquitin chains and from ubiquitinated proteins
Assimilation nutrient aquistion	Nitrogen fixation, organic nitrogen degradation, inorganic n assimilation	C65	Peptidase; Catlytic type: Cysteine; No physiological substrates have been identified for any members of the family; No biological roles have been determined for any members of the family
Assimilation nutrient aquistion	Nitrogen fixation, organic nitrogen degradation, inorganic n assimilation	C66	Peptidase; Catlytic type: Cysteine; cleaves both gamma chains of human IgG or its Fc fragment in the hinge region after Gly236
Assimilation nutrient aquistion	Nitrogen fixation, organic nitrogen degradation, inorganic n assimilation	C67	Peptidase; Catlytic type: Cysteine; de-ubiquitinating activity that is directed towards non-Lys48-linked polyubiquitin chains; involved in formation of NF-kB, which is important to inflammation response
Assimilation nutrient aquistion	Nitrogen fixation, organic nitrogen degradation, inorganic n assimilation	C69	Peptidase; Catlytic type: Cysteine; cleaves Leu-Leu and Phe-Leu dipeptides with free C-terminus
Assimilation nutrient aquistion	Nitrogen fixation, organic nitrogen degradation, inorganic n assimilation	C70	Peptidase; Catlytic type: Cysteine; autolytic cleavage at Gly71Gly72 and also for the elimination of the host RIN4 protein ; could contribute to the pathogenic activity of Pseudomonas syringae
Assimilation nutrient aquistion	Nitrogen fixation, organic nitrogen degradation, inorganic n assimilation	C75	Peptidase; Catlytic type: Cysteine; cleaves off the C-terminus, and the N-terminus is cleaved by the signal peptidase, SpsB; contribute to the synthesis of bacterial autoinducing peptides by cleavage of precursor proteins
Assimilation nutrient aquistion	Nitrogen fixation, organic nitrogen degradation, inorganic n assimilation	C79	Peptidase; Catlytic type: Cysteine; hydrolyse ubiquitinyl bonds
Assimilation nutrient aquistion	Nitrogen fixation, organic nitrogen degradation, inorganic n assimilation	C80	Peptidase; Catlytic type: Cysteine; preference for Leu in P1;has been shown to be able to degrade the leucine-rich protein YopM; precursors of the cholera RTX toxin
Assimilation nutrient aquistion	Nitrogen fixation, organic nitrogen degradation, inorganic n assimilation	C82B	Peptidase; Catlytic type: Cysteine; hydrolyse the L-Lys(3)-D-Ala(4) bonds of bacterial cell wall components; protein showed cell-wall cross-linking activity
Assimilation nutrient aquistion	Nitrogen fixation, organic nitrogen degradation, inorganic n assimilation	C82A	Peptidase; Catlytic type: Cysteine; hydrolyse the L-Lys(3)-D-Ala(4) bonds of bacterial cell wall components; protein showed cell-wall cross-linking activity
Assimilation nutrient aquistion	Nitrogen fixation, organic nitrogen degradation, inorganic n assimilation	C83	Peptidase; Catlytic type: Cysteine; glutathione is cleaved to gamma-Glu-Cys + Gly, either by hydrolysis or transpeptidation
Assimilation nutrient aquistion	Nitrogen fixation, organic nitrogen degradation, inorganic n assimilation	C84	Peptidase; Catlytic type: Cysteine; hydrolyses Bz-Val-Gly-Arg-p-nitroanilide; association with periodontitis
Assimilation nutrient aquistion	Nitrogen fixation, organic nitrogen degradation, inorganic n assimilation	C86	Peptidase; Catlytic type: Cysteine; deubiquitinylating activity
Assimilation nutrient aquistion	Nitrogen fixation, organic nitrogen degradation, inorganic n assimilation	C88	Peptidase; Catlytic type: Cysteine; cleaves longer polyubiquitin chains with Lys48 linkages
Assimilation nutrient aquistion	Nitrogen fixation, organic nitrogen degradation, inorganic n assimilation	C93	Peptidase; Catlytic type: Cysteine; member is LapG peptidase (Pseudomonas fluorescens)
Assimilation nutrient aquistion	Nitrogen fixation, organic nitrogen degradation, inorganic n assimilation	C95	Peptidase; Catlytic type: Cysteine; known proteolytic activity is a processing event that is assumed to be the result of autolytic activity
Assimilation nutrient aquistion	Nitrogen fixation, organic nitrogen degradation, inorganic n assimilation	C96	Peptidase; Catlytic type: Cysteine; removes the leader peptide of microcin J25
Assimilation nutrient aquistion	Nitrogen fixation, organic nitrogen degradation, inorganic n assimilation	C98	Peptidase; Catlytic type: Cysteine; release SUMO from its precursor
Assimilation nutrient aquistion	Nitrogen fixation, organic nitrogen degradation, inorganic n assimilation	G01	Peptidase; Catlytic type: Glutamate; cleave (amongst others) the Tyr26-Thr27 bond in the B chain of oxidized insulin
Assimilation nutrient aquistion	Nitrogen fixation, organic nitrogen degradation, inorganic n assimilation	I01	Peptidase; Inhibitors of serine endopeptidases
Assimilation nutrient aquistion	Nitrogen fixation, organic nitrogen degradation, inorganic n assimilation	I03B	Peptidase; Inhibit serine peptidases, particularly belonging to family S1; Members of family I3 inhibit serine peptidases by the Laskowski mechanism
Assimilation nutrient aquistion	Nitrogen fixation, organic nitrogen degradation, inorganic n assimilation	I03A	Peptidase; Inhibit serine peptidases, particularly belonging to family S1; Members of family I3 inhibit serine peptidases by the Laskowski mechanism
Assimilation nutrient aquistion	Nitrogen fixation, organic nitrogen degradation, inorganic n assimilation	I05	Peptidase; A single inhibitor of serine peptidases
Assimilation nutrient aquistion	Nitrogen fixation, organic nitrogen degradation, inorganic n assimilation	I06	Peptidase; Serine peptidase inhibitors
Assimilation nutrient aquistion	Nitrogen fixation, organic nitrogen degradation, inorganic n assimilation	I07	Peptidase; Serine endopeptidase inhibitors
Assimilation nutrient aquistion	Nitrogen fixation, organic nitrogen degradation, inorganic n assimilation	I09	Peptidase; Inhibitors of serine peptidases of the subtilisin family (S8)
Assimilation nutrient aquistion	Nitrogen fixation, organic nitrogen degradation, inorganic n assimilation	I10	Peptidase; Serine endopeptidase inhibitors
Assimilation nutrient aquistion	Nitrogen fixation, organic nitrogen degradation, inorganic n assimilation	I100	Peptidase; Inhibitors, specificity unknown
Assimilation nutrient aquistion	Nitrogen fixation, organic nitrogen degradation, inorganic n assimilation	I101	Peptidase; Inhibitors, specificity unknown
Assimilation nutrient aquistion	Nitrogen fixation, organic nitrogen degradation, inorganic n assimilation	I102	Peptidase; Inhibitors, specificity unknown
Assimilation nutrient aquistion	Nitrogen fixation, organic nitrogen degradation, inorganic n assimilation	I11	Peptidase; A single serine endopeptidase inhibitor, ecotin
Assimilation nutrient aquistion	Nitrogen fixation, organic nitrogen degradation, inorganic n assimilation	I12	Peptidase; Inhibitors of serine endopeptidases in clan PA
Assimilation nutrient aquistion	Nitrogen fixation, organic nitrogen degradation, inorganic n assimilation	I13	Peptidase; Inhibitors of serine peptidases
Assimilation nutrient aquistion	Nitrogen fixation, organic nitrogen degradation, inorganic n assimilation	I14	Peptidase; Inhibitors of the serine endopeptidase thrombin
Assimilation nutrient aquistion	Nitrogen fixation, organic nitrogen degradation, inorganic n assimilation	I15	Peptidase; Inhibitors of serine endopeptidases in family S1
Assimilation nutrient aquistion	Nitrogen fixation, organic nitrogen degradation, inorganic n assimilation	I16	Peptidase; Inhibitors of serine endopeptidases and at least one metallopeptidase
Assimilation nutrient aquistion	Nitrogen fixation, organic nitrogen degradation, inorganic n assimilation	I17	Peptidase; Serine endopeptidase inhibitors
Assimilation nutrient aquistion	Nitrogen fixation, organic nitrogen degradation, inorganic n assimilation	I18	Peptidase; Inhibitors of trypsin and other endopeptidases in family S1
Assimilation nutrient aquistion	Nitrogen fixation, organic nitrogen degradation, inorganic n assimilation	I19	Peptidase; Inhibitors of serine endopeptidases
Assimilation nutrient aquistion	Nitrogen fixation, organic nitrogen degradation, inorganic n assimilation	I20	Peptidase; Serine endopeptidase inhibitors
Assimilation nutrient aquistion	Nitrogen fixation, organic nitrogen degradation, inorganic n assimilation	I21	Peptidase; Inhibitor of a serine endopeptidase from family S8
Assimilation nutrient aquistion	Nitrogen fixation, organic nitrogen degradation, inorganic n assimilation	I22	Peptidase; Inhibitors, specificity unknown
Assimilation nutrient aquistion	Nitrogen fixation, organic nitrogen degradation, inorganic n assimilation	I23	Peptidase; Inhibitors, specificity unknown
Assimilation nutrient aquistion	Nitrogen fixation, organic nitrogen degradation, inorganic n assimilation	I26	Peptidase; Inhibitors, specificity unknown
Assimilation nutrient aquistion	Nitrogen fixation, organic nitrogen degradation, inorganic n assimilation	I27	Peptidase; Inhibitors of calpains (in peptidase family C2); roles in nerve growth, muscle homeostasis, signal transduction and apoptosis
Assimilation nutrient aquistion	Nitrogen fixation, organic nitrogen degradation, inorganic n assimilation	I28	Peptidase; Inhibitors, specificity unknown
Assimilation nutrient aquistion	Nitrogen fixation, organic nitrogen degradation, inorganic n assimilation	I30	Peptidase; Inhibitors, specificity unknown
Assimilation nutrient aquistion	Nitrogen fixation, organic nitrogen degradation, inorganic n assimilation	I31	Peptidase; Inhibitors primarily of the papain-like cysteine peptidases in family C1 known as the thyropins
Assimilation nutrient aquistion	Nitrogen fixation, organic nitrogen degradation, inorganic n assimilation	I33	Peptidase; Inhibitors of aspartic peptidases (all of which are endopeptidases) from family A1
Assimilation nutrient aquistion	Nitrogen fixation, organic nitrogen degradation, inorganic n assimilation	I34	Peptidase; Inhibitor of saccharopepsin from Saccharomyces cerevisiae
Assimilation nutrient aquistion	Nitrogen fixation, organic nitrogen degradation, inorganic n assimilation	I35	Peptidase; Inhibitors of metalloendopeptidases (matrixins) in family M10A and M12B
Assimilation nutrient aquistion	Nitrogen fixation, organic nitrogen degradation, inorganic n assimilation	I37	Peptidase; a metallocarboxypeptidase inhibitor of family M14
Assimilation nutrient aquistion	Nitrogen fixation, organic nitrogen degradation, inorganic n assimilation	I38	Peptidase; Inhibitors of metalloendopeptidases in subfamily M10
Assimilation nutrient aquistion	Nitrogen fixation, organic nitrogen degradation, inorganic n assimilation	I39	Peptidase; interact with endopeptidases regardless of catalytic type
Assimilation nutrient aquistion	Nitrogen fixation, organic nitrogen degradation, inorganic n assimilation	I40	Peptidase; Bombyx subtilisin inhibitor, an inhibitor of serine peptidases from family S8
Assimilation nutrient aquistion	Nitrogen fixation, organic nitrogen degradation, inorganic n assimilation	I41	Peptidase; Inhibitors, specificity unknown
Assimilation nutrient aquistion	Nitrogen fixation, organic nitrogen degradation, inorganic n assimilation	I42	Peptidase; Inhibitors of cysteine endopeptidases from family C1
Assimilation nutrient aquistion	Nitrogen fixation, organic nitrogen degradation, inorganic n assimilation	I44	Peptidase; inhibited is carboxypeptidase A, but does not affect other members of M14
Assimilation nutrient aquistion	Nitrogen fixation, organic nitrogen degradation, inorganic n assimilation	I45	Peptidase; Inhibitors, specificity unknown
Assimilation nutrient aquistion	Nitrogen fixation, organic nitrogen degradation, inorganic n assimilation	I46	Peptidase; Inhibitors of peptidases in family M14
Assimilation nutrient aquistion	Nitrogen fixation, organic nitrogen degradation, inorganic n assimilation	I47	Peptidase; Inhibitors of metallocarboxypeptidases in family M14
Assimilation nutrient aquistion	Nitrogen fixation, organic nitrogen degradation, inorganic n assimilation	I48	Peptidase; Inhibitors of cysteine endopeptidases
Assimilation nutrient aquistion	Nitrogen fixation, organic nitrogen degradation, inorganic n assimilation	I49	Peptidase; Inhibitors, specificity unknown
Assimilation nutrient aquistion	Nitrogen fixation, organic nitrogen degradation, inorganic n assimilation	I52	Peptidase; strong inhibition of coagulation factor Xa and weak inhibition of other peptidases in family S1 such as trypsin
Assimilation nutrient aquistion	Nitrogen fixation, organic nitrogen degradation, inorganic n assimilation	I53	Peptidase; Inhibitors of the serine-type endopeptidase thrombin; prevent conversion of fibrinogen to fibrin
Assimilation nutrient aquistion	Nitrogen fixation, organic nitrogen degradation, inorganic n assimilation	I54	Peptidase; Inhibitors, specificity unknown
Assimilation nutrient aquistion	Nitrogen fixation, organic nitrogen degradation, inorganic n assimilation	I55	Peptidase; aspartic peptidase inhibitor
Assimilation nutrient aquistion	Nitrogen fixation, organic nitrogen degradation, inorganic n assimilation	I56	Peptidase; Inhibitors, specificity unknown
Assimilation nutrient aquistion	Nitrogen fixation, organic nitrogen degradation, inorganic n assimilation	I57	Peptidase; Inhibitors of cysteine endopeptidases in family C47, the staphopains
Assimilation nutrient aquistion	Nitrogen fixation, organic nitrogen degradation, inorganic n assimilation	I58	Peptidase; Inhibitor of the cysteine endopeptidase, specifically staphopain A
Assimilation nutrient aquistion	Nitrogen fixation, organic nitrogen degradation, inorganic n assimilation	I59	Peptidase; shown to inhibit thrombin; facilitates the feeding of the organism by delaying the clotting of the blood of the host
Assimilation nutrient aquistion	Nitrogen fixation, organic nitrogen degradation, inorganic n assimilation	I60	Peptidase; Inhibitors, specificity unknown
Assimilation nutrient aquistion	Nitrogen fixation, organic nitrogen degradation, inorganic n assimilation	I61	Peptidase; Inhibitors, specificity unknown
Assimilation nutrient aquistion	Nitrogen fixation, organic nitrogen degradation, inorganic n assimilation	I62	Peptidase; Inhibitors, specificity unknown
Assimilation nutrient aquistion	Nitrogen fixation, organic nitrogen degradation, inorganic n assimilation	I64	Peptidase; Proteins that inhibit coagulation
Assimilation nutrient aquistion	Nitrogen fixation, organic nitrogen degradation, inorganic n assimilation	I65	Peptidase; Inhibitors, specificity unknown
Assimilation nutrient aquistion	Nitrogen fixation, organic nitrogen degradation, inorganic n assimilation	I66	Peptidase; Inhibitors, specificity unknown; Members include Lentinus peptidase inhibitor
Assimilation nutrient aquistion	Nitrogen fixation, organic nitrogen degradation, inorganic n assimilation	I67	Peptidase; Inhibitors of cysteine endopeptidases, specifically stem bromelain as well as weak inhibition of trypsin
Assimilation nutrient aquistion	Nitrogen fixation, organic nitrogen degradation, inorganic n assimilation	I68	Peptidase; Carboxypeptidase inhibitor, specifically those from subfamily M14A; suggested to enhance endogenous fibrinolysis
Assimilation nutrient aquistion	Nitrogen fixation, organic nitrogen degradation, inorganic n assimilation	I69	Peptidase; Inhibitors, specificity unknown; has been shown prevoiouslt to inhibit streptopain
Assimilation nutrient aquistion	Nitrogen fixation, organic nitrogen degradation, inorganic n assimilation	I70	Peptidase; Inhibitors, specificity unknown
Assimilation nutrient aquistion	Nitrogen fixation, organic nitrogen degradation, inorganic n assimilation	I71	Peptidase; Cysteine peptidase inhibitors from family C1 and calpain from family C2
Assimilation nutrient aquistion	Nitrogen fixation, organic nitrogen degradation, inorganic n assimilation	I72	Peptidase; Inhibitors of the serine peptidase thrombin
Assimilation nutrient aquistion	Nitrogen fixation, organic nitrogen degradation, inorganic n assimilation	I73	Peptidase; Inhibitors of serine-type endopeptidases
Assimilation nutrient aquistion	Nitrogen fixation, organic nitrogen degradation, inorganic n assimilation	I74	Peptidase; Inhibitors of the serine-type endopeptidase thrombin; Thrombin is the final peptidase in the blood coagulation cascade in mammals
Assimilation nutrient aquistion	Nitrogen fixation, organic nitrogen degradation, inorganic n assimilation	I76	Peptidase; Inhibitors of the serine-type endopeptidase thrombin; Thrombin is the final peptidase in the blood coagulation cascade in mammals
Assimilation nutrient aquistion	Nitrogen fixation, organic nitrogen degradation, inorganic n assimilation	I77	Peptidase; Inhibitors of the serine-type endopeptidase thrombin; Thrombin is the final peptidase in the blood coagulation cascade in mammals
Assimilation nutrient aquistion	Nitrogen fixation, organic nitrogen degradation, inorganic n assimilation	I78	Peptidase; Inhibitors of serine-type endopeptidases
Assimilation nutrient aquistion	Nitrogen fixation, organic nitrogen degradation, inorganic n assimilation	I79	Peptidase; Inhibitors of cysteine peptidases from family C1 (especially PIP1 and RCR3); host defensive protein that is secreted to the apoplast and initiates a hypersensitive response in the presence of the Avr2 inhibitor and the RCR3 peptidase
Assimilation nutrient aquistion	Nitrogen fixation, organic nitrogen degradation, inorganic n assimilation	I80	Peptidase; Inhibitors, specificity unknown
Assimilation nutrient aquistion	Nitrogen fixation, organic nitrogen degradation, inorganic n assimilation	I81	Peptidase; Inhibitors of cysteine endopeptidases from family C1 (especially TgCPL peptidase)
Assimilation nutrient aquistion	Nitrogen fixation, organic nitrogen degradation, inorganic n assimilation	I82	Peptidase; Inhibitors, specificity unknown
Assimilation nutrient aquistion	Nitrogen fixation, organic nitrogen degradation, inorganic n assimilation	I83	Peptidase; Inhibitors of serine endopeptidases; Inlcude peptidases involved in Insect defence mechanisms against pathogenic attack
Assimilation nutrient aquistion	Nitrogen fixation, organic nitrogen degradation, inorganic n assimilation	I84	Peptidase; serine peptidases from family S8 (especially perkisin) and trypsin from S1
Assimilation nutrient aquistion	Nitrogen fixation, organic nitrogen degradation, inorganic n assimilation	I85	Peptidase; inhibit cysteine peptidases from family C1 and trypsins; generally called macrocypins
Assimilation nutrient aquistion	Nitrogen fixation, organic nitrogen degradation, inorganic n assimilation	I86	Peptidase; Inhibitors, specificity unknown
Assimilation nutrient aquistion	Nitrogen fixation, organic nitrogen degradation, inorganic n assimilation	I88	Peptidase; Serine endopeptidase inhibitors
Assimilation nutrient aquistion	Nitrogen fixation, organic nitrogen degradation, inorganic n assimilation	I89	Peptidase; Inhibitors, specificity unknown
Assimilation nutrient aquistion	Nitrogen fixation, organic nitrogen degradation, inorganic n assimilation	I90	Peptidase; Inhibitors of trypsin
Assimilation nutrient aquistion	Nitrogen fixation, organic nitrogen degradation, inorganic n assimilation	I92	Peptidase; Inhibitors, specificity unknown
Assimilation nutrient aquistion	Nitrogen fixation, organic nitrogen degradation, inorganic n assimilation	I93	Peptidase; Inhibitors of metallopeptidases
Assimilation nutrient aquistion	Nitrogen fixation, organic nitrogen degradation, inorganic n assimilation	I94	Peptidase; Inhibitors, specificity unknown
Assimilation nutrient aquistion	Nitrogen fixation, organic nitrogen degradation, inorganic n assimilation	I95	Peptidase; Inhibitors, specificity unknown
Assimilation nutrient aquistion	Nitrogen fixation, organic nitrogen degradation, inorganic n assimilation	I96	Peptidase; Inhibitors, specificity unknown; extracellular adherence protein
Assimilation nutrient aquistion	Nitrogen fixation, organic nitrogen degradation, inorganic n assimilation	I98	Peptidase; Inhibitors, specificity unknown; extracellular adherence protein
Assimilation nutrient aquistion	Nitrogen fixation, organic nitrogen degradation, inorganic n assimilation	I99	Peptidase; Inhibitors, specificity unknown
Assimilation nutrient aquistion	Nitrogen fixation, organic nitrogen degradation, inorganic n assimilation	M01	Peptidase; Catlytic type: Metallo; each is capable of releasing a variety of residues; none have been shown to hydrolyse Xaa-Pro-bonds
Assimilation nutrient aquistion	Nitrogen fixation, organic nitrogen degradation, inorganic n assimilation	M02	Peptidase; Catlytic type: Metallo; exopeptidases acting near the C-terminus of oligopeptides
Assimilation nutrient aquistion	Nitrogen fixation, organic nitrogen degradation, inorganic n assimilation	M04	Peptidase; Catlytic type: Metallo; cleave of Xaa+Yaa, in which Xaa is a hydrophobic residue and Yaa is Leu, Phe, Ile, or Val; secreted enzymes that degrade extracellular proteins and peptides for bacterial nutrition; member is thermolysin
Assimilation nutrient aquistion	Nitrogen fixation, organic nitrogen degradation, inorganic n assimilation	M05	Peptidase; Catlytic type: Metallo; a member is mycolysin
Assimilation nutrient aquistion	Nitrogen fixation, organic nitrogen degradation, inorganic n assimilation	M06	Peptidase; Catlytic type: Metallo; digesting two classes of antibacterial humoral factors: cecropins and attacins, with no specific cleaving pattern; may contribute to the virulence of Bacillus thuringiensis
Assimilation nutrient aquistion	Nitrogen fixation, organic nitrogen degradation, inorganic n assimilation	M07	Peptidase; Catlytic type: Metallo; a member is snapalysin; only known activity is cleavage of proteins of skimmed milk
Assimilation nutrient aquistion	Nitrogen fixation, organic nitrogen degradation, inorganic n assimilation	M08	Peptidase; Catlytic type: Metallo; P1 residue at a site of cleavage is often Leu, Ile or Val, and Lys in P3 or P4 may be favourable; most abundant surface protein of leishmania promastigotes and contributes to its virulence
Assimilation nutrient aquistion	Nitrogen fixation, organic nitrogen degradation, inorganic n assimilation	M09B	Peptidase; Catlytic type: Metallo; Vibrio collegenases cleave at XaaGly bond in the alpha-1 chain type of collagen; Clostridium collegenases cleave all three collagens at Yaa-Gly bonds in the repeating Gly-Xaa-Yaa collagen sequence
Assimilation nutrient aquistion	Nitrogen fixation, organic nitrogen degradation, inorganic n assimilation	M09A	Peptidase; Catlytic type: Metallo; Vibrio collegenases cleave at XaaGly bond in the alpha-1 chain type of collagen; Clostridium collegenases cleave all three collagens at Yaa-Gly bonds in the repeating Gly-Xaa-Yaa collagen sequence
Assimilation nutrient aquistion	Nitrogen fixation, organic nitrogen degradation, inorganic n assimilation	M100	Peptidase; Catlytic type: Metallo; a member is spartan peptidase (Homo sapiens)
Assimilation nutrient aquistion	Nitrogen fixation, organic nitrogen degradation, inorganic n assimilation	M101	Peptidase; Catlytic type: Metallo; a member is flagellinolysin (Clostridium haemolyticum)
Assimilation nutrient aquistion	Nitrogen fixation, organic nitrogen degradation, inorganic n assimilation	M102	Peptidase; Catlytic type: Metallo; a member is DA1 peptidase (Arabidopsis thaliana)
Assimilation nutrient aquistion	Nitrogen fixation, organic nitrogen degradation, inorganic n assimilation	M11	Peptidase; Catlytic type: Metallo; degrades the proline- and hydroxyproline-rich proteins of the algal cell wall; a member is Gametolysin; degradation of the cell wall allows the release of gametes
Assimilation nutrient aquistion	Nitrogen fixation, organic nitrogen degradation, inorganic n assimilation	M17	Peptidase; Catlytic type: Metallo; any N-terminal amino acid can be released from dipeptides and polypeptides, although there is a preference for leucine; bonds with proline in P1 are not cleaved; maximally active between pH 9 and 9.5
Assimilation nutrient aquistion	Nitrogen fixation, organic nitrogen degradation, inorganic n assimilation	M18	Peptidase; Catlytic type: Metallo; acting on N-terminal leucine and most other amino acids
Assimilation nutrient aquistion	Nitrogen fixation, organic nitrogen degradation, inorganic n assimilation	M19	Peptidase; Catlytic type: Metallo; cleaves dipeptides and beta-lactams; cleaves dipeptides with D-amino acids in the P1 position; often membrane localized
Assimilation nutrient aquistion	Nitrogen fixation, organic nitrogen degradation, inorganic n assimilation	M22	Peptidase; Catlytic type: Metallo; cleaves only proteins that are {O}-sialoglycosylated; shown to cleave glycophorin A and the leukocyte surface antigens CD34, CD43, CD44 and CD45
Assimilation nutrient aquistion	Nitrogen fixation, organic nitrogen degradation, inorganic n assimilation	M24C	Peptidase; Catlytic type: Metallo
Assimilation nutrient aquistion	Nitrogen fixation, organic nitrogen degradation, inorganic n assimilation	M24B	Peptidase; Catlytic type: Metallo; cleave the bond XaaPro; found in eukaryotes associated with collagen recycling
Assimilation nutrient aquistion	Nitrogen fixation, organic nitrogen degradation, inorganic n assimilation	M24A	Peptidase; Catlytic type: Metallo; cleave the Met-Xaa (where Xaa is any amino acid) bond in the removal of the initiating N-terminal methionine from newly synthesized proteins; essential for the removal of the initiating methionine of many proteins, acting co-translationally in association with the ribosomes
Assimilation nutrient aquistion	Nitrogen fixation, organic nitrogen degradation, inorganic n assimilation	M26	Peptidase; Catlytic type: Metallo; cleaves the heavy chain of human IgA1 at the Pro227-Thr228 bond; tightly associated with the bacterial cell surface
Assimilation nutrient aquistion	Nitrogen fixation, organic nitrogen degradation, inorganic n assimilation	M28F	Peptidase; Catlytic type: Metallo; able to release a variety of N-terminal amino acids
Assimilation nutrient aquistion	Nitrogen fixation, organic nitrogen degradation, inorganic n assimilation	M28E	Peptidase; Catlytic type: Metallo; able to release a variety of N-terminal amino acids
Assimilation nutrient aquistion	Nitrogen fixation, organic nitrogen degradation, inorganic n assimilation	M28D	Peptidase; Catlytic type: Metallo; able to release a variety of N-terminal amino acids
Assimilation nutrient aquistion	Nitrogen fixation, organic nitrogen degradation, inorganic n assimilation	M28C	Peptidase; Catlytic type: Metallo; able to release a variety of N-terminal amino acids, with preference for basic amino acids
Assimilation nutrient aquistion	Nitrogen fixation, organic nitrogen degradation, inorganic n assimilation	M28B	Peptidase; Catlytic type: Metallo; able to release a variety of N-terminal amino acids, with preference for C-terminal glutamates
Assimilation nutrient aquistion	Nitrogen fixation, organic nitrogen degradation, inorganic n assimilation	M28A	Peptidase; Catlytic type: Metallo; able to release a variety of N-terminal amino acids
Assimilation nutrient aquistion	Nitrogen fixation, organic nitrogen degradation, inorganic n assimilation	M29	Peptidase; Catlytic type: Metallo; broad specificity, but preferentially releases Leu, Val, Phe or Tyr; can release Pro but is unable to cleave peptides with Pro in P1. Leu-NHPhNO2 is the usual synthetic substrate
Assimilation nutrient aquistion	Nitrogen fixation, organic nitrogen degradation, inorganic n assimilation	M30	Peptidase; Catlytic type: Metallo; cleaves azocasein and gelatin
Assimilation nutrient aquistion	Nitrogen fixation, organic nitrogen degradation, inorganic n assimilation	M32	Peptidase; Catlytic type: Metallo; hydrolyses amino acids with long side chains most readily
Assimilation nutrient aquistion	Nitrogen fixation, organic nitrogen degradation, inorganic n assimilation	M34	Peptidase; Catlytic type: Metallo; cleaves at the  Xbb-Xbb-Xbb-Xbb-Xaa-Xcc-Xaa+Xcc bond, in which Xaa is any amino acid, Xbb is Lys or Arg, and Xcc is a hydrophobic amino acid
Assimilation nutrient aquistion	Nitrogen fixation, organic nitrogen degradation, inorganic n assimilation	M35	Peptidase; Catlytic type: Metallo; cleaves Xaa-Lys bonds, in which Xaa can even be Pro
Assimilation nutrient aquistion	Nitrogen fixation, organic nitrogen degradation, inorganic n assimilation	M36	Peptidase; Catlytic type: Metallo; hydrolyses laminins, elastin and collagen, with a preference for cleavage on the amino side of hydrophobic residues with bulky side-chains; a member is funalysin
Assimilation nutrient aquistion	Nitrogen fixation, organic nitrogen degradation, inorganic n assimilation	M49	Peptidase; Catlytic type: Metallo; DPPIII releases N-terminal dipeptides sequentially from a peptide.  Angiotensins II and III, Leu-enkephalin, prolactin and alpha-melanocyte-stimulating hormone are readily cleaved, whereas tripeptides are poor substrates and angiotensin I and polypeptides of more than ten residues are not cleaved.  In addition, proline is not accepted in P1 or P1&rsquo; .  The recommended synthetic substrate is Arg-Arg|+|NHMec (<%Chen & Barrett, 2004[20040525A373]%>).; polypeptides of more than ten residues are not cleaved and proline in the P1 or P1 position will not cleave
Assimilation nutrient aquistion	Nitrogen fixation, organic nitrogen degradation, inorganic n assimilation	M50B	Peptidase; Catlytic type: Metallo; activates the factor sigmaK precursor by cleaving off a 20-residue propeptide; cleavage occurs within, or very close to, membranes
Assimilation nutrient aquistion	Nitrogen fixation, organic nitrogen degradation, inorganic n assimilation	M50A	Peptidase; Catlytic type: Metallo; cleaves a Leu-Cys bond in the first transmembrane helix of the substrate; cleavage occurs within, or very close to, membranes
Assimilation nutrient aquistion	Nitrogen fixation, organic nitrogen degradation, inorganic n assimilation	M54	Peptidase; Catlytic type: Metallo; eukaryote archelysin has a preference for arginine in P1; the AMZ1 protein cleaves alanyl bonds
Assimilation nutrient aquistion	Nitrogen fixation, organic nitrogen degradation, inorganic n assimilation	M55	Peptidase; Catlytic type: Metallo; cleaves D-Ala-D-Ala and D-Ala-Gly-Gly
Assimilation nutrient aquistion	Nitrogen fixation, organic nitrogen degradation, inorganic n assimilation	M57	Peptidase; Catlytic type: Metallo
Assimilation nutrient aquistion	Nitrogen fixation, organic nitrogen degradation, inorganic n assimilation	M61	Peptidase; Catlytic type: Metallo; hydrolyses a broad range of N-terminal amino acids, but shows a preference for glycine or alanine; degradation of extracellular proteins for uptake of amino acids
Assimilation nutrient aquistion	Nitrogen fixation, organic nitrogen degradation, inorganic n assimilation	M64	Peptidase; Catlytic type: Metallo; cleaves both the alpha1 and alpha2 A2m(1) heavy chains at the Val-Pro-Cys-Pro221Val222 peptide bond located just before the hinge region; may help the organisms to exist as a commensal organism in the human intestine
Assimilation nutrient aquistion	Nitrogen fixation, organic nitrogen degradation, inorganic n assimilation	M66	Peptidase; Catlytic type: Metallo; cleavse C1 esterase inhibitor
Assimilation nutrient aquistion	Nitrogen fixation, organic nitrogen degradation, inorganic n assimilation	M72	Peptidase; Catlytic type: Metallo; cleaves peptide bonds at the amino side of aspartate or cysteic acid
Assimilation nutrient aquistion	Nitrogen fixation, organic nitrogen degradation, inorganic n assimilation	M73	Peptidase; Catlytic type: Metallo; cleaves proteins such as caseins, actin and collagen type I, with preference for bonds with an aliphatic or hydrophilic residue in P1
Assimilation nutrient aquistion	Nitrogen fixation, organic nitrogen degradation, inorganic n assimilation	M74	Peptidase; Catlytic type: Metallo; hydrolyses the Ala-D-Glu-meso-diaminopimelateD-Ala bond in the crosslinking peptide and the Ala-D-Glu-meso-diaminopimelatemeso-diaminopimelate-D-Glu-Ala bond between crosslinking peptides
Assimilation nutrient aquistion	Nitrogen fixation, organic nitrogen degradation, inorganic n assimilation	M75	Peptidase; Catlytic type: Metallo; cleaves the oxidized insulin B chain with a preference for aromatic hydrophobic amino acids at P1
Assimilation nutrient aquistion	Nitrogen fixation, organic nitrogen degradation, inorganic n assimilation	M76	Peptidase; Catlytic type: Metallo; processes the mitochondrially-encoded, subunit Atp6 of the F1FO-ATP synthase
Assimilation nutrient aquistion	Nitrogen fixation, organic nitrogen degradation, inorganic n assimilation	M77	Peptidase; Catlytic type: Metallo
Assimilation nutrient aquistion	Nitrogen fixation, organic nitrogen degradation, inorganic n assimilation	M80	Peptidase; Catlytic type: Metallo
Assimilation nutrient aquistion	Nitrogen fixation, organic nitrogen degradation, inorganic n assimilation	M81	Peptidase; Catlytic type: Metallo; degrades both microcystins LR and LA
Assimilation nutrient aquistion	Nitrogen fixation, organic nitrogen degradation, inorganic n assimilation	M82	Peptidase; Catlytic type: Metallo; inactivates the anti-sigma factor RsiW by performing the first of several cleavages
Assimilation nutrient aquistion	Nitrogen fixation, organic nitrogen degradation, inorganic n assimilation	M84	Peptidase; Catlytic type: Metallo; The only proteolytic activity reported is against azocasein
Assimilation nutrient aquistion	Nitrogen fixation, organic nitrogen degradation, inorganic n assimilation	M85	Peptidase; Catlytic type: Metallo; cleaves the p65 subunit of NF-kappaB, but cleavage positions have not been identified
Assimilation nutrient aquistion	Nitrogen fixation, organic nitrogen degradation, inorganic n assimilation	M87	Peptidase; Catlytic type: Metallo; Self-cleavage occurs at a well-conserved site, in which P1 is basic or Gly, P1 is small (predominantly Gly or Ala), P2 is hydrophobic, P3 is Tyr and P6 is Gl
Assimilation nutrient aquistion	Nitrogen fixation, organic nitrogen degradation, inorganic n assimilation	M88	Peptidase; Catlytic type: Metallo; protects the bacterium from immunological attack by impairing the extravasation of neutrophils
Assimilation nutrient aquistion	Nitrogen fixation, organic nitrogen degradation, inorganic n assimilation	M90	Peptidase; Catlytic type: Metallo; member is MtfA peptidase, involved in control of the glucose-phosphotransferase system
Assimilation nutrient aquistion	Nitrogen fixation, organic nitrogen degradation, inorganic n assimilation	M91	Peptidase; Catlytic type: Metallo; secreted by type III secretion systems in E. coli
Assimilation nutrient aquistion	Nitrogen fixation, organic nitrogen degradation, inorganic n assimilation	M93	Peptidase; Catlytic type: Metallo
Assimilation nutrient aquistion	Nitrogen fixation, organic nitrogen degradation, inorganic n assimilation	M95	Peptidase; Catlytic type: Metallo; member is abylysin (Pyrococcus abyssi)
Assimilation nutrient aquistion	Nitrogen fixation, organic nitrogen degradation, inorganic n assimilation	M96	Peptidase; Catlytic type: Metallo; N-terminal octapeptide is removed from the Wnt-3a protein, with cleavage occurring at at Leu+Ala bond
Assimilation nutrient aquistion	Nitrogen fixation, organic nitrogen degradation, inorganic n assimilation	M97	Peptidase; Catlytic type: Metallo; a member is EcxAB peptidase (Escherichia coli)
Assimilation nutrient aquistion	Nitrogen fixation, organic nitrogen degradation, inorganic n assimilation	M98	Peptidase; Catlytic type: Metallo; a member is YghJ g.p. (Escherichia coli)
Assimilation nutrient aquistion	Nitrogen fixation, organic nitrogen degradation, inorganic n assimilation	M99	Peptidase; Catlytic type: Metallo; a member is Csd4 peptidase (Helicobacter pylori)
Assimilation nutrient aquistion	Nitrogen fixation, organic nitrogen degradation, inorganic n assimilation	N06	Peptidase; Catlytic type: Asparagine; cleaves  at the tetrapeptide Asn+Pro-Thr-His; essential for mediating the switch in the secretion of proteins in the type III secretion system
Assimilation nutrient aquistion	Nitrogen fixation, organic nitrogen degradation, inorganic n assimilation	P01	Peptidase; Catlytic type: Mixed (C, S, T) catalytic type; releases amino acid residues in the L-configuration in its action on peptides; part of the general peptidase pool
Assimilation nutrient aquistion	Nitrogen fixation, organic nitrogen degradation, inorganic n assimilation	P02B	Peptidase; Catlytic type: Mixed (C, S, T) catalytic type; polycystin-1
Assimilation nutrient aquistion	Nitrogen fixation, organic nitrogen degradation, inorganic n assimilation	P02A	Peptidase; Catlytic type: Mixed (C, S, T) catalytic type; EGF-like module containing mucin-like hormone receptor-like 2
Assimilation nutrient aquistion	Nitrogen fixation, organic nitrogen degradation, inorganic n assimilation	S10	Peptidase; Catlytic type: Serine; preference for hydrophobic residues in positions P1 and P1 OR  preference for the basic amino acids either side of the scissile bond
Assimilation nutrient aquistion	Nitrogen fixation, organic nitrogen degradation, inorganic n assimilation	S13	Peptidase; Catlytic type: Serine; hydrolyses the D-Ala-D-Ala bond in the cross-linking peptide precursor OR degrades this D-Ala-meso-2,6-diaminopimelate bond
Assimilation nutrient aquistion	Nitrogen fixation, organic nitrogen degradation, inorganic n assimilation	S15	Peptidase; Catlytic type: Serine; cleaves Xaa-Pro from the N-terminus of peptides provided that there is not a Pro in the P2 or P1 positions; plays important role in degradation of casein
Assimilation nutrient aquistion	Nitrogen fixation, organic nitrogen degradation, inorganic n assimilation	S37	Peptidase; Catlytic type: Serine; activate the transglutaminase precursor by removal of a leading tri- or tetrapeptide
Assimilation nutrient aquistion	Nitrogen fixation, organic nitrogen degradation, inorganic n assimilation	S41B	Peptidase; Catlytic type: Serine; recognizes a C-terminal tripeptide, Xaa-Yaa-Zaa, in which Xaa is preferably Ala or Leu, Yaa is preferably Ala or Tyr and Zaa is preferably Ala and cleaves at a variable distance from the C-terminus; important for the degradation of incorrectly synthesized proteins
Assimilation nutrient aquistion	Nitrogen fixation, organic nitrogen degradation, inorganic n assimilation	S41A	Peptidase; Catlytic type: Serine; recognizes a C-terminal tripeptide, Xaa-Yaa-Zaa, in which Xaa is preferably Ala or Leu, Yaa is preferably Ala or Tyr and Zaa is preferably Ala and cleaves at a variable distance from the C-terminus; important for the degradation of incorrectly synthesized proteins
Assimilation nutrient aquistion	Nitrogen fixation, organic nitrogen degradation, inorganic n assimilation	S45	Peptidase; Catlytic type: Serine; amino side of the catalytic serine is cleaved in an intramolecular reaction, and then there is an intermolecular cleavage of a bond further toward the N-terminus; a member is penicillin G acylase precursor (Escherichia coli)
Assimilation nutrient aquistion	Nitrogen fixation, organic nitrogen degradation, inorganic n assimilation	S46	Peptidase; Catlytic type: Serine; long peptides and N-terminally blocked peptides are not cleaved
Assimilation nutrient aquistion	Nitrogen fixation, organic nitrogen degradation, inorganic n assimilation	S48	Peptidase; Catlytic type: Serine
Assimilation nutrient aquistion	Nitrogen fixation, organic nitrogen degradation, inorganic n assimilation	S51	Peptidase; Catlytic type: Serine; hydrolyses Asp-Xaa dipeptides in which Xaa is not Glu, Asn or Gln; nutritional function in bacteria
Assimilation nutrient aquistion	Nitrogen fixation, organic nitrogen degradation, inorganic n assimilation	S55	Peptidase; Catlytic type: Serine
Assimilation nutrient aquistion	Nitrogen fixation, organic nitrogen degradation, inorganic n assimilation	S59	Peptidase; Catlytic type: Serine; cleaves at the Phe-Ser bond within the active site motif
Assimilation nutrient aquistion	Nitrogen fixation, organic nitrogen degradation, inorganic n assimilation	S60	Peptidase; Catlytic type: Serine; cleaves at arginyl and lysyl bonds
Assimilation nutrient aquistion	Nitrogen fixation, organic nitrogen degradation, inorganic n assimilation	S63	Peptidase; Catlytic type: Serine
Assimilation nutrient aquistion	Nitrogen fixation, organic nitrogen degradation, inorganic n assimilation	S64	Peptidase; Catlytic type: Serine; Ssy5 peptidase is believed to cleave both itself and the Stp1 protein within a motif that is conserved between the two proteins; this contains the sequence PISMS that is required for cleavage to take place; plays a key role in the adaptive response of Saccharomyces cerevisiae and likely other fungi
Assimilation nutrient aquistion	Nitrogen fixation, organic nitrogen degradation, inorganic n assimilation	S66	Peptidase; Catlytic type: Serine; hydrolyses the bond to the C-terminal D-Ala in tetrapeptide peptidoglycan fragments that contain an L-configured residue (lysine or meso-diaminopimelic acid) that is attached a C-terminal D-alanine residue; produced when bacterial cell walls are degraded
Assimilation nutrient aquistion	Nitrogen fixation, organic nitrogen degradation, inorganic n assimilation	S68	Peptidase; Catlytic type: Serine; autolyses at two Ser-Trp bonds; proteolysis leads to activation of cell survival or apoptotic pathways
Assimilation nutrient aquistion	Nitrogen fixation, organic nitrogen degradation, inorganic n assimilation	S70	Peptidase; Catlytic type: Serine; a member is LepA
Assimilation nutrient aquistion	Nitrogen fixation, organic nitrogen degradation, inorganic n assimilation	S71	Peptidase; Catlytic type: Serine; autolytic cleavage at Gly-Ser bond; involved in the synthesis of Mucin 1
Assimilation nutrient aquistion	Nitrogen fixation, organic nitrogen degradation, inorganic n assimilation	S72	Peptidase; Catlytic type: Serine; cleaves at arginyl and lysyl bonds
Assimilation nutrient aquistion	Nitrogen fixation, organic nitrogen degradation, inorganic n assimilation	S79	Peptidase; Catlytic type: Serine; autoactivation
Assimilation nutrient aquistion	Nitrogen fixation, organic nitrogen degradation, inorganic n assimilation	S82	Peptidase; Catlytic type: Serine
Assimilation nutrient aquistion	Nitrogen fixation, organic nitrogen degradation, inorganic n assimilation	T02	Peptidase; Catlytic type: Threonine; hydrolyses the GlcNAc+Asn (the natural linkage structure between protein and carbohydrate in Asn-linked glycoproteins) and taspase-1 which cleaves aspartyl bonds D+GADD and D+GVDD
Assimilation nutrient aquistion	Nitrogen fixation, organic nitrogen degradation, inorganic n assimilation	T05	Peptidase; Catlytic type: Threonine
Assimilation nutrient aquistion	Nitrogen fixation, organic nitrogen degradation, inorganic n assimilation	T06	Peptidase; Catlytic type: Threonine; cleaves itself at the Leu3048|+|Thr bond; cleavage occurs in the endoplasmic reticulum or the Golgi
Assimilation nutrient aquistion	Nitrogen fixation, organic nitrogen degradation, inorganic n assimilation	T07	Peptidase; Catlytic type: Threonine
Assimilation nutrient aquistion	Nitrogen fixation, organic nitrogen degradation, inorganic n assimilation	T08	Peptidase; Catlytic type: Threonine; member is HopB1 g.p. (Pseudomonas syringae)
Assimilation nutrient aquistion	Nitrogen fixation, organic nitrogen degradation, inorganic n assimilation	U49	Peptidase; cleaves domain I of elongation factor Tu; important role in bacterial cell death
Assimilation nutrient aquistion	Nitrogen fixation, organic nitrogen degradation, inorganic n assimilation	U56	Peptidase; hydrolyses substrates of chymotrypsin, trypsin, and casein
Assimilation nutrient aquistion	Nitrogen fixation, organic nitrogen degradation, inorganic n assimilation	U57	Peptidase; SpoIVA and YrbA are degraded during stage IV of the sporulation process
Assimilation nutrient aquistion	Nitrogen fixation, organic nitrogen degradation, inorganic n assimilation	U62	Peptidase; Catlytic type: Metallo; cleaves the bacteriocin microcin B17 precursor at Gly26|+|Val27
Assimilation nutrient aquistion	Nitrogen fixation, organic nitrogen degradation, inorganic n assimilation	U69	Peptidase; Self-processing occurs at the Ser846|+|Ala bond.
Assimilation nutrient aquistion	Nitrogen fixation, organic nitrogen degradation, inorganic n assimilation	U72	Peptidase; Pup (prokaryotic ubiquitin-like protein) tags bacterial protiens for degradation. ; In releasing Pup from conjugates, Dop acts as an isopeptidase.  In degradation of Pup, Dop acts as an endopeptidase.
Assimilation nutrient aquistion	Nitrogen fixation, organic nitrogen degradation, inorganic n assimilation	U74	Peptidase; Catlytic type: Peptidase of unknown catalytic type
Assimilation nutrient aquistion	Nitrogen fixation, organic nitrogen degradation, inorganic n assimilation	U75	Peptidase; Catlytic type: Peptidase of unknown catalytic type
Assimilation nutrient aquistion	Nitrogen fixation, organic nitrogen degradation, inorganic n assimilation	A02H	Peptidase; Catlytic type: Aspartate; maximally active in the range pH 4-6
Assimilation nutrient aquistion	Nitrogen fixation, organic nitrogen degradation, inorganic n assimilation	A02G	Peptidase; Catlytic type: Aspartate; maximally active in the range pH 4-6
Assimilation nutrient aquistion	Nitrogen fixation, organic nitrogen degradation, inorganic n assimilation	A02F	Peptidase; Catlytic type: Aspartate; maximally active in the range pH 4-6
Assimilation nutrient aquistion	Nitrogen fixation, organic nitrogen degradation, inorganic n assimilation	A02E	Peptidase; Catlytic type: Aspartate; maximally active in the range pH 4-6
Assimilation nutrient aquistion	Nitrogen fixation, organic nitrogen degradation, inorganic n assimilation	A02D	Peptidase; Catlytic type: Aspartate; maximally active in the range pH 4-6
Assimilation nutrient aquistion	Nitrogen fixation, organic nitrogen degradation, inorganic n assimilation	A02C	Peptidase; Catlytic type: Aspartate; maximally active in the range pH 4-6
Assimilation nutrient aquistion	Nitrogen fixation, organic nitrogen degradation, inorganic n assimilation	A02B	Peptidase; Catlytic type: Aspartate; maximally active in the range pH 4-6
Assimilation nutrient aquistion	Nitrogen fixation, organic nitrogen degradation, inorganic n assimilation	A02A	Peptidase; Catlytic type: Aspartate; maximally active in the range pH 4-6
Assimilation nutrient aquistion	Nitrogen fixation, organic nitrogen degradation, inorganic n assimilation	A03B	Peptidase; Catlytic type: Aspartate; Several cleavage sites are thought to exist; The peptidases in family A3 are the polyprotein-processing endopeptidases of the pararetroviruses; LeuAla cleavage site found within a highly hydrophobic region has been identified for one member
Assimilation nutrient aquistion	Nitrogen fixation, organic nitrogen degradation, inorganic n assimilation	A03A	Peptidase; Catlytic type: Aspartate; Several cleavage sites are thought to exist; The peptidases in family A3 are the polyprotein-processing endopeptidases of the pararetroviruses; LeuAla cleavage site found within a highly hydrophobic region has been identified for one member
Assimilation nutrient aquistion	Nitrogen fixation, organic nitrogen degradation, inorganic n assimilation	A11B	Peptidase; Catlytic type: Aspartate; performs all the cleavages that occur in the polyproteins; initial cleavage in the Gag-Pol polyprotein exposes the N-terminus of the endopeptidase and is an essential prerequisite for the other cleavages to occur
Assimilation nutrient aquistion	Nitrogen fixation, organic nitrogen degradation, inorganic n assimilation	A11A	Peptidase; Catlytic type: Aspartate; performs all the cleavages that occur in the polyproteins; initial cleavage in the Gag-Pol polyprotein exposes the N-terminus of the endopeptidase and is an essential prerequisite for the other cleavages to occur
Assimilation nutrient aquistion	Nitrogen fixation, organic nitrogen degradation, inorganic n assimilation	A22B	Peptidase; Catlytic type: Aspartate; See Additional Information; Functional in Alzheimer's disease; Beta peptides are derived from an internal segment (about 42 amino acids) of the large Alzheimers precursor protein that is excised by peptidase activities known as 'beta-secretase' (cleaving at the N-terminus of the beta-peptide) and 'gamma-secretase' (cleaving at the C-terminus). The gamma-secretase cleavage occurs in a transmembrane segment of the APP, and is mediated by presenilin in complex with nicastrin, APH-1 and PEN-2. A third activity termed 'alpha-secretase' degrades the beta-peptide, making it harmless. More than one individual peptidase may be responsible for each of the secretase activities.
Assimilation nutrient aquistion	Nitrogen fixation, organic nitrogen degradation, inorganic n assimilation	A22A	Peptidase; Catlytic type: Aspartate; See Additional Information; Functional in Alzheimer's disease; Beta peptides are derived from an internal segment (about 42 amino acids) of the large Alzheimers precursor protein that is excised by peptidase activities known as 'beta-secretase' (cleaving at the N-terminus of the beta-peptide) and 'gamma-secretase' (cleaving at the C-terminus). The gamma-secretase cleavage occurs in a transmembrane segment of the APP, and is mediated by presenilin in complex with nicastrin, APH-1 and PEN-2. A third activity termed 'alpha-secretase' degrades the beta-peptide, making it harmless. More than one individual peptidase may be responsible for each of the secretase activities.
Assimilation nutrient aquistion	Nitrogen fixation, organic nitrogen degradation, inorganic n assimilation	A33	Peptidase; Catlytic type: Aspartate
Assimilation nutrient aquistion	Nitrogen fixation, organic nitrogen degradation, inorganic n assimilation	C01B	Peptidase; Catlytic type: Cysteine; Dominant specificity subsite in most of the peptidases of subfamily C1A is S2; Family C1 peptidases contribute proteolytic activity to the digestive vacuoles of protozoa and to the lysosomal system of eukaryotic cells
Assimilation nutrient aquistion	Nitrogen fixation, organic nitrogen degradation, inorganic n assimilation	C01A	Peptidase; Catlytic type: Cysteine; Dominant specificity subsite in most of the peptidases of subfamily C1A is S2; Family C1 peptidases contribute proteolytic activity to the digestive vacuoles of protozoa and to the lysosomal system of eukaryotic cells
Assimilation nutrient aquistion	Nitrogen fixation, organic nitrogen degradation, inorganic n assimilation	C02B	Peptidase; Catlytic type: Cysteine; hydrophobic residues (Tyr, Met, Leu, Val) and also Arg tend to be found in the P2 position; dependent on neutral pH
Assimilation nutrient aquistion	Nitrogen fixation, organic nitrogen degradation, inorganic n assimilation	C02A	Peptidase; Catlytic type: Cysteine; hydrophobic residues (Tyr, Met, Leu, Val) and also Arg tend to be found in the P2 position; dependent on neutral pH
Assimilation nutrient aquistion	Nitrogen fixation, organic nitrogen degradation, inorganic n assimilation	C03H	Peptidase; Catlytic type: Cysteine; Bonds cleaved in processing the viral polyprotein are commonly -Gln-Gly-
Assimilation nutrient aquistion	Nitrogen fixation, organic nitrogen degradation, inorganic n assimilation	C03G	Peptidase; Catlytic type: Cysteine; Bonds cleaved in processing the viral polyprotein are commonly -Gln-Gly-
Assimilation nutrient aquistion	Nitrogen fixation, organic nitrogen degradation, inorganic n assimilation	C03F	Peptidase; Catlytic type: Cysteine; Bonds cleaved in processing the viral polyprotein are commonly -Gln-Gly-
Assimilation nutrient aquistion	Nitrogen fixation, organic nitrogen degradation, inorganic n assimilation	C03E	Peptidase; Catlytic type: Cysteine; Bonds cleaved in processing the viral polyprotein are commonly -Gln-Gly-
Assimilation nutrient aquistion	Nitrogen fixation, organic nitrogen degradation, inorganic n assimilation	C03D	Peptidase; Catlytic type: Cysteine; Bonds cleaved in processing the viral polyprotein are commonly -Gln-Gly-
Assimilation nutrient aquistion	Nitrogen fixation, organic nitrogen degradation, inorganic n assimilation	C03C	Peptidase; Catlytic type: Cysteine; Bonds cleaved in processing the viral polyprotein are commonly -Gln-Gly-
Assimilation nutrient aquistion	Nitrogen fixation, organic nitrogen degradation, inorganic n assimilation	C03B	Peptidase; Catlytic type: Cysteine; Bonds cleaved in processing the viral polyprotein are commonly -Gln-Gly-
Assimilation nutrient aquistion	Nitrogen fixation, organic nitrogen degradation, inorganic n assimilation	C03A	Peptidase; Catlytic type: Cysteine; Bonds cleaved in processing the viral polyprotein are commonly -Gln-Gly-
Assimilation nutrient aquistion	Nitrogen fixation, organic nitrogen degradation, inorganic n assimilation	C04	Peptidase; Catlytic type: Cysteine; cleavage of GlnGly bonds in the processing of the viral polyprotein
Assimilation nutrient aquistion	Nitrogen fixation, organic nitrogen degradation, inorganic n assimilation	C05	Peptidase; Catlytic type: Cysteine; cleaves Xaa-Xbb-Gly-Xbb-Xbb type bonds, where Xaa is Met, Leu or Ile and Xbb is any amino acid ; processes the virus protein precursors by removing an N-terminal propeptide
Assimilation nutrient aquistion	Nitrogen fixation, organic nitrogen degradation, inorganic n assimilation	C06	Peptidase; Catlytic type: Cysteine; cleavage site is -Tyr-Xaa-GlyGly-; serves a function in viral infectivity
Assimilation nutrient aquistion	Nitrogen fixation, organic nitrogen degradation, inorganic n assimilation	C07	Peptidase; Catlytic type: Cysteine; cleaves a single Gly|+|Gly bond; p29 peptidase is autocatylitically released during translation from the small polyprotein of the virus
Assimilation nutrient aquistion	Nitrogen fixation, organic nitrogen degradation, inorganic n assimilation	C08	Peptidase; Catlytic type: Cysteine; cleaves of a single Gly-Ala bond; p48 endopeptidase is autocatylitically released from the small polyprotein
Assimilation nutrient aquistion	Nitrogen fixation, organic nitrogen degradation, inorganic n assimilation	C09	Peptidase; Catlytic type: Cysteine; cleaves at (Ala/Ile)-Gly-(Ala/Cys/Gly)(Ala/Tyr) site in the viral nonstructural polyproteins
Assimilation nutrient aquistion	Nitrogen fixation, organic nitrogen degradation, inorganic n assimilation	C104	Peptidase; Catlytic type: Cysteine; cleaves the cell wall cross-linking peptide between D-Ala and Ala ; can cross epithelial cell membranes
Assimilation nutrient aquistion	Nitrogen fixation, organic nitrogen degradation, inorganic n assimilation	C105	Peptidase; Catlytic type: Cysteine; Processing of polyprotein occurs at two glycyl bonds
Assimilation nutrient aquistion	Nitrogen fixation, organic nitrogen degradation, inorganic n assimilation	C107	Peptidase; Catlytic type: Cysteine; preference for Asn in P2 and cleaves the polyprotein at two sites
Assimilation nutrient aquistion	Nitrogen fixation, organic nitrogen degradation, inorganic n assimilation	C108	Peptidase; Catlytic type: Cysteine; important for processing the N-terminal extension of ribosomal protein L27
Assimilation nutrient aquistion	Nitrogen fixation, organic nitrogen degradation, inorganic n assimilation	C113	Peptidase; Catlytic type: Cysteine; member is IgdE peptidase
Assimilation nutrient aquistion	Nitrogen fixation, organic nitrogen degradation, inorganic n assimilation	C14B	Peptidase; Catlytic type: Cysteine; All the peptidases of family C14 have a strict requirement for the amino acid in P1 to be aspartate, however  the substrate specificities of the individual caspases are distinct and determined by the residues present in the pockets of P2, P3 and P4.; caspases that have strict specificity for the hydrolysis of aspartyl bonds
Assimilation nutrient aquistion	Nitrogen fixation, organic nitrogen degradation, inorganic n assimilation	C14A	Peptidase; Catlytic type: Cysteine; All the peptidases of family C14 have a strict requirement for the amino acid in P1 to be aspartate, however  the substrate specificities of the individual caspases are distinct and determined by the residues present in the pockets of P2, P3 and P4.; caspases that have strict specificity for the hydrolysis of aspartyl bonds
Assimilation nutrient aquistion	Nitrogen fixation, organic nitrogen degradation, inorganic n assimilation	C16B	Peptidase; Catlytic type: Cysteine; requirement for Phe in P6 in PLP2; Papain-like proteinase 1 and papain-like proteinase are both members of family C16
Assimilation nutrient aquistion	Nitrogen fixation, organic nitrogen degradation, inorganic n assimilation	C16A	Peptidase; Catlytic type: Cysteine; a requirement for Arg or Lys in P5; Papain-like proteinase 1 and papain-like proteinase are both members of family C16
Assimilation nutrient aquistion	Nitrogen fixation, organic nitrogen degradation, inorganic n assimilation	C18	Peptidase; Catlytic type: Cysteine; cleaves at the 2/3 site;  may be an essential step in the replication of hepatitis C virus
Assimilation nutrient aquistion	Nitrogen fixation, organic nitrogen degradation, inorganic n assimilation	C19	Peptidase; Catlytic type: Cysteine; hydrolyse bonds involving the carboxyl group of the C-terminal Gly residue of ubiquitin; intracellular peptidases that remove ubiquitin molecules from polyubiquinated peptides by cleavage of isopeptide bonds
Assimilation nutrient aquistion	Nitrogen fixation, organic nitrogen degradation, inorganic n assimilation	C21	Peptidase; Catlytic type: Cysteine; cleavage of the 206-kDa polyprotein occurs in cis at a Ala-Thr bond; involved in the proteolytic maturation of turnip yellow mosaic virus (TYMV)
Assimilation nutrient aquistion	Nitrogen fixation, organic nitrogen degradation, inorganic n assimilation	C23	Peptidase; Catlytic type: Cysteine; leave in cis but not in trans, and an Ala-Asp cleavage site; peptidases of the family are necessary for the processing of the carlavirus polyproteins
Assimilation nutrient aquistion	Nitrogen fixation, organic nitrogen degradation, inorganic n assimilation	C24	Peptidase; Catlytic type: Cysteine; substrate is the viral polyprotein with the majority of the identified cleavage sites being Glu in P1, and the remainder, Gln;  P1 residue is commonly Gly; refers to single-stranded RNA viruses
Assimilation nutrient aquistion	Nitrogen fixation, organic nitrogen degradation, inorganic n assimilation	C26	Peptidase; Catlytic type: Cysteine; gamma-linked glutamate bonds
Assimilation nutrient aquistion	Nitrogen fixation, organic nitrogen degradation, inorganic n assimilation	C27	Peptidase; Catlytic type: Cysteine; processes the non-structural polyprotein at Gly1300-Gly1301; non-structural polyprotein processing endopeptidase from the rubella virus
Assimilation nutrient aquistion	Nitrogen fixation, organic nitrogen degradation, inorganic n assimilation	C28	Peptidase; Catlytic type: Cysteine; cleaves the host initiation factor eIF-4G firstly at Gly479-Arg480 and then at Lys318-Arg319; processing of viral polyprotein
Assimilation nutrient aquistion	Nitrogen fixation, organic nitrogen degradation, inorganic n assimilation	C30	Peptidase; Catlytic type: Cysteine; requirement for Gln at position P1;P1 may be occupied by small aliphatic residues; P2 Leu is usually found, but may be Ile, Tyr, Val, Phe or Met; P4 may contain Val, Ala, Ser or Tyr; processing of viral polyprotein
Assimilation nutrient aquistion	Nitrogen fixation, organic nitrogen degradation, inorganic n assimilation	C31	Peptidase; Catlytic type: Cysteine; cleaves the polyprotein C-terminal to the catalytic His, producing a 20- to 22-kDa product
Assimilation nutrient aquistion	Nitrogen fixation, organic nitrogen degradation, inorganic n assimilation	C32	Peptidase; Catlytic type: Cysteine; cleaves a Gly-Gly bond just C-terminal to the active site His residue
Assimilation nutrient aquistion	Nitrogen fixation, organic nitrogen degradation, inorganic n assimilation	C33	Peptidase; Catlytic type: Cysteine; cleaves between two Gly residues
Assimilation nutrient aquistion	Nitrogen fixation, organic nitrogen degradation, inorganic n assimilation	C36	Peptidase; Catlytic type: Cysteine; cleaves between the helicase and polymerase domains and is predicted to be 600 amino acids from the C-terminus of the protein
Assimilation nutrient aquistion	Nitrogen fixation, organic nitrogen degradation, inorganic n assimilation	C37	Peptidase; Catlytic type: Cysteine; P1 residues in the cleavage sites are commonly Glu or Gln; responsible for all of the processing reactions in the ORF1 polyproteins of the caliciviruses
Assimilation nutrient aquistion	Nitrogen fixation, organic nitrogen degradation, inorganic n assimilation	C39	Peptidase; Catlytic type: Cysteine; cleave the 'double-glycine' leader peptides from the precursors of various bacteriocins
Assimilation nutrient aquistion	Nitrogen fixation, organic nitrogen degradation, inorganic n assimilation	C40	Peptidase; Catlytic type: Cysteine; hydrolyses substrates of the general structure L-Ala-gamma-D-GluL-Zaa-Yaa, in which Zaa is a di-amino acid such as L-lysine or diaminopimelic acid, and Yaa is D-Ala or D-Ala-D-Ala; expressed during sporulation, and is responsible for the degradation of bacterial cell wall components
Assimilation nutrient aquistion	Nitrogen fixation, organic nitrogen degradation, inorganic n assimilation	C42	Peptidase; Catlytic type: Cysteine; cleaves a single Gly-Gly bond, releasing the N-terminal 66 kDa leader protein, which includes the peptidase; peptidase releases the N-terminal protein from the viral polyprotein
Assimilation nutrient aquistion	Nitrogen fixation, organic nitrogen degradation, inorganic n assimilation	C44	Peptidase; Catlytic type: Cysteine; the only known peptidase activity is the autolytic cleavage of the amidophosphoribosyltransferase precursor protein
Assimilation nutrient aquistion	Nitrogen fixation, organic nitrogen degradation, inorganic n assimilation	C46	Peptidase; Catlytic type: Cysteine; autolytic cleavage occurs at a conserved -Gly-Cys- bond, and is mediated by the C-terminal domain of the hedgehog protein
Assimilation nutrient aquistion	Nitrogen fixation, organic nitrogen degradation, inorganic n assimilation	C48	Peptidase; Catlytic type: Cysteine; demonstrates dual enzymic activity different  to most deubiquitinating enzymes
Assimilation nutrient aquistion	Nitrogen fixation, organic nitrogen degradation, inorganic n assimilation	C49	Peptidase; Catlytic type: Cysteine
Assimilation nutrient aquistion	Nitrogen fixation, organic nitrogen degradation, inorganic n assimilation	C51	Peptidase; Catlytic type: Cysteine; bacteriophage phi11 cleaves the crosslinking peptide of the host at the D-Ala-Gly bond
Assimilation nutrient aquistion	Nitrogen fixation, organic nitrogen degradation, inorganic n assimilation	C53	Peptidase; Catlytic type: Cysteine; releases itself from the N-terminus of the p20 polyprotein by an autolytic cleavage of the Cys168-Gly bond in cys; processing of viral polyprotein
Assimilation nutrient aquistion	Nitrogen fixation, organic nitrogen degradation, inorganic n assimilation	C57	Peptidase; Catlytic type: Cysteine; P4b and P25K proteins are cleaved within an AlaGly-Ala motif, and AlaGly-Ser motif for P4a only; processing of smallpox viral protein
Assimilation nutrient aquistion	Nitrogen fixation, organic nitrogen degradation, inorganic n assimilation	C59	Peptidase; Catlytic type: Cysteine; autolytic cleavage of the penicillin V acylase precursor protein
Assimilation nutrient aquistion	Nitrogen fixation, organic nitrogen degradation, inorganic n assimilation	C60B	Peptidase; Catlytic type: Cysteine; consensus cleavage site is NPQT-N; catalyzes the formation of an amide bond between the new C-terminal Thr and a cell wall pentaglycine cross-bridge
Assimilation nutrient aquistion	Nitrogen fixation, organic nitrogen degradation, inorganic n assimilation	C60A	Peptidase; Catlytic type: Cysteine; consensus cleavage site is LPXT-G; catalyzes the formation of an amide bond between the new C-terminal Thr and a cell wall pentaglycine cross-bridge
Assimilation nutrient aquistion	Nitrogen fixation, organic nitrogen degradation, inorganic n assimilation	C62	Peptidase; Catlytic type: Cysteine; cleavage consensus site has been defined as -Val-Xaa-His-GluYaa, in which Yaa is Leu or Val; predicted to be the key enzyme in the processing of the GAV replicase polyprotein precursors, pp1a and pp1ab
Assimilation nutrient aquistion	Nitrogen fixation, organic nitrogen degradation, inorganic n assimilation	C63	Peptidase; Catlytic type: Cysteine; cleaves at -GlyGly-Xaa- sites to produce six major structural components of mature virions; required for the maturation of the virus (e.g. African swine fever virus)
Assimilation nutrient aquistion	Nitrogen fixation, organic nitrogen degradation, inorganic n assimilation	C71	Peptidase; Endopeptidases that cleave crosslinking peptides of the archaean cell wall
Assimilation nutrient aquistion	Nitrogen fixation, organic nitrogen degradation, inorganic n assimilation	C74	Peptidase; Catlytic type: Cysteine; cleavage between NS2 and NS3 of the viral polyprotein, a cleavage that is correlated with cytopathogenicity ; Contributes to maturation of the viral polyprotein
Assimilation nutrient aquistion	Nitrogen fixation, organic nitrogen degradation, inorganic n assimilation	C76	Peptidase; Catlytic type: Cysteine; releases of ubiquitin from proteins ubiquitinylated via Lys48; enzymes from herpes simplex virus
Assimilation nutrient aquistion	Nitrogen fixation, organic nitrogen degradation, inorganic n assimilation	C85B	Peptidase; Catlytic type: Cysteine; cleaved the lysine-63-linked polyubiquitin chains on tumor necrosis factor receptor-associated factor 3
Assimilation nutrient aquistion	Nitrogen fixation, organic nitrogen degradation, inorganic n assimilation	C85A	Peptidase; Catlytic type: Cysteine; cleaved the lysine-63-linked polyubiquitin chains on tumor necrosis factor receptor-associated factor 3
Assimilation nutrient aquistion	Nitrogen fixation, organic nitrogen degradation, inorganic n assimilation	C87	Peptidase; Catlytic type: Cysteine; deubiquitinylase and deISGylase activities
Assimilation nutrient aquistion	Nitrogen fixation, organic nitrogen degradation, inorganic n assimilation	C89	Peptidase; Catlytic type: Cysteine
Assimilation nutrient aquistion	Nitrogen fixation, organic nitrogen degradation, inorganic n assimilation	C97	Peptidase; Catlytic type: Cysteine; localize in the cytoplasm
Assimilation nutrient aquistion	Nitrogen fixation, organic nitrogen degradation, inorganic n assimilation	C99	Peptidase; Catlytic type: Cysteine; releases itself from the viral polyprotein and cleavage occurs in trans; processes the viral polyprotein, releasing proteins that are essential for maturation of the virus
Assimilation nutrient aquistion	Nitrogen fixation, organic nitrogen degradation, inorganic n assimilation	G02	Peptidase; Catlytic type: Glutamate; Self-cleavage is important for correct assembly of the viral appendages
Assimilation nutrient aquistion	Nitrogen fixation, organic nitrogen degradation, inorganic n assimilation	I02	Peptidase; Inhibitors of serine peptidases
Assimilation nutrient aquistion	Nitrogen fixation, organic nitrogen degradation, inorganic n assimilation	I04	Peptidase; Inhibitors of serine and cysteine endopeptidases
Assimilation nutrient aquistion	Nitrogen fixation, organic nitrogen degradation, inorganic n assimilation	I08	Peptidase; Inhibitors of serine and metallo endopeptidases
Assimilation nutrient aquistion	Nitrogen fixation, organic nitrogen degradation, inorganic n assimilation	I24	Peptidase; Inhibitors of serine endopeptidases from family S16
Assimilation nutrient aquistion	Nitrogen fixation, organic nitrogen degradation, inorganic n assimilation	I25C	Peptidase; inhibit peptidases of family S8 and M12, but not C1
Assimilation nutrient aquistion	Nitrogen fixation, organic nitrogen degradation, inorganic n assimilation	I25B	Peptidase; inhibit peptidases of mostly C1 and also some legumain (family C13)
Assimilation nutrient aquistion	Nitrogen fixation, organic nitrogen degradation, inorganic n assimilation	I25A	Peptidase; inhibit peptidases of family C1
Assimilation nutrient aquistion	Nitrogen fixation, organic nitrogen degradation, inorganic n assimilation	I29	Peptidase; Inhibitors of cysteine peptidases from family C1
Assimilation nutrient aquistion	Nitrogen fixation, organic nitrogen degradation, inorganic n assimilation	I32	Peptidase; Inhibitors of caspases, cysteine endopeptidases from family C14
Assimilation nutrient aquistion	Nitrogen fixation, organic nitrogen degradation, inorganic n assimilation	I36	Peptidase; Inhibitor of metalloendopeptidases in family M4
Assimilation nutrient aquistion	Nitrogen fixation, organic nitrogen degradation, inorganic n assimilation	I43	Peptidase; Inhibitors of metallopeptidases from family M12
Assimilation nutrient aquistion	Nitrogen fixation, organic nitrogen degradation, inorganic n assimilation	I50B	Peptidase; inhibits human caspase; In general, I50 inhibitors facilitate the replication of baculoviruses in their hosts by blocking the apoptosis of the cells that would normally follow viral infection.
Assimilation nutrient aquistion	Nitrogen fixation, organic nitrogen degradation, inorganic n assimilation	I50A	Peptidase; inhibits human caspase; In general, I50 inhibitors facilitate the replication of baculoviruses in their hosts by blocking the apoptosis of the cells that would normally follow viral infection.
Assimilation nutrient aquistion	Nitrogen fixation, organic nitrogen degradation, inorganic n assimilation	I51	Peptidase; Inhibitor of serine carboxypeptidase Y and some members of the S1 family
Assimilation nutrient aquistion	Nitrogen fixation, organic nitrogen degradation, inorganic n assimilation	I63	Peptidase; Inhibitor of the metallopeptidase pappalysin-1; Pappalysin-1 promotes cell growth by the cleavage of insulin-like growth factor binding proteins-4 and -5, causing the release of bound insulin-like growth factors
Assimilation nutrient aquistion	Nitrogen fixation, organic nitrogen degradation, inorganic n assimilation	I75	Peptidase; Inhibitors of metallo-endopeptidases; contains bacteriophage lambda CIII protein, which helps push the phage towards the lysogenic mode of phage development
Assimilation nutrient aquistion	Nitrogen fixation, organic nitrogen degradation, inorganic n assimilation	I87	Peptidase; Inhibitors, specificity unknown; HflC (Escherichia coli); The factor that influences bacteriophage lambda to remain in the lysogenic stage or to lyse the host cell is transcription factor CII. Degradation of CII by the host FtsH peptidase promotes lysis
Assimilation nutrient aquistion	Nitrogen fixation, organic nitrogen degradation, inorganic n assimilation	I91	Peptidase; Inhibitors of caspase-9; prevents activation of the executor caspases in the mitochondrial cell death pathway, thereby preventing apoptosis and destruction of the cell in which the virus is being propagated
Assimilation nutrient aquistion	Nitrogen fixation, organic nitrogen degradation, inorganic n assimilation	M03C	Peptidase; Catlytic type: Metallo; cleave near C-terminus of substrates with low molecule mass (generally less than 19 residues)
Assimilation nutrient aquistion	Nitrogen fixation, organic nitrogen degradation, inorganic n assimilation	M03B	Peptidase; Catlytic type: Metallo; cleave near C-terminus of substrates with low molecule mass (generally less than 19 residues)
Assimilation nutrient aquistion	Nitrogen fixation, organic nitrogen degradation, inorganic n assimilation	M03A	Peptidase; Catlytic type: Metallo; cleave near C-terminus of substrates with low molecule mass (generally less than 19 residues)
Assimilation nutrient aquistion	Nitrogen fixation, organic nitrogen degradation, inorganic n assimilation	M10C	Peptidase; Catlytic type: Metallo; mostly secreted proteins that function extracellularly
Assimilation nutrient aquistion	Nitrogen fixation, organic nitrogen degradation, inorganic n assimilation	M10B	Peptidase; Catlytic type: Metallo; mostly secreted proteins that function extracellularly
Assimilation nutrient aquistion	Nitrogen fixation, organic nitrogen degradation, inorganic n assimilation	M10A	Peptidase; Catlytic type: Metallo; mostly secreted proteins that function extracellularly
Assimilation nutrient aquistion	Nitrogen fixation, organic nitrogen degradation, inorganic n assimilation	M12C	Peptidase; Catlytic type: Metallo; shown to have specificity for -Xaa-Asp- bond, but in general have much broader specificities; occur as proenzymes that require activation by limited proteolysis
Assimilation nutrient aquistion	Nitrogen fixation, organic nitrogen degradation, inorganic n assimilation	M12B	Peptidase; Catlytic type: Metallo; shown to have specificity for -Xaa-Asp- bond, but in general have much broader specificities; occur as proenzymes that require activation by limited proteolysis
Assimilation nutrient aquistion	Nitrogen fixation, organic nitrogen degradation, inorganic n assimilation	M12A	Peptidase; Catlytic type: Metallo; shown to have specificity for -Xaa-Asp- bond, but in general have much broader specificities; occur as proenzymes that require activation by limited proteolysis
Assimilation nutrient aquistion	Nitrogen fixation, organic nitrogen degradation, inorganic n assimilation	M13	Peptidase; Catlytic type: Metallo; cleaves Trp-Val/Ile bond in the 'big endothelin' precursors of endothelin 1
Assimilation nutrient aquistion	Nitrogen fixation, organic nitrogen degradation, inorganic n assimilation	M14C	Peptidase; Catlytic type: Metallo; hydrolyse single, C-terminal amino acids from polypeptide chains; shown to be involved in bacterial cell wall metabolism
Assimilation nutrient aquistion	Nitrogen fixation, organic nitrogen degradation, inorganic n assimilation	M14D	Peptidase; Catlytic type: Metallo; hydrolyse single, C-terminal amino acids from polypeptide chains
Assimilation nutrient aquistion	Nitrogen fixation, organic nitrogen degradation, inorganic n assimilation	M14B	Peptidase; Catlytic type: Metallo; hydrolyse single, C-terminal amino acids from polypeptide chains (prefers basic amino acids)
Assimilation nutrient aquistion	Nitrogen fixation, organic nitrogen degradation, inorganic n assimilation	M14A	Peptidase; Catlytic type: Metallo; hydrolyse single, C-terminal amino acids from polypeptide chains (prefers aromatic or branched side chains)
Assimilation nutrient aquistion	Nitrogen fixation, organic nitrogen degradation, inorganic n assimilation	M15D	Peptidase; Catlytic type: Metallo; substrates of the type Xaa-YaaZaa, with blocked amino terminus and free C-terminus ; involved in bacterial cell wall biosynthesis and metabolism
Assimilation nutrient aquistion	Nitrogen fixation, organic nitrogen degradation, inorganic n assimilation	M15C	Peptidase; Catlytic type: Metallo; substrates of the type Xaa-YaaZaa, with blocked amino terminus and free C-terminus ; involved in bacterial cell wall biosynthesis and metabolism
Assimilation nutrient aquistion	Nitrogen fixation, organic nitrogen degradation, inorganic n assimilation	M15B	Peptidase; Catlytic type: Metallo; substrates of the type Xaa-YaaZaa, with blocked amino terminus and free C-terminus ; involved in bacterial cell wall biosynthesis and metabolism
Assimilation nutrient aquistion	Nitrogen fixation, organic nitrogen degradation, inorganic n assimilation	M15A	Peptidase; Catlytic type: Metallo; substrates of the type Xaa-YaaZaa, with blocked amino terminus and free C-terminus ; involved in bacterial cell wall biosynthesis and metabolism
Assimilation nutrient aquistion	Nitrogen fixation, organic nitrogen degradation, inorganic n assimilation	M16C	Peptidase; Catlytic type: Metallo; specificities are varied, but the site of cleavage is seldom far from a terminus of the substrate molecule and often include cleavage of Xaa-Arg bonds; inhibited by chelating agents
Assimilation nutrient aquistion	Nitrogen fixation, organic nitrogen degradation, inorganic n assimilation	M16B	Peptidase; Catlytic type: Metallo; specificities are varied, but the site of cleavage is seldom far from a terminus of the substrate molecule and often include cleavage of Xaa-Arg bonds; inhibited by chelating agents
Assimilation nutrient aquistion	Nitrogen fixation, organic nitrogen degradation, inorganic n assimilation	M16A	Peptidase; Catlytic type: Metallo; specificities are varied, but the site of cleavage is seldom far from a terminus of the substrate molecule and often include cleavage of Xaa-Arg bonds; inhibited by chelating agents
Assimilation nutrient aquistion	Nitrogen fixation, organic nitrogen degradation, inorganic n assimilation	M20E	Peptidase; Catlytic type: Metallo
Assimilation nutrient aquistion	Nitrogen fixation, organic nitrogen degradation, inorganic n assimilation	M20A	Peptidase; Catlytic type: Metallo; glutamate carboxypeptidase
Assimilation nutrient aquistion	Nitrogen fixation, organic nitrogen degradation, inorganic n assimilation	M20D	Peptidase; Catlytic type: Metallo; broad specificity; generally found in archaea
Assimilation nutrient aquistion	Nitrogen fixation, organic nitrogen degradation, inorganic n assimilation	M20F	Peptidase; Catlytic type: Metallo; non-specific dipeptidase ; eukaryotic
Assimilation nutrient aquistion	Nitrogen fixation, organic nitrogen degradation, inorganic n assimilation	M20B	Peptidase; Catlytic type: Metallo; acts only on tripeptide substrates; also known as tripeptidases
Assimilation nutrient aquistion	Nitrogen fixation, organic nitrogen degradation, inorganic n assimilation	M20C	Peptidase; Catlytic type: Metallo; Xaa-His dipeptidase; also known as carnosinases
Assimilation nutrient aquistion	Nitrogen fixation, organic nitrogen degradation, inorganic n assimilation	M23B	Peptidase; Catlytic type: Metallo; cleaves either the N-acylmuramoyl-Ala bond between the cell wall peptidoglycan and the cross-linking peptideor a bond within the cross-linking peptide (e.g. stapholysin), with preference for Gly bonds; used by certain bacteria to lyse cell walls of other bacteria, either as a defensive or feeding mechanism
Assimilation nutrient aquistion	Nitrogen fixation, organic nitrogen degradation, inorganic n assimilation	M23A	Peptidase; Catlytic type: Metallo; cleaves either the N-acylmuramoyl-Ala bond between the cell wall peptidoglycan and the cross-linking peptideor a bond within the cross-linking peptide (e.g. stapholysin), with preference for Gly bonds; used by certain bacteria to lyse cell walls of other bacteria, either as a defensive or feeding mechanism
Assimilation nutrient aquistion	Nitrogen fixation, organic nitrogen degradation, inorganic n assimilation	M27	Peptidase; Catlytic type: Metallo; cleaves synaptobrevin 2 at the Gln76-Phe77 bond or at the Gln60-Lys61 bond; synaptobrevin is the only known substrate of this class
Assimilation nutrient aquistion	Nitrogen fixation, organic nitrogen degradation, inorganic n assimilation	M38	Peptidase; Catlytic type: Metallo; releases an N-terminal isoaspartate from select dipeptides, with  beta-Asp|+|Leu  being the best cleavage site
Assimilation nutrient aquistion	Nitrogen fixation, organic nitrogen degradation, inorganic n assimilation	M41	Peptidase; Catlytic type: Metallo; degrades a given membrane bound substrate molecule progressively from either N-terminus or C-terminus ; a member is FtsH peptidase (Escherichia coli)
Assimilation nutrient aquistion	Nitrogen fixation, organic nitrogen degradation, inorganic n assimilation	M42	Peptidase; Catlytic type: Metallo; broad specificity
Assimilation nutrient aquistion	Nitrogen fixation, organic nitrogen degradation, inorganic n assimilation	M43B	Peptidase; Catlytic type: Metallo; cleave insulin-like growth factor binding-protein 5 (IGFBP-5) at Ser143-Lys144 or cleave IGFBP-1 at Met135-Lys136
Assimilation nutrient aquistion	Nitrogen fixation, organic nitrogen degradation, inorganic n assimilation	M43A	Peptidase; Catlytic type: Metallo; cleaves beta-casein at Pro63-Gly64 and Met102-Ala103
Assimilation nutrient aquistion	Nitrogen fixation, organic nitrogen degradation, inorganic n assimilation	M44	Peptidase; Catlytic type: Metallo; processes the viral polyprotein into multiple fragments at Ala-GlyXaa motifs where Xaa is Ala, Ser, Thr or Lys; essential for virus maturation
Assimilation nutrient aquistion	Nitrogen fixation, organic nitrogen degradation, inorganic n assimilation	M48C	Peptidase; Catlytic type: Metallo; requirement for substrates that are prenylated at a C-terminal motif known as CAAX, in which A is an aliphatic residue, and the lipid is attached to the cysteine residue; Eukaryotic
Assimilation nutrient aquistion	Nitrogen fixation, organic nitrogen degradation, inorganic n assimilation	M48B	Peptidase; Catlytic type: Metallo; requirement for substrates that are prenylated at a C-terminal motif known as CAAX, in which A is an aliphatic residue, and the lipid is attached to the cysteine residue; Eukaryotic
Assimilation nutrient aquistion	Nitrogen fixation, organic nitrogen degradation, inorganic n assimilation	M48A	Peptidase; Catlytic type: Metallo; requirement for substrates that are prenylated at a C-terminal motif known as CAAX, in which A is an aliphatic residue, and the lipid is attached to the cysteine residue; Eukaryotic
Assimilation nutrient aquistion	Nitrogen fixation, organic nitrogen degradation, inorganic n assimilation	M56	Peptidase; Catlytic type: Metallo; Autolysis of the BlaR1 precursor occurs at Arg293-Arg; allow bacteria to respond to the presence of beta-lactam antibiotics by the expression of beta-lactamases and penicillin-binding proteins
Assimilation nutrient aquistion	Nitrogen fixation, organic nitrogen degradation, inorganic n assimilation	M60	Peptidase; Catlytic type: Metallo; degrades into a number of fragments with site specificity unknown; only currently identified substrate for enhancin is insect intestinal mucin
Assimilation nutrient aquistion	Nitrogen fixation, organic nitrogen degradation, inorganic n assimilation	M67C	Peptidase; Catlytic type: Metallo; cleaves Lys48-linked tetra-ubiquitin and Lys63-linked polyubiquitin chains
Assimilation nutrient aquistion	Nitrogen fixation, organic nitrogen degradation, inorganic n assimilation	M67B	Peptidase; Catlytic type: Metallo; cleaves Lys48-linked tetra-ubiquitin and Lys63-linked polyubiquitin chains
Assimilation nutrient aquistion	Nitrogen fixation, organic nitrogen degradation, inorganic n assimilation	M67A	Peptidase; Catlytic type: Metallo; cleaves Lys48-linked tetra-ubiquitin and Lys63-linked polyubiquitin chains
Assimilation nutrient aquistion	Nitrogen fixation, organic nitrogen degradation, inorganic n assimilation	M78	Peptidase; Catlytic type: Metallo; Cleaves of ImmR occurs at Phe95+Met, releasing the N-terminal DNA-binding domain
Assimilation nutrient aquistion	Nitrogen fixation, organic nitrogen degradation, inorganic n assimilation	M79	Peptidase; Catlytic type: Metallo; cleaves at the -Cys(R)Xaa-Xaa-Xbb, in which Cys(R) is cysteine in which the thiol is substituted with a C15(farnesyl) or C20 (geranylgeranyl) side chain, Xaa is normally a small, aliphatic residue, and Xbb is any amino acid
Assimilation nutrient aquistion	Nitrogen fixation, organic nitrogen degradation, inorganic n assimilation	M86	Peptidase; Catlytic type: Metallo; hydrolyse gamma-linked poly-DL-glutamic acid (gamma-DL-PGA), giving final products no smaller than trimers, even when subjected to prolonged incubation or the addition of more enzyme; phage encoded peptidase gamma-PGA
Assimilation nutrient aquistion	Nitrogen fixation, organic nitrogen degradation, inorganic n assimilation	N01	Peptidase; Catlytic type: Asparagine; autolytic cleavage of Asn363-Ala364 releasing a 44-residue C-terminal fragment; peptidases in family N1 are the coat proteins from nodaviruses, single-stranded RNA viruses; coat protein precursor undergoes slow, autolytic maturation in which cleavage of the coat protein helps stabilize the virion and is an important stage in maturation of the virus
Assimilation nutrient aquistion	Nitrogen fixation, organic nitrogen degradation, inorganic n assimilation	N02	Peptidase; Catlytic type: Asparagine; autolytic cleavage of Asn570-Phe571 releasing a 74-residue fragment from the C-terminus of the coat protein
Assimilation nutrient aquistion	Nitrogen fixation, organic nitrogen degradation, inorganic n assimilation	N04	Peptidase; Catlytic type: Asparagine; release of the passenger domain from the precursor; cleavage causes the virulence factor to be secreted (shown in E. coli)
Assimilation nutrient aquistion	Nitrogen fixation, organic nitrogen degradation, inorganic n assimilation	N05	Peptidase; Catlytic type: Asparagine; release of an N-terminal 44-residue peptide from the N-terminus of the coat protein; important for virion stabilization
Assimilation nutrient aquistion	Nitrogen fixation, organic nitrogen degradation, inorganic n assimilation	N07	Peptidase; Catlytic type: Asparagine; cleaves one of the capsid proteins at  at Asn42; important for virion stabilization
Assimilation nutrient aquistion	Nitrogen fixation, organic nitrogen degradation, inorganic n assimilation	N08	Peptidase; Catlytic type: Asparagine; cleaves the VP0 viral capsid protein into VP2 and VP4 in the provirion
Assimilation nutrient aquistion	Nitrogen fixation, organic nitrogen degradation, inorganic n assimilation	N09	Peptidase; Catlytic type: Asparagine; release of the intein from the extein; intein is a polypeptide insert into another protein (the extein) which is able to release itself from the host protein and splice the two portions of the extein together
Assimilation nutrient aquistion	Nitrogen fixation, organic nitrogen degradation, inorganic n assimilation	N10E	Peptidase; Catlytic type: Asparagine; first residue of the intein must by Cys, Ser or Thr and the last residue of the intein must be Asn or Gln; the first residue of the second portion of the extein must be Cys, Ser or Thr.; An intein is a polypeptide insert into another protein (the extein) which is able to release itself from the host protein and splice the two portions of the extein together.
Assimilation nutrient aquistion	Nitrogen fixation, organic nitrogen degradation, inorganic n assimilation	N10D	Peptidase; Catlytic type: Asparagine; first residue of the intein must by Cys, Ser or Thr and the last residue of the intein must be Asn or Gln; the first residue of the second portion of the extein must be Cys, Ser or Thr.; An intein is a polypeptide insert into another protein (the extein) which is able to release itself from the host protein and splice the two portions of the extein together.
Assimilation nutrient aquistion	Nitrogen fixation, organic nitrogen degradation, inorganic n assimilation	N10C	Peptidase; Catlytic type: Asparagine; first residue of the intein must by Cys, Ser or Thr and the last residue of the intein must be Asn or Gln; the first residue of the second portion of the extein must be Cys, Ser or Thr.; An intein is a polypeptide insert into another protein (the extein) which is able to release itself from the host protein and splice the two portions of the extein together.
Assimilation nutrient aquistion	Nitrogen fixation, organic nitrogen degradation, inorganic n assimilation	N10B	Peptidase; Catlytic type: Asparagine; first residue of the intein must by Cys, Ser or Thr and the last residue of the intein must be Asn or Gln; the first residue of the second portion of the extein must be Cys, Ser or Thr.; An intein is a polypeptide insert into another protein (the extein) which is able to release itself from the host protein and splice the two portions of the extein together.
Assimilation nutrient aquistion	Nitrogen fixation, organic nitrogen degradation, inorganic n assimilation	N11	Peptidase; Catlytic type: Asparagine; cleaves at the start and end of the intein, which is then released
Assimilation nutrient aquistion	Nitrogen fixation, organic nitrogen degradation, inorganic n assimilation	S01F	Peptidase; Catlytic type: Serine; 3 types:trypsin-like where there is cleavage of amide substrates following Arg or Lys at P1, chymotrypsin-like where cleavage occurs following one of the hydrophobic amino acids at P1, and elastase-like with cleavage following an Ala at P1
Assimilation nutrient aquistion	Nitrogen fixation, organic nitrogen degradation, inorganic n assimilation	S01E	Peptidase; Catlytic type: Serine; 3 types:trypsin-like where there is cleavage of amide substrates following Arg or Lys at P1, chymotrypsin-like where cleavage occurs following one of the hydrophobic amino acids at P1, and elastase-like with cleavage following an Ala at P1
Assimilation nutrient aquistion	Nitrogen fixation, organic nitrogen degradation, inorganic n assimilation	S01D	Peptidase; Catlytic type: Serine; 3 types:trypsin-like where there is cleavage of amide substrates following Arg or Lys at P1, chymotrypsin-like where cleavage occurs following one of the hydrophobic amino acids at P1, and elastase-like with cleavage following an Ala at P1
Assimilation nutrient aquistion	Nitrogen fixation, organic nitrogen degradation, inorganic n assimilation	S01C	Peptidase; Catlytic type: Serine; 3 types:trypsin-like where there is cleavage of amide substrates following Arg or Lys at P1, chymotrypsin-like where cleavage occurs following one of the hydrophobic amino acids at P1, and elastase-like with cleavage following an Ala at P1
Assimilation nutrient aquistion	Nitrogen fixation, organic nitrogen degradation, inorganic n assimilation	S01B	Peptidase; Catlytic type: Serine; 3 types:trypsin-like where there is cleavage of amide substrates following Arg or Lys at P1, chymotrypsin-like where cleavage occurs following one of the hydrophobic amino acids at P1, and elastase-like with cleavage following an Ala at P1
Assimilation nutrient aquistion	Nitrogen fixation, organic nitrogen degradation, inorganic n assimilation	S01A	Peptidase; Catlytic type: Serine; 3 types:trypsin-like where there is cleavage of amide substrates following Arg or Lys at P1, chymotrypsin-like where cleavage occurs following one of the hydrophobic amino acids at P1, and elastase-like with cleavage following an Ala at P1
Assimilation nutrient aquistion	Nitrogen fixation, organic nitrogen degradation, inorganic n assimilation	S03	Peptidase; Catlytic type: Serine; cis cleavage of the Trp264-Ser bond at its own C-terminus to release it from the polyprotein; RNA virus protein excised from the polyprotein that forms the viral coat
Assimilation nutrient aquistion	Nitrogen fixation, organic nitrogen degradation, inorganic n assimilation	S06	Peptidase; Catlytic type: Serine; cleave human IgA1 in a part of the hinge region that is absent from IgA2
Assimilation nutrient aquistion	Nitrogen fixation, organic nitrogen degradation, inorganic n assimilation	S07	Peptidase; Catlytic type: Serine; cleaves at sites like -Xaa-XaaYaa-, where Xaa is normally an amino acid with a basic side chain, and Yaa has a short side chain
Assimilation nutrient aquistion	Nitrogen fixation, organic nitrogen degradation, inorganic n assimilation	S08C	Peptidase; Catlytic type: Serine; nonspecific peptidases with a preference to cleave after hydrophobic residues; secreted or attached to the cell wall
Assimilation nutrient aquistion	Nitrogen fixation, organic nitrogen degradation, inorganic n assimilation	S08B	Peptidase; Catlytic type: Serine; nonspecific peptidases with a preference to cleave after hydrophobic residues; secreted or attached to the cell wall
Assimilation nutrient aquistion	Nitrogen fixation, organic nitrogen degradation, inorganic n assimilation	S08A	Peptidase; Catlytic type: Serine; nonspecific peptidases with a preference to cleave after hydrophobic residues; secreted or attached to the cell wall
Assimilation nutrient aquistion	Nitrogen fixation, organic nitrogen degradation, inorganic n assimilation	S09D	Peptidase; Catlytic type: Serine; generally cleaves prolyl bonds, with some exceptions (see additional information); oligopeptidase B cleaves Arg and Lys bonds; acylaminoacyl-peptidase releases an N-acylated amino acid from an oligopeptide blocked by a acetyl, chloroacetyl, formyl or carbamyl group
Assimilation nutrient aquistion	Nitrogen fixation, organic nitrogen degradation, inorganic n assimilation	S09C	Peptidase; Catlytic type: Serine; generally cleaves prolyl bonds, with some exceptions (see additional information); oligopeptidase B cleaves Arg and Lys bonds; acylaminoacyl-peptidase releases an N-acylated amino acid from an oligopeptide blocked by a acetyl, chloroacetyl, formyl or carbamyl group
Assimilation nutrient aquistion	Nitrogen fixation, organic nitrogen degradation, inorganic n assimilation	S09B	Peptidase; Catlytic type: Serine; generally cleaves prolyl bonds, with some exceptions (see additional information); oligopeptidase B cleaves Arg and Lys bonds; acylaminoacyl-peptidase releases an N-acylated amino acid from an oligopeptide blocked by a acetyl, chloroacetyl, formyl or carbamyl group
Assimilation nutrient aquistion	Nitrogen fixation, organic nitrogen degradation, inorganic n assimilation	S09A	Peptidase; Catlytic type: Serine; generally cleaves prolyl bonds, with some exceptions (see additional information); oligopeptidase B cleaves Arg and Lys bonds; acylaminoacyl-peptidase releases an N-acylated amino acid from an oligopeptide blocked by a acetyl, chloroacetyl, formyl or carbamyl group
Assimilation nutrient aquistion	Nitrogen fixation, organic nitrogen degradation, inorganic n assimilation	S11	Peptidase; Catlytic type: Serine; transfer of the C-terminal D-Ala to water OR the peptidoglycan monomer is transferred to an exogenous receptor after removal of the C-terminal D-Ala (some have both activities); mainly involved in the synthesis of bacterial cell walls
Assimilation nutrient aquistion	Nitrogen fixation, organic nitrogen degradation, inorganic n assimilation	S12	Peptidase; Catlytic type: Serine; wide range of activities and specificities; involved in the synthesis and remodelling of bacterial cell walls
Assimilation nutrient aquistion	Nitrogen fixation, organic nitrogen degradation, inorganic n assimilation	S14	Peptidase; Catlytic type: Serine; cleaves preferentially after nonpolar residues; involved in quality control and the regulatory degradation of specific proteins
Assimilation nutrient aquistion	Nitrogen fixation, organic nitrogen degradation, inorganic n assimilation	S16	Peptidase; Catlytic type: Serine; cleaves when P1 is Leu; ATP-dependent peptidase and a protein-activated ATPase
Assimilation nutrient aquistion	Nitrogen fixation, organic nitrogen degradation, inorganic n assimilation	S21	Peptidase; Catlytic type: Serine; cleaves at Val/Leu-Xaa-AlaSer, where Xaa is a polar residue; involved in the late stages of assembly of the viral prohead, breaking down the scaffold protein upon which the prohead is assembled
Assimilation nutrient aquistion	Nitrogen fixation, organic nitrogen degradation, inorganic n assimilation	S24	Peptidase; Catlytic type: Serine; cleaves.at an Ala-Gly or a Cys-Gly bond
Assimilation nutrient aquistion	Nitrogen fixation, organic nitrogen degradation, inorganic n assimilation	S26C	Peptidase; Catlytic type: Serine; removes hydrophobic, N-terminal signal peptides as the proteins are translocated across membranes; 'Ala-Xaa-Ala' motif preceding the cleavage site; major enzymes that remove the signal peptides and facilitate secretion
Assimilation nutrient aquistion	Nitrogen fixation, organic nitrogen degradation, inorganic n assimilation	S26B	Peptidase; Catlytic type: Serine; removes hydrophobic, N-terminal signal peptides as the proteins are translocated across membranes; 'Ala-Xaa-Ala' motif preceding the cleavage site; major enzymes that remove the signal peptides and facilitate secretion
Assimilation nutrient aquistion	Nitrogen fixation, organic nitrogen degradation, inorganic n assimilation	S26A	Peptidase; Catlytic type: Serine; removes hydrophobic, N-terminal signal peptides as the proteins are translocated across membranes; 'Ala-Xaa-Ala' motif preceding the cleavage site; major enzymes that remove the signal peptides and facilitate secretion
Assimilation nutrient aquistion	Nitrogen fixation, organic nitrogen degradation, inorganic n assimilation	S28	Peptidase; Catlytic type: Serine; cleaves the -Pro-Xaa bond, in which Xaa is C-terminal
Assimilation nutrient aquistion	Nitrogen fixation, organic nitrogen degradation, inorganic n assimilation	S29	Peptidase; Catlytic type: Serine; cleaves when P1 residue at each site is Cys or Thr; member is hepacivirin
Assimilation nutrient aquistion	Nitrogen fixation, organic nitrogen degradation, inorganic n assimilation	S30	Peptidase; Catlytic type: Serine; cleaves a bond at its own C-terminus where the the scissile bond is -Xaa-Ser-, in which Xaa is Phe or Tyr; essential for viral infectivity
Assimilation nutrient aquistion	Nitrogen fixation, organic nitrogen degradation, inorganic n assimilation	S31	Peptidase; Catlytic type: Serine; cleaves each pestivirus polyprotein at four positions, between NS3 and NS4, NS4A and NS4B, NS4B and NS5A, and between NS5A and NS5B; essential for viral replication
Assimilation nutrient aquistion	Nitrogen fixation, organic nitrogen degradation, inorganic n assimilation	S32	Peptidase; Catlytic type: Serine; cleaves at four Glu-Gly bonds and one Glu-Ser bond in the ORF1a polyprotein, and an additional two Glu-Gly and one Gln-Ser bond in the ORF1b polyprotein; Arteriviruses are RNA viruses with a genome that encodes two polyproteins, ORF1a and ORF1ab.
Assimilation nutrient aquistion	Nitrogen fixation, organic nitrogen degradation, inorganic n assimilation	S33	Peptidase; Catlytic type: Serine; releases an N-terminal residue from a peptide, preferably (but not exclusively) a proline; secreted or periplasmic enzymes;Prolyl aminopeptidase may confer a selective advantage allowing a bacterium to utilize proline-rich substrates
Assimilation nutrient aquistion	Nitrogen fixation, organic nitrogen degradation, inorganic n assimilation	S49C	Peptidase; Catlytic type: Serine; hydrolyzes the N-blocked p-nitrophenyl esters of Gly, Ala, Phe, Val, Leu and Trp; prefers hydrophobic amino acids on either side of the scissile bond and will not cleave a peptide containing fewer than six amino acids; destruction of cleaved signal pepides in the periplasmic space
Assimilation nutrient aquistion	Nitrogen fixation, organic nitrogen degradation, inorganic n assimilation	S49B	Peptidase; Catlytic type: Serine; hydrolyzes the N-blocked p-nitrophenyl esters of Gly, Ala, Phe, Val, Leu and Trp; prefers hydrophobic amino acids on either side of the scissile bond and will not cleave a peptide containing fewer than six amino acids; destruction of cleaved signal pepides in the periplasmic space
Assimilation nutrient aquistion	Nitrogen fixation, organic nitrogen degradation, inorganic n assimilation	S49A	Peptidase; Catlytic type: Serine; hydrolyzes the N-blocked p-nitrophenyl esters of Gly, Ala, Phe, Val, Leu and Trp; prefers hydrophobic amino acids on either side of the scissile bond and will not cleave a peptide containing fewer than six amino acids; destruction of cleaved signal pepides in the periplasmic space
Assimilation nutrient aquistion	Nitrogen fixation, organic nitrogen degradation, inorganic n assimilation	S50	Peptidase; Catlytic type: Serine; cleaves the polyprotein at two sites both containing Ala; processes the viral polyprotein and releases itself and the major capsid proteins
Assimilation nutrient aquistion	Nitrogen fixation, organic nitrogen degradation, inorganic n assimilation	S53	Peptidase; Catlytic type: Serine; preferences for hydrophobic residues in the P1 and P2 positions; secreted proteins
Assimilation nutrient aquistion	Nitrogen fixation, organic nitrogen degradation, inorganic n assimilation	S54	Peptidase; Catlytic type: Serine; membrane bound
Assimilation nutrient aquistion	Nitrogen fixation, organic nitrogen degradation, inorganic n assimilation	S62	Peptidase; Catlytic type: Serine; cleaves the chymotrypsin substrate Suc-Leu-Leu-Val-Tyr-NHMec and casein ; not essential but when absent, reduces viral growth
Assimilation nutrient aquistion	Nitrogen fixation, organic nitrogen degradation, inorganic n assimilation	S65	Peptidase; Catlytic type: Serine; processes of the polyprotein occurs at Phe-Xaa-Xaa-Gln+ consensus sequences
Assimilation nutrient aquistion	Nitrogen fixation, organic nitrogen degradation, inorganic n assimilation	S69	Peptidase; Catlytic type: Serine; cleaves alanyl bonds in the processing of a viral polyprotein
Assimilation nutrient aquistion	Nitrogen fixation, organic nitrogen degradation, inorganic n assimilation	S73	Peptidase; Catlytic type: Serine
Assimilation nutrient aquistion	Nitrogen fixation, organic nitrogen degradation, inorganic n assimilation	S74	Peptidase; Catlytic type: Serine; autoproteolysis releases the chaperone domains
Assimilation nutrient aquistion	Nitrogen fixation, organic nitrogen degradation, inorganic n assimilation	S75	Peptidase; Catlytic type: Serine; cleaves several sites in the polyprotein, with cleavage at Gln(Ala/Thr) ; processes the relicase polyprotein 1ab releasing individual proteins
Assimilation nutrient aquistion	Nitrogen fixation, organic nitrogen degradation, inorganic n assimilation	S77	Peptidase; Catlytic type: Serine; cleaves P22, IPII, IPIII and P68 at selected GluAla bonds; cleaves P23 at a GluGly bond; processing of prohead protein
Assimilation nutrient aquistion	Nitrogen fixation, organic nitrogen degradation, inorganic n assimilation	S78	Peptidase; Catlytic type: Serine; processes the coat protein at the lysyl bond; involved in the maturation of the phage prohead
Assimilation nutrient aquistion	Nitrogen fixation, organic nitrogen degradation, inorganic n assimilation	S80	Peptidase; Catlytic type: Serine; cleaves at Ser/Ala/Gly)-Xaa-Glu+; perform all the processing cleavages required for maturation of the viral prohead
Assimilation nutrient aquistion	Nitrogen fixation, organic nitrogen degradation, inorganic n assimilation	S81	Peptidase; Catlytic type: Serine; cleaves the beta-(1,4)-glycosidic bond between N-acetylmuramic acid and N-acetylglucosamine of the peptidoglycan of bacterial cell walls
Assimilation nutrient aquistion	Nitrogen fixation, organic nitrogen degradation, inorganic n assimilation	T01B	Peptidase; Catlytic type: Threonine; eukaryotic proteasome has three different activities (trypsin-like, chymotrypsin-like and cleavage after glutamate); archaean and bacterial proteasomes have only chymotrypsin-like activity; involved in turnover of intracellular proteins
Assimilation nutrient aquistion	Nitrogen fixation, organic nitrogen degradation, inorganic n assimilation	T01A	Peptidase; Catlytic type: Threonine; eukaryotic proteasome has three different activities (trypsin-like, chymotrypsin-like and cleavage after glutamate); archaean and bacterial proteasomes have only chymotrypsin-like activity; involved in turnover of intracellular proteins
Assimilation nutrient aquistion	Nitrogen fixation, organic nitrogen degradation, inorganic n assimilation	T03	Peptidase; Catlytic type: Threonine; catalyzes the transfer of the gamma-glutamyl moiety of gamma-glutamyl-derived peptides such as glutathione (gammaGlu-Cys-Gly), and anilides such as gamma-glutamyl-7-amido-4-methylcoumarin (gammaGlu-AMC) to acceptor molecules including water and various dipeptides
Assimilation nutrient aquistion	Nitrogen fixation, organic nitrogen degradation, inorganic n assimilation	U32	Peptidase; degrades soluble and reconstituted fibrillar type I collagen
Assimilation nutrient aquistion	Nitrogen fixation, organic nitrogen degradation, inorganic n assimilation	U40	Peptidase; cleaves the cell wall peptide bridge formed by meso-2,6-diaminopimelic acid and D-Ala; component of the bacteriophage lysin
Assimilation nutrient aquistion	Nitrogen fixation, organic nitrogen degradation, inorganic n assimilation	K14157	alpha-aminoadipic semialdehyde synthase [EC:1.5.1.8 1.5.1.9] [RN:R00716 R02313]
Assimilation nutrient aquistion	Nitrogen fixation, organic nitrogen degradation, inorganic n assimilation	K14085	aminoadipate-semialdehyde dehydrogenase [EC:1.2.1.31] [RN:R03102 R03103]
Assimilation nutrient aquistion	Nitrogen fixation, organic nitrogen degradation, inorganic n assimilation	K00825	2-aminoadipate transaminase [EC:2.6.1.39] [RN:R01939]
Assimilation nutrient aquistion	Nitrogen fixation, organic nitrogen degradation, inorganic n assimilation	K15791	probable 2-oxoglutarate dehydrogenase E1 component DHKTD1 [EC:1.2.4.2] [RN:R01933]
Assimilation nutrient aquistion	Nitrogen fixation, organic nitrogen degradation, inorganic n assimilation	K00252	glutaryl-CoA dehydrogenase [EC:1.3.8.6] [RN:R02488]
Assimilation nutrient aquistion	Nitrogen fixation, organic nitrogen degradation, inorganic n assimilation	K01825	enoyl-CoA hydratase / 3-hydroxyacyl-CoA dehydrogenase [EC:4.2.1.17 1.1.1.35] [RN:R03026 R01975]
Assimilation nutrient aquistion	Nitrogen fixation, organic nitrogen degradation, inorganic n assimilation	K01782	enoyl-CoA hydratase / 3-hydroxyacyl-CoA dehydrogenase [EC:4.2.1.17 1.1.1.35] [RN:R03026 R01975]
Assimilation nutrient aquistion	Nitrogen fixation, organic nitrogen degradation, inorganic n assimilation	K00022	3-hydroxyacyl-CoA dehydrogenase [EC:1.1.1.35] [RN:R01975]
Assimilation nutrient aquistion	Nitrogen fixation, organic nitrogen degradation, inorganic n assimilation	K00558	DNA (cytosine-5-)-methyltransferase [EC:2.1.1.37] [RN:R04858]
Assimilation nutrient aquistion	Nitrogen fixation, organic nitrogen degradation, inorganic n assimilation	K17398	DNA (cytosine-5-)-methyltransferase [EC:2.1.1.37] [RN:R04858]
Assimilation nutrient aquistion	Nitrogen fixation, organic nitrogen degradation, inorganic n assimilation	K17399	DNA (cytosine-5-)-methyltransferase [EC:2.1.1.37] [RN:R04858]
Assimilation nutrient aquistion	Nitrogen fixation, organic nitrogen degradation, inorganic n assimilation	K01251	adenosylhomocysteinase [EC:3.3.1.1] [RN:R00192]
Assimilation nutrient aquistion	Nitrogen fixation, organic nitrogen degradation, inorganic n assimilation	K00166	2-oxoisovalerate dehydrogenase [EC:1.2.4.4] [RN:R07601 R07602]
Assimilation nutrient aquistion	Nitrogen fixation, organic nitrogen degradation, inorganic n assimilation	K00167	2-oxoisovalerate dehydrogenase [EC:1.2.4.4] [RN:R07601 R07602]
Assimilation nutrient aquistion	Nitrogen fixation, organic nitrogen degradation, inorganic n assimilation	K11381	2-oxoisovalerate dehydrogenase [EC:1.2.4.4] [RN:R07601 R07602]
Assimilation nutrient aquistion	Nitrogen fixation, organic nitrogen degradation, inorganic n assimilation	K09699	2-oxoisovalerate dehydrogenase [EC:2.3.1.168] [RN:R04097]
Assimilation nutrient aquistion	Nitrogen fixation, organic nitrogen degradation, inorganic n assimilation	K00253	isovaleryl-CoA dehydrogenase [EC:1.3.99.10] [RN:R04095]
Assimilation nutrient aquistion	Nitrogen fixation, organic nitrogen degradation, inorganic n assimilation	K01968	3-methylcrotonyl-CoA carboxylase [EC:6.4.1.4] [RN:R04138]
Assimilation nutrient aquistion	Nitrogen fixation, organic nitrogen degradation, inorganic n assimilation	K01969	3-methylcrotonyl-CoA carboxylase [EC:6.4.1.4] [RN:R04138]
Assimilation nutrient aquistion	Nitrogen fixation, organic nitrogen degradation, inorganic n assimilation	K05607	methylglutaconyl-CoA hydratase [EC:4.2.1.18] [RN:R02085]
Assimilation nutrient aquistion	Nitrogen fixation, organic nitrogen degradation, inorganic n assimilation	K13766	methylglutaconyl-CoA hydratase [EC:4.2.1.18] [RN:R02085]
Assimilation nutrient aquistion	Nitrogen fixation, organic nitrogen degradation, inorganic n assimilation	K01640	hydroxymethylglutaryl-CoA lyase [EC:4.1.3.4] [RN:R01360]
Assimilation nutrient aquistion	Nitrogen fixation, organic nitrogen degradation, inorganic n assimilation	K03334	L-amino-acid oxidase [EC:1.4.3.2] [RN:R00729]
Assimilation nutrient aquistion	Nitrogen fixation, organic nitrogen degradation, inorganic n assimilation	K16171	fumarylacetoacetate (FAA) hydrolase [EC:3.7.1.2] [RN:R01364]
Assimilation nutrient aquistion	Nitrogen fixation, organic nitrogen degradation, inorganic n assimilation	K01745	histidine ammonia-lyase [EC:4.3.1.3] [RN:R01168]
Assimilation nutrient aquistion	Nitrogen fixation, organic nitrogen degradation, inorganic n assimilation	K01712	urocanate hydratase [EC:4.2.1.49] [RN:R02914]
Assimilation nutrient aquistion	Nitrogen fixation, organic nitrogen degradation, inorganic n assimilation	K01468	imidazolonepropionase [EC:3.5.2.7] [RN:R02288]
Assimilation nutrient aquistion	Nitrogen fixation, organic nitrogen degradation, inorganic n assimilation	K01479	formiminoglutamase [EC:3.5.3.8] [RN:R02285]
Assimilation nutrient aquistion	Nitrogen fixation, organic nitrogen degradation, inorganic n assimilation	K00603	glutamate formiminotransferase [EC:2.1.2.5] [RN:R02287]
Assimilation nutrient aquistion	Nitrogen fixation, organic nitrogen degradation, inorganic n assimilation	K13990	glutamate formiminotransferase [EC:2.1.2.5] [RN:R02287]
Assimilation nutrient aquistion	Nitrogen fixation, organic nitrogen degradation, inorganic n assimilation	K05603	formimidoylglutamate deiminase [EC:3.5.3.13] [RN:R02286]
Assimilation nutrient aquistion	Nitrogen fixation, organic nitrogen degradation, inorganic n assimilation	K01458	N-formylglutamate deformylase [EC:3.5.1.68] [RN:R00525]
Assimilation nutrient aquistion	Nitrogen fixation, organic nitrogen degradation, inorganic n assimilation	K00207	dihydropyrimidine dehydrogenase (NADP+) [EC:1.3.1.2] [RN:R00978 R01415]
Assimilation nutrient aquistion	Nitrogen fixation, organic nitrogen degradation, inorganic n assimilation	K17722	dihydropyrimidine dehydrogenase (NAD+) [EC:1.3.1.1] [RN:R00977 R11026]
Assimilation nutrient aquistion	Nitrogen fixation, organic nitrogen degradation, inorganic n assimilation	K17723	dihydropyrimidine dehydrogenase (NAD+) [EC:1.3.1.1] [RN:R00977 R11026]
Assimilation nutrient aquistion	Nitrogen fixation, organic nitrogen degradation, inorganic n assimilation	K01464	dihydropyrimidinase [EC:3.5.2.2] [RN:R02269 R03055]
Assimilation nutrient aquistion	Nitrogen fixation, organic nitrogen degradation, inorganic n assimilation	K01431	beta-ureidopropionase [EC:3.5.1.6] [RN:R00905 R04666]
Assimilation nutrient aquistion	Nitrogen fixation, organic nitrogen degradation, inorganic n assimilation	K06016	beta-ureidopropionase [EC:3.5.1.6] [RN:R00905 R04666]
Assimilation nutrient aquistion	Sulfur, Phosphorus assimilation	K13811	sulfate adenylyltransferase [EC:2.7.7.4] [RN:R00529]
Assimilation nutrient aquistion	Sulfur, Phosphorus assimilation	K00390	phosphoadenosine phosphosulfate reductase [EC:1.8.4.8] [RN:R02021]
Assimilation nutrient aquistion	Sulfur, Phosphorus assimilation	K00380	sulfite reductase (NADPH) [EC:1.8.1.2] [RN:R00858]
Assimilation nutrient aquistion	Sulfur, Phosphorus assimilation	K00381	sulfite reductase (NADPH) [EC:1.8.1.2] [RN:R00858]
Assimilation nutrient aquistion	Sulfur, Phosphorus assimilation	K00392	sulfite reductase (ferredoxin) [EC:1.8.7.1] [RN:R00859]
Assimilation nutrient aquistion	Sulfur, Phosphorus assimilation	K02039	phoU, PhoR/phoB inhibitor protein
Assimilation nutrient aquistion	Sulfur, Phosphorus assimilation	K07636	phoR, phosphate regulon sensor histidine kinase [EC:2.7.13.3]
Assimilation nutrient aquistion	Sulfur, Phosphorus assimilation	K07657	phoB, Phosphate regulon response regulator
Assimilation nutrient aquistion	Sulfur, Phosphorus assimilation	K00117	gcd, Quinoprotein glucose dehydrogenase
Assimilation nutrient aquistion	Sulfur, Phosphorus assimilation	K01507	ppa, Inorganic pyrophosphatase [EC:3.6.1.1]
Assimilation nutrient aquistion	Sulfur, Phosphorus assimilation	K01514	ppx, Exopolyphosphatase [EC:3.6.1.11]
Assimilation nutrient aquistion	Sulfur, Phosphorus assimilation	K01083	3-phytase [EC:3.1.3.8]
Assimilation nutrient aquistion	Sulfur, Phosphorus assimilation	K01093	appA, 4-phytase
Assimilation nutrient aquistion	Sulfur, Phosphorus assimilation	K05780	phnL, C-P lyase
Assimilation nutrient aquistion	Sulfur, Phosphorus assimilation	K05781	phnK, C-P lyase
Assimilation nutrient aquistion	Sulfur, Phosphorus assimilation	K06162	phnM, C-P lyase
Assimilation nutrient aquistion	Sulfur, Phosphorus assimilation	K06163	phnJ, C-P lyase
Assimilation nutrient aquistion	Sulfur, Phosphorus assimilation	K06164	phnI, C-P lyase
Assimilation nutrient aquistion	Sulfur, Phosphorus assimilation	K06165	phnH, C-P lyase
Assimilation nutrient aquistion	Sulfur, Phosphorus assimilation	K06166	phnG, C-P lyase
Assimilation nutrient aquistion	Sulfur, Phosphorus assimilation	K07093	phoX, Alkaline phosphatase
Assimilation nutrient aquistion	Sulfur, Phosphorus assimilation	K09474	phoN, Acid phosphatase class A [EC:3.1.3.2]
Assimilation nutrient aquistion	Sulfur, Phosphorus assimilation	K01078	olpA, Acid phosphatase class C
Assimilation nutrient aquistion	Sulfur, Phosphorus assimilation	K03788	aphA, Acid phosphatase class B [EC:3.1.3.2]
Transporters	Transporters	K02784 | 8.A.8.1.1	MicroTrait: phosphocarrier protein HPr, DRAM2 Transport Cat: Miscellaneous, DRAM2 Predicted Substrate Class: ambiguous
Transporters	Transporters	K19290 | 4.D.1.1.7 | 4.D.1.1.9	MicroTrait: mannuronan synthase [EC:2.4.1.33], DRAM2 Transport Cat: Organic carbon uptake & transport, DRAM2 Predicted Substrate Class: polysaccharides
Transporters	Transporters	K03811 | 4.B.1.1.1_P24520 | 4.B.1.1.2_Q4QLL1 | 4.B.1.1.3_Q9EWJ7 | 4.B.1.1.5_Q8NU75 | 4.B.1.1.6_Q837U1	MicroTrait: nicotinamide mononucleotide transporter, DRAM2 Transport Cat: Miscellaneous, DRAM2 Predicted Substrate Class: cobalt-containing cofactors
Transporters	Transporters	K02822 | 4.A.7.1	MicroTrait: PTS system, ascorbate-specific IIB component [EC:2.7.1.69], DRAM2 Transport Cat: Organic carbon uptake & transport, DRAM2 Predicted Substrate Class: carbohydrates
Transporters	Transporters	K03475 | 4.A.7.1	MicroTrait: PTS system, ascorbate-specific IIC component, DRAM2 Transport Cat: Organic carbon uptake & transport, DRAM2 Predicted Substrate Class: carbohydrates
Transporters	Transporters	K10985 | 4.A.6.1.5_Q9KIP7	MicroTrait: PTS system, galactosamine-specific IIC component, DRAM2 Transport Cat: Organic carbon uptake & transport, DRAM2 Predicted Substrate Class: amino sugars
Transporters	Transporters	K10986 | 4.A.6.1.5_P42911	MicroTrait: PTS system, galactosamine-specific IID component, DRAM2 Transport Cat: Organic carbon uptake & transport, DRAM2 Predicted Substrate Class: amino sugars
Transporters	Transporters	K10984 | 4.A.6.1.5_P42909	MicroTrait: PTS system, galactosamine-specific IIB component [EC:2.7.1.69], DRAM2 Transport Cat: Organic carbon uptake & transport, DRAM2 Predicted Substrate Class: amino sugars
Transporters	Transporters	K02815 | 4.A.6.1.3_P37083	MicroTrait: PTS system, sorbose-specific IID component, DRAM2 Transport Cat: Organic carbon uptake & transport, DRAM2 Predicted Substrate Class: carbohydrates
Transporters	Transporters	K02812 | 4.A.6.1.3_P37080	MicroTrait: PTS system, sorbose-specific IIA component [EC:2.7.1.69], DRAM2 Transport Cat: Organic carbon uptake & transport, DRAM2 Predicted Substrate Class: carbohydrates
Transporters	Transporters	K02813 | 4.A.6.1.24_A1RZ66 | 4.A.6.1.3_P37081	MicroTrait: PTS system, sorbose-specific IIB component [EC:2.7.1.69], DRAM2 Transport Cat: Organic carbon uptake & transport, DRAM2 Predicted Substrate Class: carbohydrates
Transporters	Transporters	K02771 | 4.A.6.1.2_P26382	MicroTrait: PTS system, fructose-specific IID component, DRAM2 Transport Cat: Organic carbon uptake & transport, DRAM2 Predicted Substrate Class: carbohydrates
Transporters	Transporters	K11196 | 4.A.6.1.2_P26381	MicroTrait: PTS system, fructose-specific IIC component, DRAM2 Transport Cat: Organic carbon uptake & transport, DRAM2 Predicted Substrate Class: sugar alcohols
Transporters	Transporters	K11195 | 4.A.6.1.2_P26380	MicroTrait: PTS system, fructose-specific IIB component [EC:2.7.1.69], DRAM2 Transport Cat: Organic carbon uptake & transport, DRAM2 Predicted Substrate Class: sugar alcohols
Transporters	Transporters	K11194 | 4.A.6.1.2_P26379	MicroTrait: PTS system, fructose-specific IIA component [EC:2.7.1.69], DRAM2 Transport Cat: Organic carbon uptake & transport, DRAM2 Predicted Substrate Class: sugar alcohols
Transporters	Transporters	K19509 | 4.A.6.1.19_V7RGM6	MicroTrait: PTS system, fructoselysine and glucoselysine-specific IID component, DRAM2 Transport Cat: Organic carbon uptake & transport, DRAM2 Predicted Substrate Class: sugar alcohols
Transporters	Transporters	K19508 | 4.A.6.1.19_V7RE14 | 4.A.6.1.22_T4NBW3 | 4.A.6.1.9_Q97N93	MicroTrait: PTS system, fructoselysine and glucoselysine-specific IIC component, DRAM2 Transport Cat: Organic carbon uptake & transport, DRAM2 Predicted Substrate Class: sugar alcohols
Transporters	Transporters	K19506 | 4.A.6.1.19_V7IHL6	MicroTrait: PTS system, fructoselysine and glucoselysine-specific IIA component [EC:2.7.1.69], DRAM2 Transport Cat: Organic carbon uptake & transport, DRAM2 Predicted Substrate Class: sugar alcohols
Transporters	Transporters	K19507 | 4.A.6.1.19_V7IFY8 | 4.A.6.1.23_C1A8G1	MicroTrait: PTS system, fructoselysine and glucoselysine-specific IIB component [EC:2.7.1.69], DRAM2 Transport Cat: Organic carbon uptake & transport, DRAM2 Predicted Substrate Class: carbohydrates
Transporters	Transporters	K17464 | 4.A.6.1.17_D0ZLR7	MicroTrait: PTS system, D-glucosaminate-specific IIA component [EC:2.7.1.69], DRAM2 Transport Cat: Miscellaneous, DRAM2 Predicted Substrate Class: carbohydrates
Transporters	Transporters	K17465 | 4.A.6.1.17_D0ZLR6	MicroTrait: PTS system, D-glucosaminate-specific IIB component [EC:2.7.1.69], DRAM2 Transport Cat: Miscellaneous, DRAM2 Predicted Substrate Class: sugar alcohols
Transporters	Transporters	K17466 | 4.A.6.1.17_D0ZLR5	MicroTrait: PTS system, D-glucosaminate-specific IIC component, DRAM2 Transport Cat: Miscellaneous, DRAM2 Predicted Substrate Class: sugar alcohols
Transporters	Transporters	K17467 | 4.A.6.1.17_D0ZLR4	MicroTrait: PTS system, D-glucosaminate-specific IID component, DRAM2 Transport Cat: Miscellaneous, DRAM2 Predicted Substrate Class: cell wall carbohydrates
Transporters	Transporters	K02744 | 4.A.6.1.14_Q8DR78 | 4.A.6.1.23_C1A8G0	MicroTrait: PTS system, N-acetylgalactosamine-specific IIA component [EC:2.7.1.69], DRAM2 Transport Cat: Organic carbon uptake & transport, DRAM2 Predicted Substrate Class: amino sugars
Transporters	Transporters	K02745 | 4.A.6.1.14_Q8DR76 | 4.A.6.1.4_Q9KIQ4	MicroTrait: PTS system, N-acetylgalactosamine-specific IIB component [EC:2.7.1.69], DRAM2 Transport Cat: Organic carbon uptake & transport, DRAM2 Predicted Substrate Class: amino sugars
Transporters	Transporters	K02746 | 4.A.6.1.14_Q8DR75 | 4.A.6.1.4_Q9KIQ3 | 4.A.6.1.9_Q97N93	MicroTrait: PTS system, N-acetylgalactosamine-specific IIC component, DRAM2 Transport Cat: Organic carbon uptake & transport, DRAM2 Predicted Substrate Class: plant glycosides
Transporters	Transporters	K02747 | 4.A.6.1.14_Q8DR74 | 4.A.6.1.20_H1XXZ1 | 4.A.6.1.4_Q9KIQ2	MicroTrait: PTS system, N-acetylgalactosamine-specific IID component, DRAM2 Transport Cat: Organic carbon uptake & transport, DRAM2 Predicted Substrate Class: amino acids/peptides
Transporters	Transporters	K02793 | 4.A.6.1.12_Q1CY66 | 4.A.6.1.14_Q8DR78 | 4.A.6.1.16_Q8Y8V8 | 4.A.6.1.18_B3W757 | 4.A.6.1.21_Q1K314 | 4.A.6.1.24_A1RZ67 | 4.A.6.1.25_CAQ67974.1 | 4.A.6.1.2_P26379 | 4.A.6.1.9_Q97N91 | 4.A.6.2.2_C8X384	MicroTrait: PTS system, mannose-specific IIA component [EC:2.7.1.69], DRAM2 Transport Cat: Organic carbon uptake & transport, DRAM2 Predicted Substrate Class: amino acids/peptides
Transporters	Transporters	K02794 | 4.A.6.1.10_Q04GK1 | 4.A.6.1.11_D2BKY7 | 4.A.6.1.12_Q1CY67 | 4.A.6.1.13_B3WB09 | 4.A.6.1.14_Q8DR78 | 4.A.6.1.15_E1UCI0 | 4.A.6.1.16_Q8Y8V8 | 4.A.6.1.16_Q8Y8V9 | 4.A.6.1.18_B3W754 | 4.A.6.1.1_P69797 | 4.A.6.1.20_H1XUM7 | 4.A.6.1.21_Q1K315 | 4.A.6.1.23_C1A8G1 | 4.A.6.1.24_A1RZ66 | 4.A.6.1.25_CAQ67973.1 | 4.A.6.1.2_P26379 | 4.A.6.1.6_Q2QKM4 | 4.A.6.1.7_Q5M5W6 | 4.A.6.1.9_Q97N92 | 4.A.6.2.2_C8X383	MicroTrait: PTS system, mannose-specific IIB component [EC:2.7.1.69], DRAM2 Transport Cat: Organic carbon uptake & transport, DRAM2 Predicted Substrate Class: amino acids/peptides
Transporters	Transporters	K02795 | 4.A.6.1.10_Q04GK0 | 4.A.6.1.11_D2BKY8 | 4.A.6.1.12_Q1CY68 | 4.A.6.1.13_B3WB10 | 4.A.6.1.15_E1UCI1 | 4.A.6.1.16_Q8Y8W0 | 4.A.6.1.18_B3W755 | 4.A.6.1.1_P69801 | 4.A.6.1.21_Q1K316 | 4.A.6.1.23_C1A8G2 | 4.A.6.1.25_CAQ67972.1 | 4.A.6.1.2_P26381 | 4.A.6.1.6_Q2QKM3 | 4.A.6.1.7_Q5M5W7 | 4.A.6.1.9_Q97N93 | 4.A.6.2.2_C8X382 | 4.A.6.4.1_D9QU69	MicroTrait: PTS system, mannose-specific IIC component, DRAM2 Transport Cat: Organic carbon uptake & transport, DRAM2 Predicted Substrate Class: amino acids/peptides
Transporters	Transporters	K02796 | 4.A.6.1.10_Q04GJ9 | 4.A.6.1.11_D2BKY9 | 4.A.6.1.12_Q1CY69 | 4.A.6.1.13_B3WB11 | 4.A.6.1.15_E1UCI2 | 4.A.6.1.16_Q8Y8W1 | 4.A.6.1.18_B3W756 | 4.A.6.1.1_P69805 | 4.A.6.1.21_Q1K317 | 4.A.6.1.23_C1A8G3 | 4.A.6.1.24_A1RZ69 | 4.A.6.1.25_CAQ67971.1 | 4.A.6.1.25_CAQ67972.1 | 4.A.6.1.6_Q2QKM2 | 4.A.6.1.7_Q5M5W8 | 4.A.6.1.9_Q97N94 | 4.A.6.2.2_C8X4S8	MicroTrait: PTS system, mannose-specific IID component, DRAM2 Transport Cat: Organic carbon uptake & transport, DRAM2 Predicted Substrate Class: ambiguous
Transporters	Transporters	K02814 | 4.A.6.1.1_P69801 | 4.A.6.1.3_P37082	MicroTrait: PTS system, sorbose-specific IIC component, DRAM2 Transport Cat: Organic carbon uptake & transport, DRAM2 Predicted Substrate Class: vitamins/cofactors
Transporters	Transporters	K02775 | 4.A.5.1.1_P69831 | 4.A.5.1.2_Q71WA6 | 4.A.5.1.4_Q8FCM4 | 4.A.5.1.5_D4GUQ0 | 4.A.5.1.6_C9MZ79	MicroTrait: PTS system, galactitol-specific IIC component, DRAM2 Transport Cat: Organic carbon uptake & transport, DRAM2 Predicted Substrate Class: amino acid derivatives
Transporters	Transporters	K02773 | 4.A.5.1.1_P69828 | 4.A.5.1.2_Q71WA4 | 4.A.5.1.4_Q8FCM6 | 4.A.5.1.5_D4GUP9 | 4.A.5.1.6_C9MZ76	MicroTrait: PTS system, galactitol-specific IIA component [EC:2.7.1.69], DRAM2 Transport Cat: Organic carbon uptake & transport, DRAM2 Predicted Substrate Class: sulfur-containing amino acids
Transporters	Transporters	K02774 | 4.A.5.1.1_P37188 | 4.A.5.1.2_Q71WA5 | 4.A.5.1.4_Q8FCM5 | 4.A.5.1.5_D4GUQ1 | 4.A.5.1.6_C9MZ78	MicroTrait: PTS system, galactitol-specific IIB component [EC:2.7.1.69], DRAM2 Transport Cat: Organic carbon uptake & transport, DRAM2 Predicted Substrate Class: amino acid derivatives
Transporters	Transporters	K20112 | 4.A.5	MicroTrait: PTS system, galactose-specific IIA component [EC:2.7.1.204], DRAM2 Transport Cat: Organic carbon uptake & transport, DRAM2 Predicted Substrate Class: sulfur-containing amino acids
Transporters	Transporters	K20113 | 4.A.5	MicroTrait: PTS system, galactose-specific IIB component [EC:2.7.1.204], DRAM2 Transport Cat: Organic carbon uptake & transport, DRAM2 Predicted Substrate Class: sulfur-containing amino acids
Transporters	Transporters	K20114 | 4.A.5	MicroTrait: PTS system, galactose-specific IIC component, DRAM2 Transport Cat: Organic carbon uptake & transport, DRAM2 Predicted Substrate Class: membrane lipids
Transporters	Transporters	K02783 | 4.A.4.1.1_P56579 | 4.A.4.1.1_P56580 | 4.A.4.1.2_O32332 | 4.A.4.1.2_O32333	MicroTrait: PTS system, glucitol/sorbitol-specific IIC component, DRAM2 Transport Cat: Organic carbon uptake & transport, DRAM2 Predicted Substrate Class: vitamins/cofactors
Transporters	Transporters	K02781 | 4.A.4.1.1_P05706 | 4.A.4.1.2_O32334	MicroTrait: PTS system, glucitol/sorbitol-specific IIA component [EC:2.7.1.69], DRAM2 Transport Cat: Organic carbon uptake & transport, DRAM2 Predicted Substrate Class: vitamins/cofactors
Transporters	Transporters	K02782 | 4.A.4.1	MicroTrait: PTS system, glucitol/sorbitol-specific IIB component [EC:2.7.1.69], DRAM2 Transport Cat: Organic carbon uptake & transport, DRAM2 Predicted Substrate Class: vitamins/cofactors
Transporters	Transporters	K02760 | 4.A.3.2.1_P69795 | 4.A.3.2.3_O50982 | 4.A.3.2.5_Q8L3C3 | 4.A.3.2.6_Q9KSH5 | 4.A.3.2.7_C4X744 | 4.A.3.2.9_U5MIE1 | 4.A.3.2.2_P46318	MicroTrait: PTS system, cellobiose-specific IIB component [EC:2.7.1.69], DRAM2 Transport Cat: Organic carbon uptake & transport, DRAM2 Predicted Substrate Class: vitamins/cofactors
Transporters	Transporters	K02759 | 4.A.3.2.1_P69791 | 4.A.3.2.3_O50981 | 4.A.3.2.6_Q9KSH3 | 4.A.3.2.7_C4X746 | 4.A.3.2.9_U5MLJ3 | 4.A.3.2.2_P46319	MicroTrait: PTS system, cellobiose-specific IIA component [EC:2.7.1.69], DRAM2 Transport Cat: Organic carbon uptake & transport, DRAM2 Predicted Substrate Class: carbohydrates
Transporters	Transporters	K02761 | 4.A.3.2.1_P17334 | 4.A.3.2.3_O50980 | 4.A.3.2.5_Q8L3C2 | 4.A.3.2.6_Q9KSH4 | 4.A.3.2.7_C4X745 | 4.A.3.2.9_U5MFA1 | 4.A.3.2.2_P46317	MicroTrait: PTS system, cellobiose-specific IIC component, DRAM2 Transport Cat: Organic carbon uptake & transport, DRAM2 Predicted Substrate Class: carbohydrates
Transporters	Transporters	K02787 | 4.A.3.1.1 | 4.A.3.1.2 | 4.A.3.1.3	MicroTrait: PTS system, lactose-specific IIB component [EC:2.7.1.69], DRAM2 Transport Cat: Organic carbon uptake & transport, DRAM2 Predicted Substrate Class: carbohydrates
Transporters	Transporters	K02788 | 4.A.3.1.1_P11162 | 4.A.3.1.2_Q045X3 | 4.A.3.1.3_Q045H3	MicroTrait: PTS system, lactose-specific IIC component, DRAM2 Transport Cat: Organic carbon uptake & transport, DRAM2 Predicted Substrate Class: carbohydrates
Transporters	Transporters	K02786 | 4.A.3.1.1_P0A0D6 | 4.A.3.1.2_Q045X4 | 4.A.3.1.3_Q045H4	MicroTrait: PTS system, lactose-specific IIA component [EC:2.7.1.69], DRAM2 Transport Cat: Organic carbon uptake & transport, DRAM2 Predicted Substrate Class: sugar alcohols
Transporters	Transporters	K11198 | 4.A.2.1.3	MicroTrait: PTS system, 2-O-A-mannosyl-D-glycerate-specific IIA component [EC:2.7.1.69], DRAM2 Transport Cat: Organic carbon uptake & transport, DRAM2 Predicted Substrate Class: cobalt-containing cofactors
Transporters	Transporters	K11199 | 4.A.2.1.3	MicroTrait: PTS system, 2-O-A-mannosyl-D-glycerate-specific IIB component [EC:2.7.1.69], DRAM2 Transport Cat: Organic carbon uptake & transport, DRAM2 Predicted Substrate Class: protein export
Transporters	Transporters	K11200 | 4.A.2.1.3	MicroTrait: PTS system, 2-O-A-mannosyl-D-glycerate-specific IIC component, DRAM2 Transport Cat: Organic carbon uptake & transport, DRAM2 Predicted Substrate Class: protein export
Transporters	Transporters	K08483 | 4.A.2.1.26_Q5V5X2	MicroTrait: phosphotransferase system, enzyme I, PtsI [EC:2.7.3.9], DRAM2 Transport Cat: Miscellaneous, DRAM2 Predicted Substrate Class: antimicrobial peptides
Transporters	Transporters	K11201 | 4.A.2.1.25_P32155	MicroTrait: PTS system, fructose-specific IIA-like component [EC:2.7.1.69], DRAM2 Transport Cat: Organic carbon uptake & transport, DRAM2 Predicted Substrate Class: antimicrobial peptides
Transporters	Transporters	K11203 | 4.A.2.1.25_P32154	MicroTrait: PTS system, fructose-specific IIC-like component, DRAM2 Transport Cat: Organic carbon uptake & transport, DRAM2 Predicted Substrate Class: amino acid derivatives
Transporters	Transporters	K02798 | 4.A.2.1.24_P69824 | 4.A.2.1.5_C0H3V2	MicroTrait: PTS system, mannitol-specific IIA component [EC:2.7.1.69], DRAM2 Transport Cat: Miscellaneous, DRAM2 Predicted Substrate Class: amino acid derivatives
Transporters	Transporters	K02821 | 4.A.2.1.24_P69824	MicroTrait: PTS system, ascorbate-specific IIA component [EC:2.7.1.69], DRAM2 Transport Cat: Miscellaneous, DRAM2 Predicted Substrate Class: heme
Transporters	Transporters	K02799 | 4.A.2.1.2 | 4.A.2.1.5 | 4.A.2.1.12 | 4.A.2.1.24	MicroTrait: PTS system, mannitol-specific IIB component [EC:2.7.1.69], DRAM2 Transport Cat: Miscellaneous, DRAM2 Predicted Substrate Class: heme
Transporters	Transporters	K02768 | 4.A.2.1.14_D2RXA7 | 4.A.2.1.15_D4GYE4 | 4.A.2.1.20_Q3K0G6 | 4.A.2.1.21_F8Y3B4 | 4.A.2.1.22_Q3JZE3 | 4.A.2.1.23_T5HNP5 | 4.A.2.1.25_P32155 | 4.A.2.1.26_Q5V5X4 | 4.A.2.1.7_Q1LZ59 | 4.A.2.1.8_Q1LZ68 | 4.A.2.1.9_Q1R4S9	MicroTrait: PTS system, fructose-specific IIA component [EC:2.7.1.69], DRAM2 Transport Cat: Organic carbon uptake & transport, DRAM2 Predicted Substrate Class: membrane lipids
Transporters	Transporters	K02769 | 4.A.2.1.14_D2RXA4 | 4.A.2.1.15_D4GYE1 | 4.A.2.1.22_Q3JZE2 | 4.A.2.1.26_Q5V5X1 | 4.A.2.1.7_Q1LZ59 | 4.A.2.1.9_Q8FC73	MicroTrait: PTS system, fructose-specific IIB component [EC:2.7.1.69], DRAM2 Transport Cat: Organic carbon uptake & transport, DRAM2 Predicted Substrate Class: antibiotics
Transporters	Transporters	K02770 | 4.A.2.1.13_Q0S1N2 | 4.A.2.1.14_D2RXA8 | 4.A.2.1.15_D4GYE5 | 4.A.2.1.16_Q9RMF5 | 4.A.2.1.17_Q9HY57 | 4.A.2.1.18_Q9RZP7 | 4.A.2.1.19_M7PF02 | 4.A.2.1.1_P20966 | 4.A.2.1.20_Q3K0G6 | 4.A.2.1.21_F8Y3B5 | 4.A.2.1.22_Q3JZE4 | 4.A.2.1.23_T5HN74 | 4.A.2.1.26_q5v5x5 | 4.A.2.1.4_P71012 | 4.A.2.1.6_O31645 | 4.A.2.1.7_Q1LZ59 | 4.A.2.1.8_Q8DWE7 | 4.A.2.1.9_Q1R4T1	MicroTrait: PTS system, fructose-specific IIC component, DRAM2 Transport Cat: Organic carbon uptake & transport, DRAM2 Predicted Substrate Class: plant polysaccharide breakdown products
Transporters	Transporters	K02800 | 4.A.2.1.12_Q9KKQ7 | 4.A.2.1.24_P69826 | 4.A.2.1.2_P00550 | 4.A.2.1.5_P42956	MicroTrait: PTS system, mannitol-specific IIC component, DRAM2 Transport Cat: Miscellaneous, DRAM2 Predicted Substrate Class: sugar alcohols
Transporters	Transporters	K11202 | 4.A.2.1	MicroTrait: PTS system, fructose-specific IIB-like component [EC:2.7.1.69], DRAM2 Transport Cat: Organic carbon uptake & transport, DRAM2 Predicted Substrate Class: sugar alcohols
Transporters	Transporters	K11191 | 4.A.1.2.7_P77272	MicroTrait: PTS system, N-acetylmuramic acid-specific IIB component [EC:2.7.1.69], DRAM2 Transport Cat: Miscellaneous, DRAM2 Predicted Substrate Class: sugar alcohols
Transporters	Transporters	K11192 | 4.A.1.2.7_P77272	MicroTrait: PTS system, N-acetylmuramic acid-specific IIC component, DRAM2 Transport Cat: Miscellaneous, DRAM2 Predicted Substrate Class: chitin-derived oligosaccharides
Transporters	Transporters	K02817 | 4.A.1.2.13_Q720G7 | 4.A.1.2.4_P36672 | 4.A.1.2.8_P39794	MicroTrait: PTS system, trehalose-specific IIA component [EC:2.7.1.69], DRAM2 Transport Cat: Organic carbon uptake & transport, DRAM2 Predicted Substrate Class: plant polysaccharide breakdown products
Transporters	Transporters	K02818 | 4.A.1.2.13_Q720G7 | 4.A.1.2.4_P36672 | 4.A.1.2.8_P39794	MicroTrait: PTS system, trehalose-specific IIB component [EC:2.7.1.69], DRAM2 Transport Cat: Organic carbon uptake & transport, DRAM2 Predicted Substrate Class: plant polysaccharide breakdown products
Transporters	Transporters	K02819 | 4.A.1.2.13_Q720G7 | 4.A.1.2.4_P36672 | 4.A.1.2.8_P39794	MicroTrait: PTS system, trehalose-specific IIC component, DRAM2 Transport Cat: Organic carbon uptake & transport, DRAM2 Predicted Substrate Class: antibiotics
Transporters	Transporters	K02757 | 4.A.1.2.11_P40739 | 4.A.1.2.14_ART98499 | 4.A.1.2.15_ART98417 | 4.A.1.2.2_P08722 | 4.A.1.2.5_Q8GGK3	MicroTrait: PTS system, beta-glucosides-specific IIC component, DRAM2 Transport Cat: Miscellaneous, DRAM2 Predicted Substrate Class: antibiotics
Transporters	Transporters	K02808 | 4.A.1.2.10_P15400 | 4.A.1.2.12_Q8NMD6 | 4.A.1.2.16_ART98386 | 4.A.1.2.1_P08470 | 4.A.1.2.9_P05306	MicroTrait: PTS system, sucrose-specific IIA component [EC:2.7.1.69], DRAM2 Transport Cat: Organic carbon uptake & transport, DRAM2 Predicted Substrate Class: antibiotics
Transporters	Transporters	K02809 | 4.A.1.2.10_P15400 | 4.A.1.2.12_Q8NMD6 | 4.A.1.2.16_ART98386 | 4.A.1.2.1_P08470 | 4.A.1.2.9_P05306	MicroTrait: PTS system, sucrose-specific IIB component [EC:2.7.1.69], DRAM2 Transport Cat: Organic carbon uptake & transport, DRAM2 Predicted Substrate Class: heme
Transporters	Transporters	K02810 | 4.A.1.2.10_P15400 | 4.A.1.2.12_Q8NMD6 | 4.A.1.2.16_ART98386 | 4.A.1.2.1_P08470 | 4.A.1.2.9_P05306	MicroTrait: PTS system, sucrose-specific IIC component, DRAM2 Transport Cat: Organic carbon uptake & transport, DRAM2 Predicted Substrate Class: sugar acids
Transporters	Transporters	K20116 | 4.A.1.1.9 | 4.A.1.1.13 | 4.A.1.1.14	MicroTrait: PTS system, glucose-specific IIA component, DRAM2 Transport Cat: Organic carbon uptake & transport, DRAM2 Predicted Substrate Class: sugar acids
Transporters	Transporters	K20117 | 4.A.1.1.9 | 4.A.1.1.13 | 4.A.1.1.14	MicroTrait: PTS system, glucose-specific IIB component, DRAM2 Transport Cat: Organic carbon uptake & transport, DRAM2 Predicted Substrate Class: sugar acids
Transporters	Transporters	K20118 | 4.A.1.1.9 | 4.A.1.1.13 | 4.A.1.1.14	MicroTrait: glucose PTS system EIICBA or EIICB component, DRAM2 Transport Cat: Organic carbon uptake & transport, DRAM2 Predicted Substrate Class: sugar acids
Transporters	Transporters	K02763 | 4.A.1.1.6	MicroTrait: PTS system, D-glucosamine-specific IIA component [EC:2.7.1.69], DRAM2 Transport Cat: Miscellaneous, DRAM2 Predicted Substrate Class: sugar acids
Transporters	Transporters	K02764 | 4.A.1.1.6	MicroTrait: PTS system, D-glucosamine-specific IIB component [EC:2.7.1.69], DRAM2 Transport Cat: Miscellaneous, DRAM2 Predicted Substrate Class: short-chain fatty acids
Transporters	Transporters	K02803 | 4.A.1.1.5_Q8GBT8	MicroTrait: PTS system, N-acetylglucosamine-specific IIB component [EC:2.7.1.69], DRAM2 Transport Cat: Miscellaneous, DRAM2 Predicted Substrate Class: amino acid export
Transporters	Transporters	K02749 | 4.A.1.1.4 | 4.A.1.1.8 | 4.A.1.1.10 | 4.A.1.1.16 | 4.A.1.1.19	MicroTrait: PTS system, arbutin-like IIB component [EC:2.7.1.69], DRAM2 Transport Cat: Miscellaneous, DRAM2 Predicted Substrate Class: ambiguous
Transporters	Transporters	K02802 | 4.A.1.1.2	MicroTrait: PTS system, N-acetylglucosamine-specific IIA component [EC:2.7.1.69], DRAM2 Transport Cat: Organic carbon uptake & transport, DRAM2 Predicted Substrate Class: ambiguous
Transporters	Transporters	K02790 | 4.A.1.1.18_O51590 | 4.A.1.1.3_P19642	MicroTrait: PTS system, maltose and glucose-specific IIB component [EC:2.7.1.69], DRAM2 Transport Cat: Organic carbon uptake & transport, DRAM2 Predicted Substrate Class: organic acids
Transporters	Transporters	K02791 | 4.A.1.1.18_O51590 | 4.A.1.1.3_P19642	MicroTrait: PTS system, maltose and glucose-specific IIC component, DRAM2 Transport Cat: Organic carbon uptake & transport, DRAM2 Predicted Substrate Class: organic acids
Transporters	Transporters	K11189 | 4.A.1.1.15_Q9HXN5 | 4.A.2.1.19_M7QAG8 | 4.A.2.1.26_Q5V5X3	MicroTrait: phosphocarrier protein, DRAM2 Transport Cat: Miscellaneous, DRAM2 Predicted Substrate Class: heme
Transporters	Transporters	K11183 | 4.A.1.1.15_Q9HXN5 | 4.A.2.1.17_Q9HY55 | 4.A.2.1.19_M7QAG8 | 4.A.2.1.1_P69811	MicroTrait: phosphocarrier protein FPr, DRAM2 Transport Cat: Miscellaneous, DRAM2 Predicted Substrate Class: efflux/export
Transporters	Transporters	K02804 | 4.A.1.1.15_Q9HXN4 | 4.A.1.1.2_P09323 | 4.A.1.1.5_Q8GBT6 | 4.A.1.1.5_Q8GBT7 | 4.A.1.1.6_P39816 | 4.A.1.1.7_O34521	MicroTrait: PTS system, N-acetylglucosamine-specific IIC component, DRAM2 Transport Cat: Organic carbon uptake & transport, DRAM2 Predicted Substrate Class: arsenic
Transporters	Transporters	K02765 | 4.A.1.1.13_Q57071 | 4.A.1.1.14_Q53922 | 4.A.1.1.6_P39816 | 4.A.1.1.9_P20166	MicroTrait: PTS system, D-glucosamine-specific IIC component, DRAM2 Transport Cat: Miscellaneous, DRAM2 Predicted Substrate Class: organic acids
Transporters	Transporters	K20107 | 4.A.1.1.11 | 4.A.1.1.12	MicroTrait: maltose PTS system EIICB or EIICBA component, DRAM2 Transport Cat: Organic carbon uptake & transport, DRAM2 Predicted Substrate Class: organic acids
Transporters	Transporters	K20108 | 4.A.1.1.11 | 4.A.1.1.12	MicroTrait: maltose PTS system EIICB or EIICBA component, DRAM2 Transport Cat: Organic carbon uptake & transport, DRAM2 Predicted Substrate Class: organic acids
Transporters	Transporters	K02779 | 4.A.1.1.11_Q8DS05 | 4.A.1.1.12_Q48WG5 | 4.A.1.1.17_Q63GK8 | 4.A.1.1.18_O51590 | 4.A.1.1.1_P69786	MicroTrait: PTS system, glucose-specific IIC component, DRAM2 Transport Cat: Organic carbon uptake & transport, DRAM2 Predicted Substrate Class: nucleosides
Transporters	Transporters	K02750 | 4.A.1.1.10_Q9AGA7 | 4.A.1.1.16_C7NB69 | 4.A.1.1.19_ART98514 | 4.A.1.1.4_O06900 | 4.A.1.1.8_P54715	MicroTrait: PTS system, arbutin-like IIC component, DRAM2 Transport Cat: Miscellaneous, DRAM2 Predicted Substrate Class: nucleosides
Transporters	Transporters	K02777 | 4.A.1.1.1_P69783 | 4.A.3.2.5_Q8L3C4	MicroTrait: PTS system, glucose-specific IIA component [EC:2.7.1.69], DRAM2 Transport Cat: Organic carbon uptake & transport, DRAM2 Predicted Substrate Class: nucleobases
Transporters	Transporters	K02778 | 4.A.1.1.1	MicroTrait: PTS system, glucose-specific IIB component [EC:2.7.1.69], DRAM2 Transport Cat: Organic carbon uptake & transport, DRAM2 Predicted Substrate Class: nucleobases
Transporters	Transporters	K02041 | 3.A.1.9	MicroTrait: phosphonate transport system ATP-binding protein [EC:3.6.3.28], DRAM2 Transport Cat: Metal and inorganic nutrient uptake & transport, DRAM2 Predicted Substrate Class: nucleobases
Transporters	Transporters	K02044 | 3.A.1.9	MicroTrait: phosphonate transport system substrate-binding protein, DRAM2 Transport Cat: Metal and inorganic nutrient uptake & transport, DRAM2 Predicted Substrate Class: nucleobases
Transporters	Transporters	K02042 | 3.A.1.9	MicroTrait: phosphonate transport system permease protein, DRAM2 Transport Cat: Metal and inorganic nutrient uptake & transport, DRAM2 Predicted Substrate Class: ions/osmoprotection
Transporters	Transporters	K02020 | 3.A.1.8	MicroTrait: molybdate transport system substrate-binding protein, DRAM2 Transport Cat: Metal and inorganic nutrient uptake & transport, DRAM2 Predicted Substrate Class: ions/osmoprotection
Transporters	Transporters	K02018 | 3.A.1.8	MicroTrait: molybdate transport system permease protein, DRAM2 Transport Cat: Metal and inorganic nutrient uptake & transport, DRAM2 Predicted Substrate Class: ions/osmoprotection
Transporters	Transporters	K02017 | 3.A.1.8	MicroTrait: molybdate transport system ATP-binding protein [EC:3.6.3.29], DRAM2 Transport Cat: Metal and inorganic nutrient uptake & transport, DRAM2 Predicted Substrate Class: polyamines
Transporters	Transporters	K02038 | 3.A.1.7	MicroTrait: phosphate transport system permease protein, DRAM2 Transport Cat: Metal and inorganic nutrient uptake & transport, DRAM2 Predicted Substrate Class: organic acids
Transporters	Transporters	K02036 | 3.A.1.7	MicroTrait: phosphate transport system ATP-binding protein [EC:3.6.3.27], DRAM2 Transport Cat: Metal and inorganic nutrient uptake & transport, DRAM2 Predicted Substrate Class: organic acids
Transporters	Transporters	K02037 | 3.A.1.7	MicroTrait: phosphate transport system permease protein, DRAM2 Transport Cat: Metal and inorganic nutrient uptake & transport, DRAM2 Predicted Substrate Class: amino acids
Transporters	Transporters	K02040 | 3.A.1.7	MicroTrait: phosphate transport system substrate-binding protein, DRAM2 Transport Cat: Metal and inorganic nutrient uptake & transport, DRAM2 Predicted Substrate Class: organic acids
Transporters	Transporters	K15495 | 3.A.1.6.5	MicroTrait: molybdate/tungstate transport system substrate-binding protein, DRAM2 Transport Cat: Metal and inorganic nutrient uptake & transport, DRAM2 Predicted Substrate Class: ions/osmoprotection
Transporters	Transporters	K15496 | 3.A.1.6.5	MicroTrait: molybdate/tungstate transport system permease protein, DRAM2 Transport Cat: Metal and inorganic nutrient uptake & transport, DRAM2 Predicted Substrate Class: ions/osmoprotection
Transporters	Transporters	K15497 | 3.A.1.6.5	MicroTrait: molybdate/tungstate transport system ATP-binding protein [EC:3.6.3.- 3.6.3.55], DRAM2 Transport Cat: Metal and inorganic nutrient uptake & transport, DRAM2 Predicted Substrate Class: metals/inorganic nutrients
Transporters	Transporters	K05772 | 3.A.1.6.2 | 3.A.1.6.4	MicroTrait: tungstate transport system substrate-binding protein, DRAM2 Transport Cat: Metal and inorganic nutrient uptake & transport, DRAM2 Predicted Substrate Class: organic acids
Transporters	Transporters	K05773 | 3.A.1.6.2 | 3.A.1.6.4	MicroTrait: tungstate transport system permease protein, DRAM2 Transport Cat: Metal and inorganic nutrient uptake & transport, DRAM2 Predicted Substrate Class: organic acids
Transporters	Transporters	K06857 | 3.A.1.6.2 | 3.A.1.6.4	MicroTrait: tungstate transport system ATP-binding protein [EC:3.6.3.55], DRAM2 Transport Cat: Metal and inorganic nutrient uptake & transport, DRAM2 Predicted Substrate Class: organic acids
Transporters	Transporters	K02045 | 3.A.1.6.1 | 3.A.1.6.3 | 3.A.1.6.7	MicroTrait: sulfate/thiosulfate transport system ATP-binding protein [EC:7.3.2.3], DRAM2 Transport Cat: Metal and inorganic nutrient uptake & transport, DRAM2 Predicted Substrate Class: membrane lipids
Transporters	Transporters	K02046 | 3.A.1.6.1 | 3.A.1.6.3 | 3.A.1.6.7	MicroTrait: sulfate transport system permease protein, DRAM2 Transport Cat: Metal and inorganic nutrient uptake & transport, DRAM2 Predicted Substrate Class: ambiguous
Transporters	Transporters	K02047 | 3.A.1.6.1 | 3.A.1.6.3 | 3.A.1.6.7	MicroTrait: sulfate transport system permease protein, DRAM2 Transport Cat: Metal and inorganic nutrient uptake & transport, DRAM2 Predicted Substrate Class: antibiotics
Transporters	Transporters	K23163 | 3.A.1.6.1 | 3.A.1.6.3 | 3.A.1.6.7	MicroTrait: sulfate/thiosulfate transport system substrate-binding protein , DRAM2 Transport Cat: Metal and inorganic nutrient uptake & transport, DRAM2 Predicted Substrate Class: antibiotics
Transporters	Transporters	K02048 | 3.A.1.6.1 | 3.A.1.6.3	MicroTrait: sulfate transport system substrate-binding protein, DRAM2 Transport Cat: Metal and inorganic nutrient uptake & transport, DRAM2 Predicted Substrate Class: inorganic nitrogen
Transporters	Transporters	K19226 | 3.A.1.5.5	MicroTrait: cationic peptide transport system substrate-binding protein, DRAM2 Transport Cat: Organic nitrogen uptake & transport, DRAM2 Predicted Substrate Class: aromatic compounds
Transporters	Transporters	K19227 | 3.A.1.5.5	MicroTrait: cationic peptide transport system permease protein, DRAM2 Transport Cat: Organic nitrogen uptake & transport, DRAM2 Predicted Substrate Class: motility
Transporters	Transporters	K19228 | 3.A.1.5.5	MicroTrait: cationic peptide transport system permease protein, DRAM2 Transport Cat: Organic nitrogen uptake & transport, DRAM2 Predicted Substrate Class: magnesium
Transporters	Transporters	K19229 | 3.A.1.5.5	MicroTrait: cationic peptide transport system ATP-binding protein, DRAM2 Transport Cat: Organic nitrogen uptake & transport, DRAM2 Predicted Substrate Class: ions/osmoprotection
Transporters	Transporters	K19230 | 3.A.1.5.5	MicroTrait: cationic peptide transport system ATP-binding protein, DRAM2 Transport Cat: Organic nitrogen uptake & transport, DRAM2 Predicted Substrate Class: ions/osmoprotection
Transporters	Transporters	K12369 | 3.A.1.5.39_W0WN20	MicroTrait: dipeptide transport system permease protein, DRAM2 Transport Cat: Organic nitrogen uptake & transport, DRAM2 Predicted Substrate Class: C1 compounds
Transporters	Transporters	K12370 | 3.A.1.5.39_W0WMS8	MicroTrait: dipeptide transport system permease protein, DRAM2 Transport Cat: Organic nitrogen uptake & transport, DRAM2 Predicted Substrate Class: C1 compounds
Transporters	Transporters	K12372 | 3.A.1.5.39_W0WLZ8	MicroTrait: dipeptide transport system ATP-binding protein, DRAM2 Transport Cat: Organic nitrogen uptake & transport, DRAM2 Predicted Substrate Class: C1 compounds
Transporters	Transporters	K12371 | 3.A.1.5.39_W0WJ90	MicroTrait: dipeptide transport system ATP-binding protein, DRAM2 Transport Cat: Organic nitrogen uptake & transport, DRAM2 Predicted Substrate Class: amino acids/peptides
Transporters	Transporters	K12368 | 3.A.1.5.39_W0WJ85 | 3.A.1.5.39_W0WKZ8 | 3.A.1.5.39_W0WL02 | 3.A.1.5.39_W0WLZ1 | 3.A.1.5.39_W0WQF0	MicroTrait: dipeptide transport system substrate-binding protein, DRAM2 Transport Cat: Organic nitrogen uptake & transport, DRAM2 Predicted Substrate Class: amino acids/peptides
Transporters	Transporters	K15584 | 3.A.1.5.3 | 3.A.1.5.33 | 3.A.1.5.40 | 3.A.1.5.43	MicroTrait: nickel transport system substrate-binding protein, DRAM2 Transport Cat: Metal and inorganic nutrient uptake & transport, DRAM2 Predicted Substrate Class: metals/inorganic nutrients
Transporters	Transporters	K15585 | 3.A.1.5.3 | 3.A.1.5.33 | 3.A.1.5.40 | 3.A.1.5.43	MicroTrait: nickel transport system permease protein, DRAM2 Transport Cat: Metal and inorganic nutrient uptake & transport, DRAM2 Predicted Substrate Class: metals/inorganic nutrients
Transporters	Transporters	K15586 | 3.A.1.5.3 | 3.A.1.5.33 | 3.A.1.5.40 | 3.A.1.5.43	MicroTrait: nickel transport system permease protein, DRAM2 Transport Cat: Metal and inorganic nutrient uptake & transport, DRAM2 Predicted Substrate Class: metals/inorganic nutrients
Transporters	Transporters	K15587 | 3.A.1.5.3 | 3.A.1.5.33 | 3.A.1.5.40 | 3.A.1.5.43	MicroTrait: nickel transport system ATP-binding protein [EC:3.6.3.24], DRAM2 Transport Cat: Metal and inorganic nutrient uptake & transport, DRAM2 Predicted Substrate Class: metals/inorganic nutrients
Transporters	Transporters	K10824 | 3.A.1.5.3 | 3.A.1.5.33 | 3.A.1.5.40 | 3.A.1.5.43	MicroTrait: nickel transport system ATP-binding protein [EC:3.6.3.24], DRAM2 Transport Cat: Metal and inorganic nutrient uptake & transport, DRAM2 Predicted Substrate Class: metals/inorganic nutrients
Transporters	Transporters	K16199 | 3.A.1.5.2_P26906	MicroTrait: dipeptide transport system substrate-binding protein, DRAM2 Transport Cat: Organic nitrogen uptake & transport, DRAM2 Predicted Substrate Class: amino acids/peptides
Transporters	Transporters	K16202 | 3.A.1.5.2_P26905	MicroTrait: dipeptide transport system ATP-binding protein, DRAM2 Transport Cat: Organic nitrogen uptake & transport, DRAM2 Predicted Substrate Class: amino acids/peptides
Transporters	Transporters	K16201 | 3.A.1.5.2_P26904	MicroTrait: dipeptide transport system permease protein, DRAM2 Transport Cat: Organic nitrogen uptake & transport, DRAM2 Predicted Substrate Class: amino acids/peptides
Transporters	Transporters	K16200 | 3.A.1.5.2_P26903	MicroTrait: dipeptide transport system permease protein, DRAM2 Transport Cat: Organic nitrogen uptake & transport, DRAM2 Predicted Substrate Class: amino acids/peptides
Transporters	Transporters	K16203 | 3.A.1.5.2_P26902	MicroTrait: D-amino peptidase [EC:3.4.11.-], DRAM2 Transport Cat: Organic nitrogen uptake & transport, DRAM2 Predicted Substrate Class: amino acids/peptides
Transporters	Transporters	K15582 | 3.A.1.5.18_O51310 | 3.A.1.5.19_Q2FZR6 | 3.A.1.5.1_P08006 | 3.A.1.5.25_Q9CIL0 | 3.A.1.5.37_B1W1M0 | 3.A.1.5.41_P0AFH6	MicroTrait: oligopeptide transport system permease protein, DRAM2 Transport Cat: Organic nitrogen uptake & transport, DRAM2 Predicted Substrate Class: amino acids/peptides
Transporters	Transporters	K15580 | 3.A.1.5.18_O31315 | 3.A.1.5.18_O50927 | 3.A.1.5.18_O51307 | 3.A.1.5.18_O51308 | 3.A.1.5.18_O54584 | 3.A.1.5.19_Q2FZR3 | 3.A.1.5.1_P06202 | 3.A.1.5.1_P77348 | 3.A.1.5.25_Q64K09 | 3.A.1.5.25_Q9CIL2 | 3.A.1.5.37_B1W1M2 | 3.A.1.5.41_P23843 | 3.A.1.5.41_P77348 | 3.A.1.5.41_Q46863	MicroTrait: oligopeptide transport system substrate-binding protein, DRAM2 Transport Cat: Organic nitrogen uptake & transport, DRAM2 Predicted Substrate Class: amino acids/peptides
Transporters	Transporters	K10823 | 3.A.1.5.18_O31310 | 3.A.1.5.19_Q2FZR4 | 3.A.1.5.1_P08007 | 3.A.1.5.20_P42065 | 3.A.1.5.25_Q9CIK8 | 3.A.1.5.37_B1W1L8 | 3.A.1.5.41_P77737	MicroTrait: oligopeptide transport system ATP-binding protein, DRAM2 Transport Cat: Organic nitrogen uptake & transport, DRAM2 Predicted Substrate Class: amino acids/peptides
Transporters	Transporters	K15583 | 3.A.1.5.18_O31309 | 3.A.1.5.19_Q2FZR5 | 3.A.1.5.1_P04285 | 3.A.1.5.20_P42064 | 3.A.1.5.25_Q9CIK9 | 3.A.1.5.37_B1W1L9 | 3.A.1.5.41_P76027	MicroTrait: oligopeptide transport system ATP-binding protein, DRAM2 Transport Cat: Organic nitrogen uptake & transport, DRAM2 Predicted Substrate Class: amino acids/peptides
Transporters	Transporters	K15581 | 3.A.1.5.18_O31307 | 3.A.1.5.19_Q2FZR7 | 3.A.1.5.1_P08005 | 3.A.1.5.25_Q9CIL1 | 3.A.1.5.37_B1W1M1 | 3.A.1.5.41_P0AFH2	MicroTrait: oligopeptide transport system permease protein, DRAM2 Transport Cat: Organic nitrogen uptake & transport, DRAM2 Predicted Substrate Class: amino acids/peptides
Transporters	Transporters	K13892 | 3.A.1.5.11	MicroTrait: glutathione transport system ATP-binding protein, DRAM2 Transport Cat: Organic nitrogen uptake & transport, DRAM2 Predicted Substrate Class: amino acids/peptides
Transporters	Transporters	K13889 | 3.A.1.5.11	MicroTrait: glutathione transport system substrate-binding protein, DRAM2 Transport Cat: Organic nitrogen uptake & transport, DRAM2 Predicted Substrate Class: amino acids/peptides
Transporters	Transporters	K13890 | 3.A.1.5.11	MicroTrait: glutathione transport system permease protein, DRAM2 Transport Cat: Organic nitrogen uptake & transport, DRAM2 Predicted Substrate Class: amino acids/peptides
Transporters	Transporters	K13891 | 3.A.1.5.11	MicroTrait: glutathione transport system permease protein, DRAM2 Transport Cat: Organic nitrogen uptake & transport, DRAM2 Predicted Substrate Class: amino acids/peptides
Transporters	Transporters	K11959 | 3.A.1.4.4 | 3.A.1.4.5	MicroTrait: urea transport system substrate-binding protein, DRAM2 Transport Cat: Inorganic nitrogen uptake & transport, DRAM2 Predicted Substrate Class: inorganic nitrogen
Transporters	Transporters	K11960 | 3.A.1.4.4 | 3.A.1.4.5	MicroTrait: urea transport system permease protein, DRAM2 Transport Cat: Inorganic nitrogen uptake & transport, DRAM2 Predicted Substrate Class: inorganic nitrogen
Transporters	Transporters	K11961 | 3.A.1.4.4 | 3.A.1.4.5	MicroTrait: urea transport system permease protein, DRAM2 Transport Cat: Inorganic nitrogen uptake & transport, DRAM2 Predicted Substrate Class: inorganic nitrogen
Transporters	Transporters	K11962 | 3.A.1.4.4 | 3.A.1.4.5	MicroTrait: urea transport system ATP-binding protein, DRAM2 Transport Cat: Inorganic nitrogen uptake & transport, DRAM2 Predicted Substrate Class: inorganic nitrogen
Transporters	Transporters	K11963 | 3.A.1.4.4 | 3.A.1.4.5	MicroTrait: urea transport system ATP-binding protein, DRAM2 Transport Cat: Inorganic nitrogen uptake & transport, DRAM2 Predicted Substrate Class: inorganic nitrogen
Transporters	Transporters	K11954 | 3.A.1.4.2_Q55387	MicroTrait: neutral amino acid transport system substrate-binding protein, DRAM2 Transport Cat: Organic nitrogen uptake & transport, DRAM2 Predicted Substrate Class: amino acids/peptides
Transporters	Transporters	K11957 | 3.A.1.4.2_Q55164	MicroTrait: neutral amino acid transport system ATP-binding protein, DRAM2 Transport Cat: Organic nitrogen uptake & transport, DRAM2 Predicted Substrate Class: amino acids/peptides
Transporters	Transporters	K11955 | 3.A.1.4.2_P74455	MicroTrait: neutral amino acid transport system permease protein, DRAM2 Transport Cat: Organic nitrogen uptake & transport, DRAM2 Predicted Substrate Class: amino acids/peptides
Transporters	Transporters	K11956 | 3.A.1.4.2_P74318	MicroTrait: neutral amino acid transport system permease protein, DRAM2 Transport Cat: Organic nitrogen uptake & transport, DRAM2 Predicted Substrate Class: amino acids/peptides
Transporters	Transporters	K11958 | 3.A.1.4.2_P73650	MicroTrait: neutral amino acid transport system ATP-binding protein, DRAM2 Transport Cat: Organic nitrogen uptake & transport, DRAM2 Predicted Substrate Class: amino acids/peptides
Transporters	Transporters	K01999 | 3.A.1.4.10_Q8DQI1 | 3.A.1.4.11_Q6N8W4 | 3.A.1.4.1_P04816 | 3.A.1.4.1_P0AD96 | 3.A.1.4.3_Q9L3M3 | 3.A.1.4.8_P21175	MicroTrait: branched-chain amino acid transport system substrate-binding protein, DRAM2 Transport Cat: Organic nitrogen uptake & transport, DRAM2 Predicted Substrate Class: amino acids/peptides
Transporters	Transporters	K01997 | 3.A.1.4.10_Q8DQI0 | 3.A.1.4.11_Q6N8W0 | 3.A.1.4.1_P0AEX7 | 3.A.1.4.3_Q8VM85 | 3.A.1.4.8_P21627	MicroTrait: branched-chain amino acid transport system permease protein, DRAM2 Transport Cat: Organic nitrogen uptake & transport, DRAM2 Predicted Substrate Class: amino acids/peptides
Transporters	Transporters	K01998 | 3.A.1.4.10_Q8DQH9 | 3.A.1.4.11_Q6N8W1 | 3.A.1.4.1_P22729 | 3.A.1.4.3_Q8VM84 | 3.A.1.4.8_P21628	MicroTrait: branched-chain amino acid transport system permease protein, DRAM2 Transport Cat: Organic nitrogen uptake & transport, DRAM2 Predicted Substrate Class: amino acids/peptides
Transporters	Transporters	K01996 | 3.A.1.4.10_Q8DQH7 | 3.A.1.4.11_Q6N8W2 | 3.A.1.4.1_P22731 | 3.A.1.4.8_P21630	MicroTrait: branched-chain amino acid transport system ATP-binding protein, DRAM2 Transport Cat: Organic nitrogen uptake & transport, DRAM2 Predicted Substrate Class: amino acids/peptides
Transporters	Transporters	K01995 | 3.A.1.4.10_Q8DQH7 | 3.A.1.4.10_Q8DQH8 | 3.A.1.4.1_P0A9S7 | 3.A.1.4.3_Q8VM83 | 3.A.1.4.8_P21629	MicroTrait: branched-chain amino acid transport system ATP-binding protein, DRAM2 Transport Cat: Organic nitrogen uptake & transport, DRAM2 Predicted Substrate Class: amino acids/peptides
Transporters	Transporters	K01989 | 3.A.1.34.1_Q99ZY6	MicroTrait: putative ABC transport system substrate-binding protein, DRAM2 Transport Cat: Miscellaneous, DRAM2 Predicted Substrate Class: ambiguous
Transporters	Transporters	K05832 | 3.A.1.34.1_Q99ZY4	MicroTrait: putative ABC transport system permease protein, DRAM2 Transport Cat: Miscellaneous, DRAM2 Predicted Substrate Class: ambiguous
Transporters	Transporters	K05833 | 3.A.1.34.1_Q99ZY3	MicroTrait: putative ABC transport system ATP-binding protein, DRAM2 Transport Cat: Miscellaneous, DRAM2 Predicted Substrate Class: ambiguous
Transporters	Transporters	K16927 | 3.A.1.32.1_Q9KXJ5 | 3.A.1.32.2_Q2NFA9 | 3.A.1.32.3_A9WHW7	MicroTrait: energy-coupling factor transport system substrate-specific component, DRAM2 Transport Cat: Miscellaneous, DRAM2 Predicted Substrate Class: ambiguous
Transporters	Transporters	K10007 | 3.A.1.3.9_P48245	MicroTrait: glutamate transport system permease protein, DRAM2 Transport Cat: Organic nitrogen uptake & transport, DRAM2 Predicted Substrate Class: amino acids/peptides
Transporters	Transporters	K10006 | 3.A.1.3.9_P48244	MicroTrait: glutamate transport system permease protein, DRAM2 Transport Cat: Organic nitrogen uptake & transport, DRAM2 Predicted Substrate Class: amino acids/peptides
Transporters	Transporters	K10008 | 3.A.1.3.9_P48243	MicroTrait: glutamate transport system ATP-binding protein [EC:3.6.3.-], DRAM2 Transport Cat: Organic nitrogen uptake & transport, DRAM2 Predicted Substrate Class: amino acids/peptides
Transporters	Transporters	K10005 | 3.A.1.3.9_P48242	MicroTrait: glutamate transport system substrate-binding protein, DRAM2 Transport Cat: Organic nitrogen uptake & transport, DRAM2 Predicted Substrate Class: amino acids/peptides
Transporters	Transporters	K10020 | 3.A.1.3.5 | 3.A.1.3.6	MicroTrait: octopine/nopaline transport system permease protein, DRAM2 Transport Cat: Miscellaneous, DRAM2 Predicted Substrate Class: ambiguous
Transporters	Transporters	K10018 | 3.A.1.3.5 | 3.A.1.3.6	MicroTrait: octopine/nopaline transport system substrate-binding protein, DRAM2 Transport Cat: Organic nitrogen uptake & transport, DRAM2 Predicted Substrate Class: ambiguous
Transporters	Transporters	K09996 | 3.A.1.3.3_P30860	MicroTrait: arginine transport system substrate-binding protein, DRAM2 Transport Cat: Organic nitrogen uptake & transport, DRAM2 Predicted Substrate Class: amino acids/peptides
Transporters	Transporters	K09997 | 3.A.1.3.3_P30859 | 3.A.1.3.3_P30860	MicroTrait: arginine transport system substrate-binding protein, DRAM2 Transport Cat: Organic nitrogen uptake & transport, DRAM2 Predicted Substrate Class: amino acids/peptides
Transporters	Transporters	K09999 | 3.A.1.3.3_P0AE34	MicroTrait: arginine transport system permease protein, DRAM2 Transport Cat: Organic nitrogen uptake & transport, DRAM2 Predicted Substrate Class: amino acids/peptides
Transporters	Transporters	K09998 | 3.A.1.3.3_P0AE30	MicroTrait: arginine transport system permease protein, DRAM2 Transport Cat: Organic nitrogen uptake & transport, DRAM2 Predicted Substrate Class: amino acids/peptides
Transporters	Transporters	K10000 | 3.A.1.3.3_P0AAF6	MicroTrait: arginine transport system ATP-binding protein [EC:3.6.3.-], DRAM2 Transport Cat: Organic nitrogen uptake & transport, DRAM2 Predicted Substrate Class: amino acids/peptides
Transporters	Transporters	K10010 | 3.A.1.3.28_B8F898	MicroTrait: cystine transport system ATP-binding protein [EC:3.6.3.-], DRAM2 Transport Cat: Organic nitrogen uptake & transport, DRAM2 Predicted Substrate Class: ambiguous
Transporters	Transporters	K10009 | 3.A.1.3.28_B8F897	MicroTrait: cystine transport system permease protein, DRAM2 Transport Cat: Organic nitrogen uptake & transport, DRAM2 Predicted Substrate Class: ambiguous
Transporters	Transporters	K02424 | 3.A.1.3.28_B8F896	MicroTrait: cystine transport system substrate-binding protein, DRAM2 Transport Cat: Organic nitrogen uptake & transport, DRAM2 Predicted Substrate Class: ambiguous
Transporters	Transporters	K10021 | 3.A.1.3.23_Q9HU32	MicroTrait: octopine/nopaline transport system ATP-binding protein [EC:3.6.3.-], DRAM2 Transport Cat: Organic nitrogen uptake & transport, DRAM2 Predicted Substrate Class: ambiguous
Transporters	Transporters	K10019 | 3.A.1.3.23_Q9HU29	MicroTrait: octopine/nopaline transport system permease protein, DRAM2 Transport Cat: Organic nitrogen uptake & transport, DRAM2 Predicted Substrate Class: ambiguous
Transporters	Transporters	K23055 | 3.A.1.3.23	MicroTrait: lysine/arginine/ornithine/histidine/octopine transport system substrate-binding protein, DRAM2 Transport Cat: Organic nitrogen uptake & transport, DRAM2 Predicted Substrate Class: amino acids/peptides
Transporters	Transporters	K23056 | 3.A.1.3.23	MicroTrait: lysine/arginine/ornithine/histidine/octopine transport system permease protein, DRAM2 Transport Cat: Organic nitrogen uptake & transport, DRAM2 Predicted Substrate Class: amino acids/peptides
Transporters	Transporters	K23057 | 3.A.1.3.23	MicroTrait: lysine/arginine/ornithine/histidine/octopine transport system permease protein, DRAM2 Transport Cat: Organic nitrogen uptake & transport, DRAM2 Predicted Substrate Class: amino acids/peptides
Transporters	Transporters	K23058 | 3.A.1.3.23	MicroTrait: lysine/arginine/ornithine/histidine/octopine transport system ATP-binding protein [EC:7.4.2.1], DRAM2 Transport Cat: Organic nitrogen uptake & transport, DRAM2 Predicted Substrate Class: amino acids/peptides
Transporters	Transporters	K23062 | 3.A.1.3.21	MicroTrait: hydroxyproline transport system permease protein, DRAM2 Transport Cat: Organic nitrogen uptake & transport, DRAM2 Predicted Substrate Class: amino acids/peptides
Transporters	Transporters	K23063 | 3.A.1.3.21	MicroTrait: hydroxyproline transport system permease protein, DRAM2 Transport Cat: Organic nitrogen uptake & transport, DRAM2 Predicted Substrate Class: amino acids/peptides
Transporters	Transporters	K23064 | 3.A.1.3.21	MicroTrait: hydroxyproline transport system ATP-binding protein, DRAM2 Transport Cat: Organic nitrogen uptake & transport, DRAM2 Predicted Substrate Class: amino acids/peptides
Transporters	Transporters	K23061 | 3.A.1.3.21	MicroTrait: hydroxyproline transporter system substrate-binding protein, DRAM2 Transport Cat: Organic nitrogen uptake & transport, DRAM2 Predicted Substrate Class: amino acids/peptides
Transporters	Transporters	K17076 | 3.A.1.3.20_Q9A1H1	MicroTrait: putative lysine transport system ATP-binding protein [EC:3.6.3.-], DRAM2 Transport Cat: Organic nitrogen uptake & transport, DRAM2 Predicted Substrate Class: amino acids/peptides
Transporters	Transporters	K17074 | 3.A.1.3.20_Q9A1H0	MicroTrait: putative lysine transport system permease protein, DRAM2 Transport Cat: Organic nitrogen uptake & transport, DRAM2 Predicted Substrate Class: amino acids/peptides
Transporters	Transporters	K17073 | 3.A.1.3.20	MicroTrait: putative lysine transport system substrate-binding protein, DRAM2 Transport Cat: Organic nitrogen uptake & transport, DRAM2 Predicted Substrate Class: amino acids/peptides
Transporters	Transporters	K10038 | 3.A.1.3.2_P10346	MicroTrait: glutamine transport system ATP-binding protein [EC:3.6.3.-], DRAM2 Transport Cat: Organic nitrogen uptake & transport, DRAM2 Predicted Substrate Class: amino acids/peptides
Transporters	Transporters	K10037 | 3.A.1.3.2_P0AEQ6	MicroTrait: glutamine transport system permease protein, DRAM2 Transport Cat: Organic nitrogen uptake & transport, DRAM2 Predicted Substrate Class: amino acids/peptides
Transporters	Transporters	K10036 | 3.A.1.3.2_P0AEQ3	MicroTrait: glutamine transport system substrate-binding protein, DRAM2 Transport Cat: Organic nitrogen uptake & transport, DRAM2 Predicted Substrate Class: amino acids/peptides
Transporters	Transporters	K10004 | 3.A.1.3.19_Q88NY5 | 3.A.1.3.22_Q9I405 | 3.A.1.3.4_P0AAG3	MicroTrait: glutamate/aspartate transport system ATP-binding protein [EC:3.6.3.-], DRAM2 Transport Cat: Organic nitrogen uptake & transport, DRAM2 Predicted Substrate Class: amino acids/peptides
Transporters	Transporters	K10002 | 3.A.1.3.19_Q88NY4 | 3.A.1.3.22_Q9I404 | 3.A.1.3.4_P0AER5	MicroTrait: glutamate/aspartate transport system permease protein, DRAM2 Transport Cat: Organic nitrogen uptake & transport, DRAM2 Predicted Substrate Class: amino acids/peptides
Transporters	Transporters	K10003 | 3.A.1.3.19_Q88NY3 | 3.A.1.3.22_Q9I403 | 3.A.1.3.4_P0AER3	MicroTrait: glutamate/aspartate transport system permease protein, DRAM2 Transport Cat: Organic nitrogen uptake & transport, DRAM2 Predicted Substrate Class: amino acids/peptides
Transporters	Transporters	K10001 | 3.A.1.3.19_Q88NY2 | 3.A.1.3.22_Q9I402 | 3.A.1.3.4_P37902	MicroTrait: glutamate/aspartate transport system substrate-binding protein, DRAM2 Transport Cat: Organic nitrogen uptake & transport, DRAM2 Predicted Substrate Class: amino acids/peptides
Transporters	Transporters	K09969 | 3.A.1.3.18_Q8YPM9 | 3.A.1.3.26_P45766 | 3.A.1.3.7_Q52663 | 3.A.1.3.8_Q52812	MicroTrait: general L-amino acid transport system substrate-binding protein, DRAM2 Transport Cat: Organic nitrogen uptake & transport, DRAM2 Predicted Substrate Class: amino acids/peptides
Transporters	Transporters	K09970 | 3.A.1.3.18_Q8YPM8 | 3.A.1.3.26_P45767 | 3.A.1.3.7_Q52664 | 3.A.1.3.8_Q52813	MicroTrait: general L-amino acid transport system permease protein, DRAM2 Transport Cat: Organic nitrogen uptake & transport, DRAM2 Predicted Substrate Class: amino acids/peptides
Transporters	Transporters	K09971 | 3.A.1.3.18_Q8YPM7 | 3.A.1.3.26_P45768 | 3.A.1.3.7_Q52665 | 3.A.1.3.8_Q52814	MicroTrait: general L-amino acid transport system permease protein, DRAM2 Transport Cat: Organic nitrogen uptake & transport, DRAM2 Predicted Substrate Class: amino acids/peptides
Transporters	Transporters	K10039 | 3.A.1.3.16_Q0P9X8	MicroTrait: putative glutamine transport system substrate-binding protein, DRAM2 Transport Cat: Organic nitrogen uptake & transport, DRAM2 Predicted Substrate Class: amino acids/peptides
Transporters	Transporters	K09972 | 3.A.1.3.16_A3ZI83 | 3.A.1.3.26_P45769 | 3.A.1.3.7_Q52666 | 3.A.1.3.8_Q52815	MicroTrait: general L-amino acid transport system ATP-binding protein [EC:3.6.3.-], DRAM2 Transport Cat: Organic nitrogen uptake & transport, DRAM2 Predicted Substrate Class: amino acids/peptides
Transporters	Transporters	K10041 | 3.A.1.3.16_A3ZI83	MicroTrait: putative glutamine transport system ATP-binding protein [EC:3.6.3.-], DRAM2 Transport Cat: Organic nitrogen uptake & transport, DRAM2 Predicted Substrate Class: amino acids/peptides
Transporters	Transporters	K10040 | 3.A.1.3.16_A1VZQ3	MicroTrait: putative glutamine transport system permease protein, DRAM2 Transport Cat: Organic nitrogen uptake & transport, DRAM2 Predicted Substrate Class: amino acids/peptides
Transporters	Transporters	K23059 | 3.A.1.3.15 | 3.A.1.3.27	MicroTrait: arginine/lysine/histidine transporter system substrate-binding protein, DRAM2 Transport Cat: Organic nitrogen uptake & transport, DRAM2 Predicted Substrate Class: amino acids/peptides
Transporters	Transporters	K17077 | 3.A.1.3.15 | 3.A.1.3.27	MicroTrait: arginine/lysine/histidine transport system permease protein, DRAM2 Transport Cat: Organic nitrogen uptake & transport, DRAM2 Predicted Substrate Class: amino acids/peptides
Transporters	Transporters	K23060 | 3.A.1.3.15 | 3.A.1.3.27	MicroTrait: arginine/lysine/histidine transport system ATP-binding protein [EC:7.4.2.1], DRAM2 Transport Cat: Organic nitrogen uptake & transport, DRAM2 Predicted Substrate Class: amino acids/peptides
Transporters	Transporters	K02028 | 3.A.1.3.15_P54537 | 3.A.1.3.23_Q9HU32 | 3.A.1.3.24_Q9F3K7 | 3.A.1.3.25_Q9CES4	MicroTrait: polar amino acid transport system ATP-binding protein [EC:3.6.3.21], DRAM2 Transport Cat: Organic nitrogen uptake & transport, DRAM2 Predicted Substrate Class: amino acids/peptides
Transporters	Transporters	K02029 | 3.A.1.3.15_P54536 | 3.A.1.3.23_Q9HU29 | 3.A.1.3.23_Q9HU30 | 3.A.1.3.24_Q9F3K6	MicroTrait: polar amino acid transport system permease protein, DRAM2 Transport Cat: Organic nitrogen uptake & transport, DRAM2 Predicted Substrate Class: amino acids/peptides
Transporters	Transporters	K16956 | 3.A.1.3.13	MicroTrait: L-cystine transport system substrate-binding protein, DRAM2 Transport Cat: Organic nitrogen uptake & transport, DRAM2 Predicted Substrate Class: ambiguous
Transporters	Transporters	K16957 | 3.A.1.3.13	MicroTrait: L-cystine transport system substrate-binding protein, DRAM2 Transport Cat: Organic nitrogen uptake & transport, DRAM2 Predicted Substrate Class: ambiguous
Transporters	Transporters	K16958 | 3.A.1.3.13	MicroTrait: L-cystine transport system permease protein, DRAM2 Transport Cat: Organic nitrogen uptake & transport, DRAM2 Predicted Substrate Class: ambiguous
Transporters	Transporters	K16959 | 3.A.1.3.13	MicroTrait: L-cystine transport system permease protein, DRAM2 Transport Cat: Organic nitrogen uptake & transport, DRAM2 Predicted Substrate Class: ambiguous
Transporters	Transporters	K16960 | 3.A.1.3.13	MicroTrait: L-cystine transport system ATP-binding protein [EC:3.6.3.-], DRAM2 Transport Cat: Organic nitrogen uptake & transport, DRAM2 Predicted Substrate Class: ambiguous
Transporters	Transporters	K17063 | 3.A.1.3.12_P73721	MicroTrait: arginine/lysine/histidine/glutamine transport system ATP-binding protein [EC:3.6.3.-], DRAM2 Transport Cat: Organic nitrogen uptake & transport, DRAM2 Predicted Substrate Class: amino acids/peptides
Transporters	Transporters	K17062 | 3.A.1.3.12_P73544 | 3.A.1.3.17_Q8YSA2	MicroTrait: arginine/lysine/histidine/glutamine transport system substrate-binding and permease protein, DRAM2 Transport Cat: Organic nitrogen uptake & transport, DRAM2 Predicted Substrate Class: amino acids/peptides
Transporters	Transporters	K10015 | 3.A.1.3.11_O50183 | 3.A.1.3.1_P0A2I7 | 3.A.1.3.29_P0AEU3	MicroTrait: histidine transport system permease protein, DRAM2 Transport Cat: Organic nitrogen uptake & transport, DRAM2 Predicted Substrate Class: amino acids/peptides
Transporters	Transporters	K10023 | 3.A.1.3.11_O50183	MicroTrait: arginine/ornithine transport system permease protein, DRAM2 Transport Cat: Organic nitrogen uptake & transport, DRAM2 Predicted Substrate Class: amino acids/peptides
Transporters	Transporters	K10016 | 3.A.1.3.11_O50182 | 3.A.1.3.1_P0A2I9 | 3.A.1.3.29_P52094	MicroTrait: histidine transport system permease protein, DRAM2 Transport Cat: Organic nitrogen uptake & transport, DRAM2 Predicted Substrate Class: amino acids/peptides
Transporters	Transporters	K10024 | 3.A.1.3.11_O50182	MicroTrait: arginine/ornithine transport system permease protein, DRAM2 Transport Cat: Organic nitrogen uptake & transport, DRAM2 Predicted Substrate Class: amino acids/peptides
Transporters	Transporters	K10013 | 3.A.1.3.11_O50181 | 3.A.1.3.1_P09551 | 3.A.1.3.29_P09551 | 3.A.1.3.29_P0AEU0	MicroTrait: lysine/arginine/ornithine transport system substrate-binding protein, DRAM2 Transport Cat: Organic nitrogen uptake & transport, DRAM2 Predicted Substrate Class: amino acids/peptides
Transporters	Transporters	K10014 | 3.A.1.3.11_O50181 | 3.A.1.3.1_P09551 | 3.A.1.3.29_P09551 | 3.A.1.3.29_P0AEU0	MicroTrait: histidine transport system substrate-binding protein, DRAM2 Transport Cat: Organic nitrogen uptake & transport, DRAM2 Predicted Substrate Class: amino acids/peptides
Transporters	Transporters	K10022 | 3.A.1.3.11_O50181	MicroTrait: arginine/ornithine transport system substrate-binding protein, DRAM2 Transport Cat: Organic nitrogen uptake & transport, DRAM2 Predicted Substrate Class: amino acids/peptides
Transporters	Transporters	K10017 | 3.A.1.3.11_O30506 | 3.A.1.3.1_P02915 | 3.A.1.3.29_P07109	MicroTrait: histidine transport system ATP-binding protein [EC:3.6.3.21], DRAM2 Transport Cat: Organic nitrogen uptake & transport, DRAM2 Predicted Substrate Class: amino acids/peptides
Transporters	Transporters	K10025 | 3.A.1.3.11_O30506 | 3.A.1.3.1_P02915 | 3.A.1.3.23_Q9HU32	MicroTrait: arginine/ornithine transport system ATP-binding protein [EC:3.6.3.-], DRAM2 Transport Cat: Organic nitrogen uptake & transport, DRAM2 Predicted Substrate Class: amino acids/peptides
Transporters	Transporters	K16785 | 3.A.1.29.1_Q74I61 | 3.A.1.25.5_Q9X2I1 | 3.A.1.25.6_Q5M245 | 3.A.1.26.10_I7BV49 | 3.A.1.32.1_Q9KXJ7 | 3.A.1.32.2_Q2NFA7 | 3.A.1.32.3_A9WJX6 | 3.A.1.33.1_Q8R9L9	MicroTrait: energy-coupling factor transport system permease protein, DRAM2 Transport Cat: Miscellaneous, DRAM2 Predicted Substrate Class: ambiguous
Transporters	Transporters	K04754 | 3.A.1.27.3_P76506	MicroTrait: phospholipid-binding lipoprotein MlaA, DRAM2 Transport Cat: Miscellaneous, DRAM2 Predicted Substrate Class: ambiguous
Transporters	Transporters	K02066 | 3.A.1.27.3_P64606	MicroTrait: phospholipid/cholesterol/gamma-HCH transport system permease protein, DRAM2 Transport Cat: Miscellaneous, DRAM2 Predicted Substrate Class: ambiguous
Transporters	Transporters	K02067 | 3.A.1.27.3_P64604	MicroTrait: phospholipid/cholesterol/gamma-HCH transport system substrate-binding protein, DRAM2 Transport Cat: Miscellaneous, DRAM2 Predicted Substrate Class: ambiguous
Transporters	Transporters	K07122 | 3.A.1.27.3_P64602	MicroTrait: phospholipid transport system transporter-binding protein, DRAM2 Transport Cat: Miscellaneous, DRAM2 Predicted Substrate Class: ambiguous
Transporters	Transporters	K02065 | 3.A.1.27.3_P63386	MicroTrait: phospholipid/cholesterol/gamma-HCH transport system ATP-binding protein, DRAM2 Transport Cat: Miscellaneous, DRAM2 Predicted Substrate Class: ambiguous
Transporters	Transporters	K07323 | 3.A.1.27.3_P0ADV7	MicroTrait: phospholipid transport system substrate-binding protein, DRAM2 Transport Cat: Miscellaneous, DRAM2 Predicted Substrate Class: ambiguous
Transporters	Transporters	K16784 | 3.A.1.25.7_D5ARH0 | 3.A.1.25.1	MicroTrait: biotin transport system ATP-binding protein [EC:3.6.3.-], DRAM2 Transport Cat: Miscellaneous, DRAM2 Predicted Substrate Class: ambiguous
Transporters	Transporters	K16783 | 3.A.1.25.7_D5ARG9 | 3.A.1.25.1	MicroTrait: biotin transport system permease protein, DRAM2 Transport Cat: Miscellaneous, DRAM2 Predicted Substrate Class: ambiguous
Transporters	Transporters	K16786 | 3.A.1.25.5_Q9X1Z1 | 3.A.1.25.6_Q5M243 | 3.A.1.26.10_Q839D5	MicroTrait: energy-coupling factor transport system ATP-binding protein [EC:3.6.3.-], DRAM2 Transport Cat: Miscellaneous, DRAM2 Predicted Substrate Class: ambiguous
Transporters	Transporters	K03523 | 3.A.1.25.5_Q9WZQ6 | 3.A.1.25.7_D5ARG8	MicroTrait: biotin transport system substrate-specific component, DRAM2 Transport Cat: Miscellaneous, DRAM2 Predicted Substrate Class: ambiguous
Transporters	Transporters	K02072 | 3.A.1.24.1_P31547 | 3.A.1.24.2_O32168 | 3.A.1.24.3_Q8K8K7 | 3.A.1.24.4_Q8NSN3 | 3.A.1.24.5_Q9HT69	MicroTrait: D-methionine transport system permease protein, DRAM2 Transport Cat: Organic nitrogen uptake & transport, DRAM2 Predicted Substrate Class: amino acids/peptides
Transporters	Transporters	K02071 | 3.A.1.24.1_P30750 | 3.A.1.24.2_O32169 | 3.A.1.24.3_Q8K8K8 | 3.A.1.24.4_Q8NSN2 | 3.A.1.24.5_Q9HT70	MicroTrait: D-methionine transport system ATP-binding protein, DRAM2 Transport Cat: Organic nitrogen uptake & transport, DRAM2 Predicted Substrate Class: amino acids/peptides
Transporters	Transporters	K02073 | 3.A.1.24.1_P28635 | 3.A.1.24.2_O32167 | 3.A.1.24.3_Q8K8K9 | 3.A.1.24.4_Q8NSN1 | 3.A.1.24.5_Q9HT68	MicroTrait: D-methionine transport system substrate-binding protein, DRAM2 Transport Cat: Organic nitrogen uptake & transport, DRAM2 Predicted Substrate Class: amino acids/peptides
Transporters	Transporters	K10094 | 3.A.1.22	MicroTrait: nickel transport protein, DRAM2 Transport Cat: Metal and inorganic nutrient uptake & transport, DRAM2 Predicted Substrate Class: metals/inorganic nutrients
Transporters	Transporters	K02012 | 3.A.1.20.2_Q9KLQ7 | 3.A.1.10.4_Q82VN7 | 3.A.1.10.5_Q56925	MicroTrait: iron(III) transport system substrate-binding protein, DRAM2 Transport Cat: Metal and inorganic nutrient uptake & transport, DRAM2 Predicted Substrate Class: metals/inorganic nutrients
Transporters	Transporters	K02011 | 3.A.1.20.2_Q9KLQ6 | 3.A.1.10.4_Q82VN6 | 3.A.1.10.5_Q56926	MicroTrait: iron(III) transport system permease protein, DRAM2 Transport Cat: Metal and inorganic nutrient uptake & transport, DRAM2 Predicted Substrate Class: metals/inorganic nutrients
Transporters	Transporters	K10559 | 3.A.1.2.9_Q7BSH5	MicroTrait: rhamnose transport system substrate-binding protein, DRAM2 Transport Cat: Organic carbon uptake & transport, DRAM2 Predicted Substrate Class: carbohydrates
Transporters	Transporters	K10562 | 3.A.1.2.9_Q7BSH4	MicroTrait: rhamnose transport system ATP-binding protein [EC:3.6.3.17], DRAM2 Transport Cat: Organic carbon uptake & transport, DRAM2 Predicted Substrate Class: carbohydrates
Transporters	Transporters	K10560 | 3.A.1.2.9_Q7BSH3	MicroTrait: rhamnose transport system permease protein, DRAM2 Transport Cat: Organic carbon uptake & transport, DRAM2 Predicted Substrate Class: carbohydrates
Transporters	Transporters	K10561 | 3.A.1.2.9	MicroTrait: rhamnose transport system permease protein, DRAM2 Transport Cat: Organic carbon uptake & transport, DRAM2 Predicted Substrate Class: carbohydrates
Transporters	Transporters	K10552 | 3.A.1.2.7_Q9F9B2	MicroTrait: fructose transport system substrate-binding protein, DRAM2 Transport Cat: Organic carbon uptake & transport, DRAM2 Predicted Substrate Class: carbohydrates
Transporters	Transporters	K10553 | 3.A.1.2.7_Q9F9B1	MicroTrait: fructose transport system permease protein, DRAM2 Transport Cat: Organic carbon uptake & transport, DRAM2 Predicted Substrate Class: carbohydrates
Transporters	Transporters	K10554 | 3.A.1.2.7_Q9F9B0	MicroTrait: fructose transport system ATP-binding protein, DRAM2 Transport Cat: Organic carbon uptake & transport, DRAM2 Predicted Substrate Class: carbohydrates
Transporters	Transporters	K10549 | 3.A.1.2.6_P39265	MicroTrait: D-allose transport system substrate-binding protein, DRAM2 Transport Cat: Organic carbon uptake & transport, DRAM2 Predicted Substrate Class: ambiguous
Transporters	Transporters	K10551 | 3.A.1.2.6_P32721	MicroTrait: D-allose transport system ATP-binding protein [EC:3.6.3.17], DRAM2 Transport Cat: Organic carbon uptake & transport, DRAM2 Predicted Substrate Class: ambiguous
Transporters	Transporters	K10550 | 3.A.1.2.6_P32720	MicroTrait: D-allose transport system permease protein, DRAM2 Transport Cat: Organic carbon uptake & transport, DRAM2 Predicted Substrate Class: ambiguous
Transporters	Transporters	K10541 | 3.A.1.2.3_P23200	MicroTrait: methyl-galactoside transport system permease protein, DRAM2 Transport Cat: Organic carbon uptake & transport, DRAM2 Predicted Substrate Class: ambiguous
Transporters	Transporters	K10540 | 3.A.1.2.3_P0AEE5	MicroTrait: methyl-galactoside transport system substrate-binding protein, DRAM2 Transport Cat: Organic carbon uptake & transport, DRAM2 Predicted Substrate Class: ambiguous
Transporters	Transporters	K10542 | 3.A.1.2.3_P0AAG8	MicroTrait: methyl-galactoside transport system ATP-binding protein [EC:3.6.3.17], DRAM2 Transport Cat: Organic carbon uptake & transport, DRAM2 Predicted Substrate Class: ambiguous
Transporters	Transporters	K10544 | 3.A.1.2.24_O50505 | 3.A.1.2.26_A6LW12 | 3.A.1.2.4_P0AGI4	MicroTrait: D-xylose transport system permease protein, DRAM2 Transport Cat: Organic carbon uptake & transport, DRAM2 Predicted Substrate Class: carbohydrates
Transporters	Transporters	K10545 | 3.A.1.2.24_O50504 | 3.A.1.2.26_A6LW11 | 3.A.1.2.4_P37388	MicroTrait: D-xylose transport system ATP-binding protein [EC:3.6.3.17], DRAM2 Transport Cat: Organic carbon uptake & transport, DRAM2 Predicted Substrate Class: carbohydrates
Transporters	Transporters	K10543 | 3.A.1.2.24_O50503 | 3.A.1.2.26_A6LW10 | 3.A.1.2.4_P37387	MicroTrait: D-xylose transport system substrate-binding protein, DRAM2 Transport Cat: Organic carbon uptake & transport, DRAM2 Predicted Substrate Class: carbohydrates
Transporters	Transporters	K10546 | 3.A.1.2.22_Q8G3R1 | 3.A.1.2.5_P25548	MicroTrait: putative multiple sugar transport system substrate-binding protein, DRAM2 Transport Cat: Organic carbon uptake & transport, DRAM2 Predicted Substrate Class: carbohydrates
Transporters	Transporters	K10548 | 3.A.1.2.22_Q8G3R0 | 3.A.1.2.5_O05176	MicroTrait: putative multiple sugar transport system ATP-binding protein, DRAM2 Transport Cat: Organic carbon uptake & transport, DRAM2 Predicted Substrate Class: carbohydrates
Transporters	Transporters	K10547 | 3.A.1.2.22_Q8G3Q9 | 3.A.1.2.5_O05177	MicroTrait: putative multiple sugar transport system permease protein, DRAM2 Transport Cat: Organic carbon uptake & transport, DRAM2 Predicted Substrate Class: carbohydrates
Transporters	Transporters	K17210 | 3.A.1.2.21	MicroTrait: inositol transport system ATP-binding protein, DRAM2 Transport Cat: Organic carbon uptake & transport, DRAM2 Predicted Substrate Class: ambiguous
Transporters	Transporters	K17209 | 3.A.1.2.21	MicroTrait: inositol transport system permease protein, DRAM2 Transport Cat: Organic carbon uptake & transport, DRAM2 Predicted Substrate Class: ambiguous
Transporters	Transporters	K17208 | 3.A.1.2.21	MicroTrait: inositol transport system substrate-binding protein, DRAM2 Transport Cat: Organic carbon uptake & transport, DRAM2 Predicted Substrate Class: ambiguous
Transporters	Transporters	K10439 | 3.A.1.2.20_G4FGN5	MicroTrait: ribose transport system substrate-binding protein, DRAM2 Transport Cat: Organic carbon uptake & transport, DRAM2 Predicted Substrate Class: carbohydrates
Transporters	Transporters	K10441 | 3.A.1.2.20_G4FGN3	MicroTrait: ribose transport system ATP-binding protein [EC:3.6.3.17], DRAM2 Transport Cat: Organic carbon uptake & transport, DRAM2 Predicted Substrate Class: carbohydrates
Transporters	Transporters	K10538 | 3.A.1.2.2_P0AE26	MicroTrait: L-arabinose transport system permease protein, DRAM2 Transport Cat: Organic carbon uptake & transport, DRAM2 Predicted Substrate Class: carbohydrates
Transporters	Transporters	K10539 | 3.A.1.2.2_P0AAF3	MicroTrait: L-arabinose transport system ATP-binding protein [EC:3.6.3.17], DRAM2 Transport Cat: Organic carbon uptake & transport, DRAM2 Predicted Substrate Class: carbohydrates
Transporters	Transporters	K10537 | 3.A.1.2.2_P02924	MicroTrait: L-arabinose transport system substrate-binding protein, DRAM2 Transport Cat: Organic carbon uptake & transport, DRAM2 Predicted Substrate Class: carbohydrates
Transporters	Transporters	K10440 | 3.A.1.2.18_Q9WXW7 | 3.A.1.2.20_G4FGN4 | 3.A.1.2.6_P32720	MicroTrait: ribose transport system permease protein, DRAM2 Transport Cat: Organic carbon uptake & transport, DRAM2 Predicted Substrate Class: carbohydrates
Transporters	Transporters	K17207 | 3.A.1.2.15_A8H4W7	MicroTrait: putative xylitol transport system ATP-binding protein, DRAM2 Transport Cat: Organic carbon uptake & transport, DRAM2 Predicted Substrate Class: ambiguous
Transporters	Transporters	K17206 | 3.A.1.2.15_A8H4W6	MicroTrait: putative xylitol transport system permease protein, DRAM2 Transport Cat: Organic carbon uptake & transport, DRAM2 Predicted Substrate Class: ambiguous
Transporters	Transporters	K17205 | 3.A.1.2.15_A8H4W5	MicroTrait: putative xylitol transport system substrate-binding protein, DRAM2 Transport Cat: Organic carbon uptake & transport, DRAM2 Predicted Substrate Class: ambiguous
Transporters	Transporters	K02058 | 3.A.1.2.14_Q0HIQ8 | 3.A.1.2.23_Q8G848 | 3.A.1.2.25_P39325 | 3.A.1.2.27_P77269 | 3.A.1.2.28_R9UW99	MicroTrait: simple sugar transport system substrate-binding protein, DRAM2 Transport Cat: Organic carbon uptake & transport, DRAM2 Predicted Substrate Class: carbohydrates
Transporters	Transporters	K02056 | 3.A.1.2.14_Q0HIQ7 | 3.A.1.2.20_G4FGN3 | 3.A.1.2.23_Q8G847 | 3.A.1.2.25_Q6BEX0 | 3.A.1.2.27_P77509 | 3.A.1.2.10_O83341 | 3.A.1.2.12_Q8DU37 | 3.A.1.2.17_A2RKA7 | 3.A.1.2.28_R9USS2	MicroTrait: simple sugar transport system ATP-binding protein [EC:3.6.3.17], DRAM2 Transport Cat: Organic carbon uptake & transport, DRAM2 Predicted Substrate Class: carbohydrates
Transporters	Transporters	K02057 | 3.A.1.2.14_Q0HIQ5 | 3.A.1.2.14_Q0HIQ6 | 3.A.1.2.18_Q9WXW0 | 3.A.1.2.23_Q8G845 | 3.A.1.2.23_Q8G846 | 3.A.1.2.25_P37772 | 3.A.1.2.25_P39328 | 3.A.1.2.27_P77315 | 3.A.1.2.10_O83342 | 3.A.1.2.10_O83343 | 3.A.1.2.12_Q8DU38 | 3.A.1.2.12_Q8DU39 | 3.A.1.2.17_A2RKA5 | 3.A.1.2.17_A2RKA6 | 3.A.1.2.28_O83323 | 3.A.1.2.28_O83324	MicroTrait: simple sugar transport system permease protein, DRAM2 Transport Cat: Organic carbon uptake & transport, DRAM2 Predicted Substrate Class: carbohydrates
Transporters	Transporters	K17202 | 3.A.1.2.11_Q92WK4 | 3.A.1.2.16_Q1M4Q9	MicroTrait: erythritol transport system substrate-binding protein, DRAM2 Transport Cat: Organic carbon uptake & transport, DRAM2 Predicted Substrate Class: ambiguous
Transporters	Transporters	K17204 | 3.A.1.2.11_Q92WK2 | 3.A.1.2.16_Q1M4Q7	MicroTrait: erythritol transport system ATP-binding protein, DRAM2 Transport Cat: Organic carbon uptake & transport, DRAM2 Predicted Substrate Class: ambiguous
Transporters	Transporters	K17203 | 3.A.1.2.11_Q92WK1 | 3.A.1.2.16_Q1M4Q8	MicroTrait: erythritol transport system permease protein, DRAM2 Transport Cat: Organic carbon uptake & transport, DRAM2 Predicted Substrate Class: ambiguous
Transporters	Transporters	K17215 | 3.A.1.2	MicroTrait: inositol transport system ATP-binding protein, DRAM2 Transport Cat: Organic carbon uptake & transport, DRAM2 Predicted Substrate Class: ambiguous
Transporters	Transporters	K17214 | 3.A.1.2	MicroTrait: inositol transport system permease protein, DRAM2 Transport Cat: Organic carbon uptake & transport, DRAM2 Predicted Substrate Class: ambiguous
Transporters	Transporters	K17213 | 3.A.1.2	MicroTrait: inositol transport system substrate-binding protein, DRAM2 Transport Cat: Organic carbon uptake & transport, DRAM2 Predicted Substrate Class: ambiguous
Transporters	Transporters	K02064 | 3.A.1.19.2_Q73RE6	MicroTrait: thiamine transport system substrate-binding protein, DRAM2 Transport Cat: Miscellaneous, DRAM2 Predicted Substrate Class: ambiguous
Transporters	Transporters	K02063 | 3.A.1.19.2_Q73RE5	MicroTrait: thiamine transport system permease protein, DRAM2 Transport Cat: Miscellaneous, DRAM2 Predicted Substrate Class: ambiguous
Transporters	Transporters	K02062 | 3.A.1.19.2_Q73RE4	MicroTrait: thiamine transport system ATP-binding protein, DRAM2 Transport Cat: Miscellaneous, DRAM2 Predicted Substrate Class: ambiguous
Transporters	Transporters	K02007 | 3.A.1.18 | 3.A.1.22 | 3.A.1.23	MicroTrait: cobalt/nickel transport system permease protein, DRAM2 Transport Cat: Metal and inorganic nutrient uptake & transport, DRAM2 Predicted Substrate Class: metals/inorganic nutrients
Transporters	Transporters	K02006 | 3.A.1.18 | 3.A.1.22 | 3.A.1.23	MicroTrait: cobalt/nickel transport system ATP-binding protein, DRAM2 Transport Cat: Metal and inorganic nutrient uptake & transport, DRAM2 Predicted Substrate Class: metals/inorganic nutrients
Transporters	Transporters	K02008 | 3.A.1.18 | 3.A.1.22 | 3.A.1.23	MicroTrait: cobalt/nickel transport system permease protein, DRAM2 Transport Cat: Metal and inorganic nutrient uptake & transport, DRAM2 Predicted Substrate Class: metals/inorganic nutrients
Transporters	Transporters	K02009 | 3.A.1.18	MicroTrait: cobalt/nickel transport protein, DRAM2 Transport Cat: Metal and inorganic nutrient uptake & transport, DRAM2 Predicted Substrate Class: metals/inorganic nutrients
Transporters	Transporters	K15553 | 3.A.1.17.2	MicroTrait: sulfonate transport system substrate-binding protein, DRAM2 Transport Cat: Miscellaneous, DRAM2 Predicted Substrate Class: ambiguous
Transporters	Transporters	K15555 | 3.A.1.17.2	MicroTrait: sulfonate transport system ATP-binding protein [EC:3.6.3.-], DRAM2 Transport Cat: Miscellaneous, DRAM2 Predicted Substrate Class: ambiguous
Transporters	Transporters	K15554 | 3.A.1.17.2	MicroTrait: sulfonate transport system permease protein, DRAM2 Transport Cat: Miscellaneous, DRAM2 Predicted Substrate Class: ambiguous
Transporters	Transporters	K02050 | 3.A.1.17.11_D1CEG9 | 3.A.1.17.14_A9WGD1 | 3.A.1.17.7_A7NLS3	MicroTrait: NitT/TauT family transport system permease protein, DRAM2 Transport Cat: Miscellaneous, DRAM2 Predicted Substrate Class: ambiguous
Transporters	Transporters	K02051 | 3.A.1.17.11_D1CEG8 | 3.A.1.17.14_A9WGD2 | 3.A.1.17.7_A7NLS2	MicroTrait: NitT/TauT family transport system substrate-binding protein, DRAM2 Transport Cat: Miscellaneous, DRAM2 Predicted Substrate Class: ambiguous
Transporters	Transporters	K15551 | 3.A.1.17.1 | 3.A.1.17.4	MicroTrait: taurine transport system substrate-binding protein, DRAM2 Transport Cat: Miscellaneous, DRAM2 Predicted Substrate Class: ambiguous
Transporters	Transporters	K10831 | 3.A.1.17.1 | 3.A.1.17.4	MicroTrait: taurine transport system ATP-binding protein [EC:3.6.3.36], DRAM2 Transport Cat: Miscellaneous, DRAM2 Predicted Substrate Class: ambiguous
Transporters	Transporters	K15552 | 3.A.1.17.1 | 3.A.1.17.4	MicroTrait: taurine transport system permease protein, DRAM2 Transport Cat: Miscellaneous, DRAM2 Predicted Substrate Class: ambiguous
Transporters	Transporters	K11950 | 3.A.1.16.3	MicroTrait: bicarbonate transport system substrate-binding protein, DRAM2 Transport Cat: Miscellaneous, DRAM2 Predicted Substrate Class: ambiguous
Transporters	Transporters	K11951 | 3.A.1.16.3	MicroTrait: bicarbonate transport system permease protein, DRAM2 Transport Cat: Miscellaneous, DRAM2 Predicted Substrate Class: ambiguous
Transporters	Transporters	K11952 | 3.A.1.16.3	MicroTrait: bicarbonate transport system ATP-binding protein [EC:3.6.3.-], DRAM2 Transport Cat: Miscellaneous, DRAM2 Predicted Substrate Class: ambiguous
Transporters	Transporters	K11953 | 3.A.1.16.3	MicroTrait: bicarbonate transport system ATP-binding protein [EC:3.6.3.-], DRAM2 Transport Cat: Miscellaneous, DRAM2 Predicted Substrate Class: ambiguous
Transporters	Transporters	K15576 | 3.A.1.16.1 | 3.A.1.16.2	MicroTrait: nitrate/nitrite transport system substrate-binding protein, DRAM2 Transport Cat: Inorganic nitrogen uptake & transport, DRAM2 Predicted Substrate Class: inorganic nitrogen
Transporters	Transporters	K15577 | 3.A.1.16.1 | 3.A.1.16.2	MicroTrait: nitrate/nitrite transport system permease protein, DRAM2 Transport Cat: Inorganic nitrogen uptake & transport, DRAM2 Predicted Substrate Class: inorganic nitrogen
Transporters	Transporters	K15579 | 3.A.1.16.1 | 3.A.1.16.2	MicroTrait: nitrate/nitrite transport system ATP-binding protein, DRAM2 Transport Cat: Inorganic nitrogen uptake & transport, DRAM2 Predicted Substrate Class: inorganic nitrogen
Transporters	Transporters	K15578 | 3.A.1.16.1	MicroTrait: nitrate/nitrite transport system ATP-binding protein [EC:3.6.3.-], DRAM2 Transport Cat: Inorganic nitrogen uptake & transport, DRAM2 Predicted Substrate Class: inorganic nitrogen
Transporters	Transporters	K11707 | 3.A.1.15.8	MicroTrait: manganese/zinc/iron transport system substrate-binding protein, DRAM2 Transport Cat: Metal and inorganic nutrient uptake & transport, DRAM2 Predicted Substrate Class: metals/inorganic nutrients
Transporters	Transporters	K11710 | 3.A.1.15.8	MicroTrait: manganese/zinc/iron transport system ATP- binding protein, DRAM2 Transport Cat: Metal and inorganic nutrient uptake & transport, DRAM2 Predicted Substrate Class: metals/inorganic nutrients
Transporters	Transporters	K11708 | 3.A.1.15.8	MicroTrait: manganese/zinc/iron transport system permease protein, DRAM2 Transport Cat: Metal and inorganic nutrient uptake & transport, DRAM2 Predicted Substrate Class: metals/inorganic nutrients
Transporters	Transporters	K11709 | 3.A.1.15.8	MicroTrait: manganese/zinc/iron transport system permease protein, DRAM2 Transport Cat: Metal and inorganic nutrient uptake & transport, DRAM2 Predicted Substrate Class: metals/inorganic nutrients
Transporters	Transporters	K11604 | 3.A.1.15.7 | 3.A.1.15.9	MicroTrait: manganese/iron transport system substrate-binding protein, DRAM2 Transport Cat: Metal and inorganic nutrient uptake & transport, DRAM2 Predicted Substrate Class: metals/inorganic nutrients
Transporters	Transporters	K11607 | 3.A.1.15.7 | 3.A.1.15.9	MicroTrait: manganese/iron transport system ATP-binding protein, DRAM2 Transport Cat: Metal and inorganic nutrient uptake & transport, DRAM2 Predicted Substrate Class: metals/inorganic nutrients
Transporters	Transporters	K11605 | 3.A.1.15.7 | 3.A.1.15.9	MicroTrait: manganese/iron transport system permease protein, DRAM2 Transport Cat: Metal and inorganic nutrient uptake & transport, DRAM2 Predicted Substrate Class: metals/inorganic nutrients
Transporters	Transporters	K11606 | 3.A.1.15.7 | 3.A.1.15.9	MicroTrait: manganese/iron transport system permease protein, DRAM2 Transport Cat: Metal and inorganic nutrient uptake & transport, DRAM2 Predicted Substrate Class: metals/inorganic nutrients
Transporters	Transporters	K11704 | 3.A.1.15.6	MicroTrait: iron/zinc/copper transport system substrate-binding protein, DRAM2 Transport Cat: Metal and inorganic nutrient uptake & transport, DRAM2 Predicted Substrate Class: metals/inorganic nutrients
Transporters	Transporters	K11706 | 3.A.1.15.6	MicroTrait: iron/zinc/copper transport system ATP-binding protein, DRAM2 Transport Cat: Metal and inorganic nutrient uptake & transport, DRAM2 Predicted Substrate Class: metals/inorganic nutrients
Transporters	Transporters	K11705 | 3.A.1.15.6	MicroTrait: iron/zinc/copper transport system permease protein, DRAM2 Transport Cat: Metal and inorganic nutrient uptake & transport, DRAM2 Predicted Substrate Class: metals/inorganic nutrients
Transporters	Transporters	K09815 | 3.A.1.15.3 | 3.A.1.15.5 | 3.A.1.15.11 | 3.A.1.15.13 | 3.A.1.15.18	MicroTrait: zinc transport system substrate-binding protein, DRAM2 Transport Cat: Metal and inorganic nutrient uptake & transport, DRAM2 Predicted Substrate Class: metals/inorganic nutrients
Transporters	Transporters	K09816 | 3.A.1.15.3 | 3.A.1.15.5 | 3.A.1.15.11 | 3.A.1.15.13 | 3.A.1.15.18	MicroTrait: zinc transport system permease protein, DRAM2 Transport Cat: Metal and inorganic nutrient uptake & transport, DRAM2 Predicted Substrate Class: metals/inorganic nutrients
Transporters	Transporters	K09817 | 3.A.1.15.3 | 3.A.1.15.5 | 3.A.1.15.11 | 3.A.1.15.13 | 3.A.1.15.18	MicroTrait: zinc transport system ATP-binding protein [EC:3.6.3.-], DRAM2 Transport Cat: Metal and inorganic nutrient uptake & transport, DRAM2 Predicted Substrate Class: metals/inorganic nutrients
Transporters	Transporters	K19971 | 3.A.1.15.2 | 3.A.1.15.14	MicroTrait: manganese/zinc transport system substrate-binding protein, DRAM2 Transport Cat: Metal and inorganic nutrient uptake & transport, DRAM2 Predicted Substrate Class: metals/inorganic nutrients
Transporters	Transporters	K19972 | 3.A.1.15.2 | 3.A.1.15.14	MicroTrait: manganese/zinc transport system permease protein, DRAM2 Transport Cat: Metal and inorganic nutrient uptake & transport, DRAM2 Predicted Substrate Class: metals/inorganic nutrients
Transporters	Transporters	K10830 | 3.A.1.15.2 | 3.A.1.15.14	MicroTrait: manganese-transporting ATPase [EC:3.6.3.35], DRAM2 Transport Cat: Metal and inorganic nutrient uptake & transport, DRAM2 Predicted Substrate Class: metals/inorganic nutrients
Transporters	Transporters	K19973 | 3.A.1.15.15	MicroTrait: manganese transport system ATP-binding protein, DRAM2 Transport Cat: Metal and inorganic nutrient uptake & transport, DRAM2 Predicted Substrate Class: metals/inorganic nutrients
Transporters	Transporters	K19976 | 3.A.1.15.15	MicroTrait: manganese transport system permease protein, DRAM2 Transport Cat: Metal and inorganic nutrient uptake & transport, DRAM2 Predicted Substrate Class: metals/inorganic nutrients
Transporters	Transporters	K19975 | 3.A.1.15.15	MicroTrait: manganese transport system substrate-binding protein, DRAM2 Transport Cat: Metal and inorganic nutrient uptake & transport, DRAM2 Predicted Substrate Class: metals/inorganic nutrients
Transporters	Transporters	K11603 | 3.A.1.15.1	MicroTrait: manganese transport system ATP-binding protein, DRAM2 Transport Cat: Metal and inorganic nutrient uptake & transport, DRAM2 Predicted Substrate Class: metals/inorganic nutrients
Transporters	Transporters	K11602 | 3.A.1.15.1	MicroTrait: manganese transport system permease protein, DRAM2 Transport Cat: Metal and inorganic nutrient uptake & transport, DRAM2 Predicted Substrate Class: metals/inorganic nutrients
Transporters	Transporters	K11601 | 3.A.1.15.1	MicroTrait: manganese transport system substrate-binding protein, DRAM2 Transport Cat: Metal and inorganic nutrient uptake & transport, DRAM2 Predicted Substrate Class: metals/inorganic nutrients
Transporters	Transporters	K09820 | 3.A.1.15	MicroTrait: manganese/iron transport system ATP-binding protein, DRAM2 Transport Cat: Metal and inorganic nutrient uptake & transport, DRAM2 Predicted Substrate Class: metals/inorganic nutrients
Transporters	Transporters	K09819 | 3.A.1.15	MicroTrait: manganese/iron transport system permease protein, DRAM2 Transport Cat: Metal and inorganic nutrient uptake & transport, DRAM2 Predicted Substrate Class: metals/inorganic nutrients
Transporters	Transporters	K09818 | 3.A.1.15	MicroTrait: manganese/iron transport system substrate-binding protein, DRAM2 Transport Cat: Metal and inorganic nutrient uptake & transport, DRAM2 Predicted Substrate Class: metals/inorganic nutrients
Transporters	Transporters	K02074 | 3.A.1.15	MicroTrait: zinc/manganese transport system ATP-binding protein, DRAM2 Transport Cat: Metal and inorganic nutrient uptake & transport, DRAM2 Predicted Substrate Class: metals/inorganic nutrients
Transporters	Transporters	K02075 | 3.A.1.15	MicroTrait: zinc/manganese transport system permease protein, DRAM2 Transport Cat: Metal and inorganic nutrient uptake & transport, DRAM2 Predicted Substrate Class: metals/inorganic nutrients
Transporters	Transporters	K02077 | 3.A.1.15	MicroTrait: zinc/manganese transport system substrate-binding protein, DRAM2 Transport Cat: Metal and inorganic nutrient uptake & transport, DRAM2 Predicted Substrate Class: metals/inorganic nutrients
Transporters	Transporters	K23228 | 3.A.1.14.3 | 3.A.1.14.12	MicroTrait: ferric hydroxamate transport system permease protein, DRAM2 Transport Cat: Metal and inorganic nutrient uptake & transport, DRAM2 Predicted Substrate Class: iron-siderophore complex
Transporters	Transporters	K10829 | 3.A.1.14.3 | 3.A.1.14.12	MicroTrait: iron-chelate-transporting ATPase [EC:3.6.3.34], DRAM2 Transport Cat: Metal and inorganic nutrient uptake & transport, DRAM2 Predicted Substrate Class: metals/inorganic nutrients
Transporters	Transporters	K23227 | 3.A.1.14.3 | 3.A.1.14.12	MicroTrait: ferric hydroxamate transport system substrate-binding protein, DRAM2 Transport Cat: Metal and inorganic nutrient uptake & transport, DRAM2 Predicted Substrate Class: iron-siderophore complex
Transporters	Transporters	K23185 | 3.A.1.14.2 | 3.A.1.14.6	MicroTrait: ferric enterobactin transport system substrate-binding protein, DRAM2 Transport Cat: Metal and inorganic nutrient uptake & transport, DRAM2 Predicted Substrate Class: iron-siderophore complex
Transporters	Transporters	K23188 | 3.A.1.14.2 | 3.A.1.14.6	MicroTrait: ferric enterobactin transport system ATP-binding protein, DRAM2 Transport Cat: Metal and inorganic nutrient uptake & transport, DRAM2 Predicted Substrate Class: iron-siderophore complex
Transporters	Transporters	K23186 | 3.A.1.14.2 | 3.A.1.14.6	MicroTrait: ferric enterobactin transport system permease protein, DRAM2 Transport Cat: Metal and inorganic nutrient uptake & transport, DRAM2 Predicted Substrate Class: iron-siderophore complex
Transporters	Transporters	K23187 | 3.A.1.14.2 | 3.A.1.14.6	MicroTrait: ferric enterobactin transport system permease protein, DRAM2 Transport Cat: Metal and inorganic nutrient uptake & transport, DRAM2 Predicted Substrate Class: iron-siderophore complex
Transporters	Transporters	K23181 | 3.A.1.14.1 | 3.A.1.14.8	MicroTrait: ferric citrate transport system substrate-binding protein, DRAM2 Transport Cat: Metal and inorganic nutrient uptake & transport, DRAM2 Predicted Substrate Class: iron-siderophore complex
Transporters	Transporters	K23183 | 3.A.1.14.1 | 3.A.1.14.8	MicroTrait: ferric citrate transport system permease protein, DRAM2 Transport Cat: Metal and inorganic nutrient uptake & transport, DRAM2 Predicted Substrate Class: iron-siderophore complex
Transporters	Transporters	K23182 | 3.A.1.14.1 | 3.A.1.14.8	MicroTrait: ferric citrate transport system permease protein, DRAM2 Transport Cat: Metal and inorganic nutrient uptake & transport, DRAM2 Predicted Substrate Class: iron-siderophore complex
Transporters	Transporters	K23184 | 3.A.1.14.1 | 3.A.1.14.8	MicroTrait: ferric citrate transport system ATP-binding protein [EC:7.2.2.18], DRAM2 Transport Cat: Metal and inorganic nutrient uptake & transport, DRAM2 Predicted Substrate Class: iron-siderophore complex
Transporters	Transporters	K11631 | 3.A.1.134.3	MicroTrait: bacitracin transport system ATP-binding protein, DRAM2 Transport Cat: Miscellaneous, DRAM2 Predicted Substrate Class: ambiguous
Transporters	Transporters	K11632 | 3.A.1.134.3	MicroTrait: bacitracin transport system permease protein, DRAM2 Transport Cat: Miscellaneous, DRAM2 Predicted Substrate Class: ambiguous
Transporters	Transporters	K19083 | 3.A.1.134	MicroTrait: bacitracin transport system ATP-binding protein, DRAM2 Transport Cat: Miscellaneous, DRAM2 Predicted Substrate Class: ambiguous
Transporters	Transporters	K19084 | 3.A.1.134	MicroTrait: bacitracin transport system permease protein, DRAM2 Transport Cat: Miscellaneous, DRAM2 Predicted Substrate Class: ambiguous
Transporters	Transporters	K16917 | 3.A.1.133.1	MicroTrait: putative peptide transport system ATP-binding protein, DRAM2 Transport Cat: Organic nitrogen uptake & transport, DRAM2 Predicted Substrate Class: amino acids/peptides
Transporters	Transporters	K16916 | 3.A.1.133.1	MicroTrait: putative peptide transport system permease protein, DRAM2 Transport Cat: Organic nitrogen uptake & transport, DRAM2 Predicted Substrate Class: amino acids/peptides
Transporters	Transporters	K19340 | 3.A.1.132.2	MicroTrait: Cu-processing system ATP-binding protein, DRAM2 Transport Cat: Miscellaneous, DRAM2 Predicted Substrate Class: ambiguous
Transporters	Transporters	K19341 | 3.A.1.132.2	MicroTrait: Cu-processing system permease protein, DRAM2 Transport Cat: Miscellaneous, DRAM2 Predicted Substrate Class: ambiguous
Transporters	Transporters	K19309 | 3.A.1.131.1	MicroTrait: bacitracin transport system ATP-binding protein, DRAM2 Transport Cat: Miscellaneous, DRAM2 Predicted Substrate Class: ambiguous
Transporters	Transporters	K19310 | 3.A.1.131.1	MicroTrait: bacitracin transport system permease protein, DRAM2 Transport Cat: Miscellaneous, DRAM2 Predicted Substrate Class: ambiguous
Transporters	Transporters	K02013 | 3.A.1.13.2_A9WCZ7 | 3.A.1.14.13_Q9RK11 | 3.A.1.14.14_Q9A197 | 3.A.1.14.1_P15031 | 3.A.1.14.2_P23878 | 3.A.1.14.3_P07821 | 3.A.1.14.4_Q47087 | 3.A.1.14.6_Q9RCF3 | 3.A.1.14.7_Q9X665 | 3.A.1.14.8_Q8GRB0	MicroTrait: iron complex transport system ATP-binding protein [EC:3.6.3.34], DRAM2 Transport Cat: Metal and inorganic nutrient uptake & transport, DRAM2 Predicted Substrate Class: metals/inorganic nutrients
Transporters	Transporters	K02015 | 3.A.1.13.2_A9WCZ6 | 3.A.1.14.13_Q9RK09 | 3.A.1.14.13_Q9RK10 | 3.A.1.14.14_Q06A41 | 3.A.1.14.14_Q9A199 | 3.A.1.14.15_P40410 | 3.A.1.14.15_P40411 | 3.A.1.14.1_P15029 | 3.A.1.14.1_P15030 | 3.A.1.14.2_P23876 | 3.A.1.14.2_P23877 | 3.A.1.14.3_P06972 | 3.A.1.14.4_Q47085 | 3.A.1.14.4_Q47086 | 3.A.1.14.6_Q9RCF4 | 3.A.1.14.6_Q9RCF5 | 3.A.1.14.7_Q9X664 | 3.A.1.14.8_Q8GRB1 | 3.A.1.14.8_Q8GRB2	MicroTrait: iron complex transport system permease protein, DRAM2 Transport Cat: Metal and inorganic nutrient uptake & transport, DRAM2 Predicted Substrate Class: metals/inorganic nutrients
Transporters	Transporters	K02016 | 3.A.1.13.2_A9WCZ4 | 3.A.1.14.13_Q9RK12 | 3.A.1.14.14_Q9A198 | 3.A.1.14.15_P40409 | 3.A.1.14.1_P15028 | 3.A.1.14.2_C8U2V6 | 3.A.1.14.3_P07822 | 3.A.1.14.4_Q47084 | 3.A.1.14.6_Q9RCF6 | 3.A.1.14.7_Q93PN3 | 3.A.1.14.7_Q99RY8 | 3.A.1.14.8_Q8GRB3	MicroTrait: iron complex transport system substrate-binding protein, DRAM2 Transport Cat: Metal and inorganic nutrient uptake & transport, DRAM2 Predicted Substrate Class: metals/inorganic nutrients
Transporters	Transporters	K06858 | 3.A.1.13.1_Q8ZRP7	MicroTrait: vitamin B12 transport system substrate-binding protein, DRAM2 Transport Cat: Miscellaneous, DRAM2 Predicted Substrate Class: ambiguous
Transporters	Transporters	K06074 | 3.A.1.13.1_P06611	MicroTrait: vitamin B12 transport system ATP-binding protein [EC:3.6.3.33], DRAM2 Transport Cat: Miscellaneous, DRAM2 Predicted Substrate Class: ambiguous
Transporters	Transporters	K06073 | 3.A.1.13.1_P06609	MicroTrait: vitamin B12 transport system permease protein, DRAM2 Transport Cat: Miscellaneous, DRAM2 Predicted Substrate Class: ambiguous
Transporters	Transporters	K16013 | 3.A.1.129.1_P29018	MicroTrait: ATP-binding cassette, subfamily C, bacterial CydD, DRAM2 Transport Cat: Miscellaneous, DRAM2 Predicted Substrate Class: ambiguous
Transporters	Transporters	K16012 | 3.A.1.129.1_P23886	MicroTrait: ATP-binding cassette, subfamily C, bacterial CydC, DRAM2 Transport Cat: Miscellaneous, DRAM2 Predicted Substrate Class: ambiguous
Transporters	Transporters	K16014 | 3.A.1.129	MicroTrait: ATP-binding cassette, subfamily C, bacterial CydCD, DRAM2 Transport Cat: Miscellaneous, DRAM2 Predicted Substrate Class: ambiguous
Transporters	Transporters	K09810 | 3.A.1.125.1_P75957	MicroTrait: lipoprotein-releasing system ATP-binding protein [EC:3.6.3.-], DRAM2 Transport Cat: Miscellaneous, DRAM2 Predicted Substrate Class: ambiguous
Transporters	Transporters	K09808 | 3.A.1.125.1_P0ADC3 | 3.A.1.125.1_P75958	MicroTrait: lipoprotein-releasing system permease protein, DRAM2 Transport Cat: Miscellaneous, DRAM2 Predicted Substrate Class: ambiguous
Transporters	Transporters	K20460 | 3.A.1.124.3 | 3.A.1.124.4 | 3.A.1.124.5	MicroTrait: lantibiotic transport system permease protein, DRAM2 Transport Cat: Miscellaneous, DRAM2 Predicted Substrate Class: ambiguous
Transporters	Transporters	K20459 | 3.A.1.124.3 | 3.A.1.124.4 | 3.A.1.124.5	MicroTrait: lantibiotic transport system ATP-binding protein, DRAM2 Transport Cat: Miscellaneous, DRAM2 Predicted Substrate Class: ambiguous
Transporters	Transporters	K20461 | 3.A.1.124.3 | 3.A.1.124.4 | 3.A.1.124.5	MicroTrait: lantibiotic transport system permease protein, DRAM2 Transport Cat: Miscellaneous, DRAM2 Predicted Substrate Class: ambiguous
Transporters	Transporters	K20491 | 3.A.1.124.1 | 3.A.1.124.2 | 3.A.1.124.6	MicroTrait: lantibiotic transport system permease protein, DRAM2 Transport Cat: Miscellaneous, DRAM2 Predicted Substrate Class: ambiguous
Transporters	Transporters	K20490 | 3.A.1.124.1 | 3.A.1.124.2 | 3.A.1.124.6	MicroTrait: lantibiotic transport system ATP-binding protein, DRAM2 Transport Cat: Miscellaneous, DRAM2 Predicted Substrate Class: ambiguous
Transporters	Transporters	K20492 | 3.A.1.124.1 | 3.A.1.124.2 | 3.A.1.124.6	MicroTrait: lantibiotic transport system permease protein, DRAM2 Transport Cat: Miscellaneous, DRAM2 Predicted Substrate Class: ambiguous
Transporters	Transporters	K05685 | 3.A.1.122.1_P75831 | 3.A.1.122.12	MicroTrait: macrolide transport system ATP-binding/permease protein [EC:3.6.3.-], DRAM2 Transport Cat: Miscellaneous, DRAM2 Predicted Substrate Class: ambiguous
Transporters	Transporters	K13888 | 3.A.1.122.1_P75830	MicroTrait: membrane fusion protein, macrolide-specific efflux system, DRAM2 Transport Cat: Detoxification, resistance, and efflux, DRAM2 Predicted Substrate Class: ambiguous
Transporters	Transporters	K05816 | 3.A.1.12.4_O34992	MicroTrait: sn-glycerol 3-phosphate transport system ATP-binding protein [EC:3.6.3.20], DRAM2 Transport Cat: Metal and inorganic nutrient uptake & transport, DRAM2 Predicted Substrate Class: metals/inorganic nutrients
Transporters	Transporters	K02000 | 3.A.1.12.12_Q9HTI8 | 3.A.1.12.1_P14175 | 3.A.1.12.2_P46920 | 3.A.1.12.5_Q9RQ06 | 3.A.1.12.6_Q9KKE1 | 3.A.1.12.9_Q8U4S5	MicroTrait: glycine betaine/proline transport system ATP-binding protein [EC:3.6.3.32], DRAM2 Transport Cat: Organic nitrogen uptake & transport, DRAM2 Predicted Substrate Class: amino acids/peptides
Transporters	Transporters	K02001 | 3.A.1.12.12_Q9HTI7 | 3.A.1.12.1_P14176 | 3.A.1.12.2_P46921 | 3.A.1.12.6_Q9KKE2 | 3.A.1.12.9_Q8U4S4	MicroTrait: glycine betaine/proline transport system permease protein, DRAM2 Transport Cat: Organic nitrogen uptake & transport, DRAM2 Predicted Substrate Class: amino acids/peptides
Transporters	Transporters	K02002 | 3.A.1.12.12_Q9HTH6 | 3.A.1.12.12_Q9HTI6 | 3.A.1.12.12_Q9HZ04 | 3.A.1.12.1_P0AFM2 | 3.A.1.12.2_P46921 | 3.A.1.12.2_P46922 | 3.A.1.12.5_Q9RQ05 | 3.A.1.12.6_Q9KKE3 | 3.A.1.12.9_Q8U4S3	MicroTrait: glycine betaine/proline transport system substrate-binding protein, DRAM2 Transport Cat: Organic nitrogen uptake & transport, DRAM2 Predicted Substrate Class: amino acids/peptides
Transporters	Transporters	K05847 | 3.A.1.12.10_Q87WH5 | 3.A.1.12.11_Q8Q041 | 3.A.1.12.14_Q8ZPK4 | 3.A.1.12.15_P33360 | 3.A.1.12.4_O34992 | 3.A.1.12.8_Q93A35	MicroTrait: osmoprotectant transport system ATP-binding protein, DRAM2 Transport Cat: Osmotic & ion homeostasis, DRAM2 Predicted Substrate Class: ions/osmoprotection
Transporters	Transporters	K05846 | 3.A.1.12.10_Q87WH4 | 3.A.1.12.11_Q8Q042 | 3.A.1.12.11_Q8Q043 | 3.A.1.12.14_Q8ZPK1 | 3.A.1.12.14_Q8ZPK3 | 3.A.1.12.15_P33359 | 3.A.1.12.15_P33361 | 3.A.1.12.4_O34742 | 3.A.1.12.4_O34878 | 3.A.1.12.8_Q93A34	MicroTrait: osmoprotectant transport system permease protein, DRAM2 Transport Cat: Osmotic & ion homeostasis, DRAM2 Predicted Substrate Class: ions/osmoprotection
Transporters	Transporters	K05845 | 3.A.1.12.10_Q87WH3 | 3.A.1.12.11_Q8Q040 | 3.A.1.12.14_Q8ZPK2 | 3.A.1.12.15_P33362 | 3.A.1.12.4_O32243	MicroTrait: osmoprotectant transport system substrate-binding protein, DRAM2 Transport Cat: Osmotic & ion homeostasis, DRAM2 Predicted Substrate Class: ions/osmoprotection
Transporters	Transporters	K09697 | 3.A.1.115	MicroTrait: sodium transport system ATP-binding protein, DRAM2 Transport Cat: Metal and inorganic nutrient uptake & transport, DRAM2 Predicted Substrate Class: metals/inorganic nutrients
Transporters	Transporters	K09696 | 3.A.1.115	MicroTrait: sodium transport system permease protein, DRAM2 Transport Cat: Metal and inorganic nutrient uptake & transport, DRAM2 Predicted Substrate Class: metals/inorganic nutrients
Transporters	Transporters	K02005 | 3.A.1.114.1_Q7A2B0	MicroTrait: HlyD family secretion protein, DRAM2 Transport Cat: Miscellaneous, DRAM2 Predicted Substrate Class: ambiguous
Transporters	Transporters	K02003 | 3.A.1.114.1_O50296	MicroTrait: putative ABC transport system ATP-binding protein, DRAM2 Transport Cat: Miscellaneous, DRAM2 Predicted Substrate Class: ambiguous
Transporters	Transporters	K02004 | 3.A.1.114.1_O50295	MicroTrait: putative ABC transport system permease protein, DRAM2 Transport Cat: Miscellaneous, DRAM2 Predicted Substrate Class: ambiguous
Transporters	Transporters	K06159 | 3.A.1.113.3	MicroTrait: putative ATP-binding cassette transporter, DRAM2 Transport Cat: Miscellaneous, DRAM2 Predicted Substrate Class: ambiguous
Transporters	Transporters	K06160 | 3.A.1.113.2	MicroTrait: putative ATP-binding cassette transporter, DRAM2 Transport Cat: Miscellaneous, DRAM2 Predicted Substrate Class: ambiguous
Transporters	Transporters	K06161 | 3.A.1.113.1	MicroTrait: putative ATP-binding cassette transporter, DRAM2 Transport Cat: Miscellaneous, DRAM2 Predicted Substrate Class: ambiguous
Transporters	Transporters	K20344 | 3.A.1.112	MicroTrait: ATP-binding cassette, subfamily C, bacteriocin exporter, DRAM2 Transport Cat: Miscellaneous, DRAM2 Predicted Substrate Class: ambiguous
Transporters	Transporters	K16299 | 3.A.1.110.13_O67184 | 3.A.1.110.10	MicroTrait: ATP-binding cassette, subfamily C, bacterial EexD, DRAM2 Transport Cat: Miscellaneous, DRAM2 Predicted Substrate Class: ambiguous
Transporters	Transporters	K11081 | 3.A.1.11.5	MicroTrait: 2-aminoethylphosphonate transport system substrate-binding protein, DRAM2 Transport Cat: Metal and inorganic nutrient uptake & transport, DRAM2 Predicted Substrate Class: metals/inorganic nutrients
Transporters	Transporters	K11084 | 3.A.1.11.5	MicroTrait: 2-aminoethylphosphonate transport system ATP-binding protein, DRAM2 Transport Cat: Metal and inorganic nutrient uptake & transport, DRAM2 Predicted Substrate Class: metals/inorganic nutrients
Transporters	Transporters	K11083 | 3.A.1.11.5	MicroTrait: 2-aminoethylphosphonate transport system permease protein, DRAM2 Transport Cat: Metal and inorganic nutrient uptake & transport, DRAM2 Predicted Substrate Class: metals/inorganic nutrients
Transporters	Transporters	K11082 | 3.A.1.11.5	MicroTrait: 2-aminoethylphosphonate transport system permease protein, DRAM2 Transport Cat: Metal and inorganic nutrient uptake & transport, DRAM2 Predicted Substrate Class: metals/inorganic nutrients
Transporters	Transporters	K11080 | 3.A.1.11.3	MicroTrait: mannopine transport system ATP-binding protein, DRAM2 Transport Cat: Organic nitrogen uptake & transport, DRAM2 Predicted Substrate Class: ambiguous
Transporters	Transporters	K11079 | 3.A.1.11.3	MicroTrait: mannopine transport system permease protein, DRAM2 Transport Cat: Organic nitrogen uptake & transport, DRAM2 Predicted Substrate Class: ambiguous
Transporters	Transporters	K11078 | 3.A.1.11.3	MicroTrait: mannopine transport system permease protein, DRAM2 Transport Cat: Organic nitrogen uptake & transport, DRAM2 Predicted Substrate Class: ambiguous
Transporters	Transporters	K11077 | 3.A.1.11.3	MicroTrait: mannopine transport system substrate-binding protein, DRAM2 Transport Cat: Organic nitrogen uptake & transport, DRAM2 Predicted Substrate Class: ambiguous
Transporters	Transporters	K02193 | 3.A.1.107	MicroTrait: heme exporter protein A [EC:3.6.3.41], DRAM2 Transport Cat: Miscellaneous, DRAM2 Predicted Substrate Class: ambiguous
Transporters	Transporters	K02194 | 3.A.1.107	MicroTrait: heme exporter protein B, DRAM2 Transport Cat: Miscellaneous, DRAM2 Predicted Substrate Class: ambiguous
Transporters	Transporters	K02195 | 3.A.1.107	MicroTrait: heme exporter protein C, DRAM2 Transport Cat: Miscellaneous, DRAM2 Predicted Substrate Class: ambiguous
Transporters	Transporters	K02196 | 3.A.1.107	MicroTrait: heme exporter protein D, DRAM2 Transport Cat: Miscellaneous, DRAM2 Predicted Substrate Class: ambiguous
Transporters	Transporters	K06148 | 3.A.1.106.15_Q0P9C4 | 3.A.1.119.4_Q9RK13	MicroTrait: ATP-binding cassette, subfamily C, bacterial, DRAM2 Transport Cat: Miscellaneous, DRAM2 Predicted Substrate Class: ambiguous
Transporters	Transporters	K06147 | 3.A.1.106.14_P73239 | 3.A.1.106.15_Q0P9C4 | 3.A.1.21.1_Q9R7V3 | 3.A.1.21.1_Q9Z375	MicroTrait: ATP-binding cassette, subfamily B, bacterial, DRAM2 Transport Cat: Miscellaneous, DRAM2 Predicted Substrate Class: ambiguous
Transporters	Transporters	K11085 | 3.A.1.106.1_P60752	MicroTrait: ATP-binding cassette, subfamily B, bacterial MsbA [EC:3.6.3.-], DRAM2 Transport Cat: Miscellaneous, DRAM2 Predicted Substrate Class: ambiguous
Transporters	Transporters	K18232 | 3.A.1.105.2	MicroTrait: oleandomycin transport system ATP-binding protein, DRAM2 Transport Cat: Miscellaneous, DRAM2 Predicted Substrate Class: ambiguous
Transporters	Transporters	K18233 | 3.A.1.105.2	MicroTrait: oleandomycin transport system permease protein, DRAM2 Transport Cat: Miscellaneous, DRAM2 Predicted Substrate Class: ambiguous
Transporters	Transporters	K01990 | 3.A.1.105.17_P36879 | 3.A.1.132.1_O30489 | 3.A.1.142.1_Q8DNB9 | 3.A.1.143.1_P55339	MicroTrait: ABC-2 type transport system ATP-binding protein, DRAM2 Transport Cat: Miscellaneous, DRAM2 Predicted Substrate Class: ambiguous
Transporters	Transporters	K01992 | 3.A.1.105.17_P0AFN6 | 3.A.1.132.1_Q93LN1 | 3.A.1.142.1_Q8DNC0 | 3.A.1.143.1_P55340	MicroTrait: ABC-2 type transport system permease protein, DRAM2 Transport Cat: Miscellaneous, DRAM2 Predicted Substrate Class: ambiguous
Transporters	Transporters	K09692 | 3.A.1.104	MicroTrait: teichoic acid transport system permease protein, DRAM2 Transport Cat: Miscellaneous, DRAM2 Predicted Substrate Class: ambiguous
Transporters	Transporters	K09693 | 3.A.1.104	MicroTrait: teichoic acid transport system ATP-binding protein [EC:3.6.3.40], DRAM2 Transport Cat: Miscellaneous, DRAM2 Predicted Substrate Class: ambiguous
Transporters	Transporters	K09691 | 3.A.1.103.1_Q48476 | 3.A.1.103.4_Q1D3I3 | 3.A.1.103.6_Q9I3V8	MicroTrait: lipopolysaccharide transport system ATP-binding protein, DRAM2 Transport Cat: Organic carbon uptake & transport, DRAM2 Predicted Substrate Class: carbohydrates
Transporters	Transporters	K09690 | 3.A.1.103.1_Q48475 | 3.A.1.103.4_Q1D3I2 | 3.A.1.103.6_Q9HTB8	MicroTrait: lipopolysaccharide transport system permease protein, DRAM2 Transport Cat: Organic carbon uptake & transport, DRAM2 Predicted Substrate Class: carbohydrates
Transporters	Transporters	K09694 | 3.A.1.102.1_P50333	MicroTrait: lipooligosaccharide transport system permease protein, DRAM2 Transport Cat: Organic carbon uptake & transport, DRAM2 Predicted Substrate Class: carbohydrates
Transporters	Transporters	K09695 | 3.A.1.102.1_P50332	MicroTrait: lipooligosaccharide transport system ATP-binding protein, DRAM2 Transport Cat: Organic carbon uptake & transport, DRAM2 Predicted Substrate Class: carbohydrates
Transporters	Transporters	K22921 | 3.A.1.101.2	MicroTrait: Vi polysaccharide transport system permease protein, DRAM2 Transport Cat: Organic carbon uptake & transport, DRAM2 Predicted Substrate Class: carbohydrates
Transporters	Transporters	K22923 | 3.A.1.101.2	MicroTrait: Vi polysaccharide transport system ATP-binding protein [EC:7.6.2.12], DRAM2 Transport Cat: Organic carbon uptake & transport, DRAM2 Predicted Substrate Class: carbohydrates
Transporters	Transporters	K22922 | 3.A.1.101.2	MicroTrait: Vi polysaccharide transport system permease protein, DRAM2 Transport Cat: Organic carbon uptake & transport, DRAM2 Predicted Substrate Class: carbohydrates
Transporters	Transporters	K10107 | 3.A.1.101	MicroTrait: capsular polysaccharide transport system permease protein, DRAM2 Transport Cat: Organic carbon uptake & transport, DRAM2 Predicted Substrate Class: carbohydrates
Transporters	Transporters	K09688 | 3.A.1.101	MicroTrait: capsular polysaccharide transport system permease protein, DRAM2 Transport Cat: Organic carbon uptake & transport, DRAM2 Predicted Substrate Class: carbohydrates
Transporters	Transporters	K09689 | 3.A.1.101	MicroTrait: capsular polysaccharide transport system ATP-binding protein, DRAM2 Transport Cat: Organic carbon uptake & transport, DRAM2 Predicted Substrate Class: carbohydrates
Transporters	Transporters	K17318 | 3.A.1.1.9 | 3.A.1.1.291	MicroTrait: putative aldouronate transport system substrate-binding protein, DRAM2 Transport Cat: Miscellaneous, DRAM2 Predicted Substrate Class: ambiguous
Transporters	Transporters	K10229 | 3.A.1.1.49_O30493	MicroTrait: sorbitol/mannitol transport system permease protein, DRAM2 Transport Cat: Organic carbon uptake & transport, DRAM2 Predicted Substrate Class: ambiguous
Transporters	Transporters	K10228 | 3.A.1.1.49_O30492	MicroTrait: sorbitol/mannitol transport system permease protein, DRAM2 Transport Cat: Organic carbon uptake & transport, DRAM2 Predicted Substrate Class: ambiguous
Transporters	Transporters	K10227 | 3.A.1.1.49_O30491	MicroTrait: sorbitol/mannitol transport system substrate-binding protein, DRAM2 Transport Cat: Organic carbon uptake & transport, DRAM2 Predicted Substrate Class: ambiguous
Transporters	Transporters	K17244 | 3.A.1.1.40_Q9WZR7	MicroTrait: putative chitobiose transport system substrate-binding protein, DRAM2 Transport Cat: Organic carbon uptake & transport, DRAM2 Predicted Substrate Class: ambiguous
Transporters	Transporters	K17245 | 3.A.1.1.40	MicroTrait: putative chitobiose transport system permease protein, DRAM2 Transport Cat: Organic carbon uptake & transport, DRAM2 Predicted Substrate Class: ambiguous
Transporters	Transporters	K17246 | 3.A.1.1.40	MicroTrait: putative chitobiose transport system permease protein, DRAM2 Transport Cat: Organic carbon uptake & transport, DRAM2 Predicted Substrate Class: ambiguous
Transporters	Transporters	K10191 | 3.A.1.1.4_Q01937	MicroTrait: lactose/L-arabinose transport system ATP-binding protein, DRAM2 Transport Cat: Organic carbon uptake & transport, DRAM2 Predicted Substrate Class: carbohydrates
Transporters	Transporters	K10190 | 3.A.1.1.4_P29824	MicroTrait: lactose/L-arabinose transport system permease protein, DRAM2 Transport Cat: Organic carbon uptake & transport, DRAM2 Predicted Substrate Class: carbohydrates
Transporters	Transporters	K10189 | 3.A.1.1.4_P29823	MicroTrait: lactose/L-arabinose transport system permease protein, DRAM2 Transport Cat: Organic carbon uptake & transport, DRAM2 Predicted Substrate Class: carbohydrates
Transporters	Transporters	K10188 | 3.A.1.1.4_P29822	MicroTrait: lactose/L-arabinose transport system substrate-binding protein, DRAM2 Transport Cat: Organic carbon uptake & transport, DRAM2 Predicted Substrate Class: carbohydrates
Transporters	Transporters	K17241 | 3.A.1.1.39	MicroTrait: alpha-1,4-digalacturonate transport system substrate-binding protein, DRAM2 Transport Cat: Organic carbon uptake & transport, DRAM2 Predicted Substrate Class: ambiguous
Transporters	Transporters	K17242 | 3.A.1.1.39	MicroTrait: alpha-1,4-digalacturonate transport system permease protein, DRAM2 Transport Cat: Organic carbon uptake & transport, DRAM2 Predicted Substrate Class: ambiguous
Transporters	Transporters	K17243 | 3.A.1.1.39	MicroTrait: alpha-1,4-digalacturonate transport system permease protein, DRAM2 Transport Cat: Organic carbon uptake & transport, DRAM2 Predicted Substrate Class: ambiguous
Transporters	Transporters	K17237 | 3.A.1.1.38	MicroTrait: inositol-phosphate transport system substrate-binding protein, DRAM2 Transport Cat: Metal and inorganic nutrient uptake & transport, DRAM2 Predicted Substrate Class: metals/inorganic nutrients
Transporters	Transporters	K17238 | 3.A.1.1.38	MicroTrait: inositol-phosphate transport system permease protein, DRAM2 Transport Cat: Metal and inorganic nutrient uptake & transport, DRAM2 Predicted Substrate Class: metals/inorganic nutrients
Transporters	Transporters	K17239 | 3.A.1.1.38	MicroTrait: inositol-phosphate transport system permease protein, DRAM2 Transport Cat: Metal and inorganic nutrient uptake & transport, DRAM2 Predicted Substrate Class: metals/inorganic nutrients
Transporters	Transporters	K17321 | 3.A.1.1.35_G3LHZ3	MicroTrait: glycerol transport system substrate-binding protein, DRAM2 Transport Cat: Organic carbon uptake & transport, DRAM2 Predicted Substrate Class: ambiguous
Transporters	Transporters	K17323 | 3.A.1.1.35_G3LHZ1	MicroTrait: glycerol transport system permease protein, DRAM2 Transport Cat: Organic carbon uptake & transport, DRAM2 Predicted Substrate Class: ambiguous
Transporters	Transporters	K17322 | 3.A.1.1.35_G3LHZ0	MicroTrait: glycerol transport system permease protein, DRAM2 Transport Cat: Organic carbon uptake & transport, DRAM2 Predicted Substrate Class: ambiguous
Transporters	Transporters	K17325 | 3.A.1.1.35_G3LHY9	MicroTrait: glycerol transport system ATP-binding protein, DRAM2 Transport Cat: Organic carbon uptake & transport, DRAM2 Predicted Substrate Class: ambiguous
Transporters	Transporters	K17324 | 3.A.1.1.35_G3LHY8	MicroTrait: glycerol transport system ATP-binding protein, DRAM2 Transport Cat: Organic carbon uptake & transport, DRAM2 Predicted Substrate Class: ambiguous
Transporters	Transporters	K17236 | 3.A.1.1.34_P94530	MicroTrait: arabinosaccharide transport system permease protein, DRAM2 Transport Cat: Organic carbon uptake & transport, DRAM2 Predicted Substrate Class: ambiguous
Transporters	Transporters	K17235 | 3.A.1.1.34_P94529	MicroTrait: arabinosaccharide transport system permease protein, DRAM2 Transport Cat: Organic carbon uptake & transport, DRAM2 Predicted Substrate Class: ambiguous
Transporters	Transporters	K17234 | 3.A.1.1.34_P94528	MicroTrait: arabinosaccharide transport system substrate-binding protein, DRAM2 Transport Cat: Organic carbon uptake & transport, DRAM2 Predicted Substrate Class: ambiguous
Transporters	Transporters	K17329 | 3.A.1.1.33_Q8KN19	MicroTrait: N,N'-diacetylchitobiose transport system substrate-binding protein, DRAM2 Transport Cat: Organic carbon uptake & transport, DRAM2 Predicted Substrate Class: ambiguous
Transporters	Transporters	K17330 | 3.A.1.1.33_Q8KN18	MicroTrait: N,N'-diacetylchitobiose transport system permease protein, DRAM2 Transport Cat: Organic carbon uptake & transport, DRAM2 Predicted Substrate Class: ambiguous
Transporters	Transporters	K17331 | 3.A.1.1.33_Q8KN17	MicroTrait: N,N'-diacetylchitobiose transport system permease protein, DRAM2 Transport Cat: Organic carbon uptake & transport, DRAM2 Predicted Substrate Class: ambiguous
Transporters	Transporters	K10234 | 3.A.1.1.32_Q55473 | 3.A.1.1.8_Q9Z3R7	MicroTrait: alpha-glucoside transport system permease protein, DRAM2 Transport Cat: Organic carbon uptake & transport, DRAM2 Predicted Substrate Class: ambiguous
Transporters	Transporters	K10233 | 3.A.1.1.32_Q55472 | 3.A.1.1.8_Q9Z3R6	MicroTrait: alpha-glucoside transport system permease protein, DRAM2 Transport Cat: Organic carbon uptake & transport, DRAM2 Predicted Substrate Class: ambiguous
Transporters	Transporters	K10232 | 3.A.1.1.32_Q55471 | 3.A.1.1.8_Q9Z3R5	MicroTrait: alpha-glucoside transport system substrate-binding protein, DRAM2 Transport Cat: Organic carbon uptake & transport, DRAM2 Predicted Substrate Class: ambiguous
Transporters	Transporters	K02027 | 3.A.1.1.31_Q7D8J9 | 3.A.1.1.41_G4FGN8 | 3.A.1.1.42_Q9FBS5 | 3.A.1.1.43_Q9FBS5 | 3.A.1.1.46_P76042 | 3.A.1.1.48_D6ZW64 | 3.A.1.1.7_O51923	MicroTrait: multiple sugar transport system substrate-binding protein, DRAM2 Transport Cat: Organic carbon uptake & transport, DRAM2 Predicted Substrate Class: carbohydrates
Transporters	Transporters	K02026 | 3.A.1.1.31_O50453 | 3.A.1.1.41_G4FGN6 | 3.A.1.1.46_P77716 | 3.A.1.1.48_D6ZW62 | 3.A.1.1.7_O51925	MicroTrait: multiple sugar transport system permease protein, DRAM2 Transport Cat: Organic carbon uptake & transport, DRAM2 Predicted Substrate Class: carbohydrates
Transporters	Transporters	K02025 | 3.A.1.1.31_O50452 | 3.A.1.1.37_Q9WYB4 | 3.A.1.1.41_G4FGN7 | 3.A.1.1.42_Q9FBS6 | 3.A.1.1.43_Q9FBS6 | 3.A.1.1.46_P0AFR7 | 3.A.1.1.48_D6ZW63 | 3.A.1.1.7_O51924	MicroTrait: multiple sugar transport system permease protein, DRAM2 Transport Cat: Organic carbon uptake & transport, DRAM2 Predicted Substrate Class: carbohydrates
Transporters	Transporters	K05814 | 3.A.1.1.3	MicroTrait: sn-glycerol 3-phosphate transport system permease protein, DRAM2 Transport Cat: Metal and inorganic nutrient uptake & transport, DRAM2 Predicted Substrate Class: metals/inorganic nutrients
Transporters	Transporters	K05813 | 3.A.1.1.3	MicroTrait: sn-glycerol 3-phosphate transport system substrate-binding protein, DRAM2 Transport Cat: Metal and inorganic nutrient uptake & transport, DRAM2 Predicted Substrate Class: metals/inorganic nutrients
Transporters	Transporters	K05815 | 3.A.1.1.3	MicroTrait: sn-glycerol 3-phosphate transport system permease protein, DRAM2 Transport Cat: Metal and inorganic nutrient uptake & transport, DRAM2 Predicted Substrate Class: metals/inorganic nutrients
Transporters	Transporters	K10119 | 3.A.1.1.28_Q00751 | 3.A.1.1.42_Q9FBS7 | 3.A.1.1.43_Q9FBS7 | 3.A.1.1.45_Q8NMV5 | 3.A.1.1.47_A5LBQ4	MicroTrait: raffinose/stachyose/melibiose transport system permease protein, DRAM2 Transport Cat: Organic carbon uptake & transport, DRAM2 Predicted Substrate Class: carbohydrates
Transporters	Transporters	K10118 | 3.A.1.1.28_Q00750 | 3.A.1.1.42_Q9FBS6 | 3.A.1.1.43_Q9FBS6 | 3.A.1.1.45_Q8NMV4 | 3.A.1.1.47_A5LBQ5	MicroTrait: raffinose/stachyose/melibiose transport system permease protein, DRAM2 Transport Cat: Organic carbon uptake & transport, DRAM2 Predicted Substrate Class: carbohydrates
Transporters	Transporters	K10117 | 3.A.1.1.28_Q00749 | 3.A.1.1.42_Q9FBS5 | 3.A.1.1.43_Q9FBS5 | 3.A.1.1.45_Q8NMV3 | 3.A.1.1.47_A5LBQ6	MicroTrait: raffinose/stachyose/melibiose transport system substrate-binding protein, DRAM2 Transport Cat: Organic carbon uptake & transport, DRAM2 Predicted Substrate Class: carbohydrates
Transporters	Transporters	K17316 | 3.A.1.1.24_Q72KX3 | 3.A.1.1.30_Q88P37	MicroTrait: glucose/mannose transport system permease protein, DRAM2 Transport Cat: Organic carbon uptake & transport, DRAM2 Predicted Substrate Class: carbohydrates
Transporters	Transporters	K17315 | 3.A.1.1.24_Q72KX2 | 3.A.1.1.30_Q88P38	MicroTrait: glucose/mannose transport system substrate-binding protein, DRAM2 Transport Cat: Organic carbon uptake & transport, DRAM2 Predicted Substrate Class: carbohydrates
Transporters	Transporters	K10240 | 3.A.1.1.23_Q9X9R7	MicroTrait: cellobiose transport system substrate-binding protein, DRAM2 Transport Cat: Organic carbon uptake & transport, DRAM2 Predicted Substrate Class: carbohydrates
Transporters	Transporters	K10241 | 3.A.1.1.23_Q9X9R6	MicroTrait: cellobiose transport system permease protein, DRAM2 Transport Cat: Organic carbon uptake & transport, DRAM2 Predicted Substrate Class: carbohydrates
Transporters	Transporters	K10242 | 3.A.1.1.23_Q9X9R5	MicroTrait: cellobiose transport system permease protein, DRAM2 Transport Cat: Organic carbon uptake & transport, DRAM2 Predicted Substrate Class: carbohydrates
Transporters	Transporters	K17326 | 3.A.1.1.21_Q9L027	MicroTrait: xylobiose transport system substrate-binding protein, DRAM2 Transport Cat: Organic carbon uptake & transport, DRAM2 Predicted Substrate Class: ambiguous
Transporters	Transporters	K17327 | 3.A.1.1.21_Q9L026	MicroTrait: xylobiose transport system permease protein, DRAM2 Transport Cat: Organic carbon uptake & transport, DRAM2 Predicted Substrate Class: ambiguous
Transporters	Transporters	K17328 | 3.A.1.1.21	MicroTrait: xylobiose transport system permease protein, DRAM2 Transport Cat: Organic carbon uptake & transport, DRAM2 Predicted Substrate Class: ambiguous
Transporters	Transporters	K10120 | 3.A.1.1.20	MicroTrait: fructooligosaccharide transport system substrate-binding protein, DRAM2 Transport Cat: Organic carbon uptake & transport, DRAM2 Predicted Substrate Class: carbohydrates
Transporters	Transporters	K10121 | 3.A.1.1.20	MicroTrait: fructooligosaccharide transport system permease protein, DRAM2 Transport Cat: Organic carbon uptake & transport, DRAM2 Predicted Substrate Class: carbohydrates
Transporters	Transporters	K10122 | 3.A.1.1.20	MicroTrait: fructooligosaccharide transport system permease protein, DRAM2 Transport Cat: Organic carbon uptake & transport, DRAM2 Predicted Substrate Class: carbohydrates
Transporters	Transporters	K10200 | 3.A.1.1.18_Q8RJV0	MicroTrait: N-acetylglucosamine transport system substrate-binding protein, DRAM2 Transport Cat: Organic carbon uptake & transport, DRAM2 Predicted Substrate Class: ambiguous
Transporters	Transporters	K10201 | 3.A.1.1.18_Q8RJU9	MicroTrait: N-acetylglucosamine transport system permease protein, DRAM2 Transport Cat: Organic carbon uptake & transport, DRAM2 Predicted Substrate Class: ambiguous
Transporters	Transporters	K10202 | 3.A.1.1.18_Q8RJU8	MicroTrait: N-acetylglucosamine transport system permease protein, DRAM2 Transport Cat: Organic carbon uptake & transport, DRAM2 Predicted Substrate Class: ambiguous
Transporters	Transporters	K10235 | 3.A.1.1.17_Q9R9Q4 | 3.A.1.1.4_Q01937 | 3.A.1.1.8_Q9Z3R9	MicroTrait: alpha-glucoside transport system ATP-binding protein, DRAM2 Transport Cat: Organic carbon uptake & transport, DRAM2 Predicted Substrate Class: ambiguous
Transporters	Transporters	K15772 | 3.A.1.1.16_Q8TZQ0 | 3.A.1.1.26_O06991 | 3.A.1.1.27_Q8DT26 | 3.A.1.1.44_Q9KZ08	MicroTrait: arabinogalactan oligomer / maltooligosaccharide transport system permease protein, DRAM2 Transport Cat: Organic carbon uptake & transport, DRAM2 Predicted Substrate Class: carbohydrates
Transporters	Transporters	K15771 | 3.A.1.1.16_Q8TZP9 | 3.A.1.1.26_O06990 | 3.A.1.1.27_Q8DT27 | 3.A.1.1.44_Q9KZ07 | 3.A.1.1.51_Q6MNM0	MicroTrait: arabinogalactan oligomer / maltooligosaccharide transport system permease protein, DRAM2 Transport Cat: Organic carbon uptake & transport, DRAM2 Predicted Substrate Class: carbohydrates
Transporters	Transporters	K15770 | 3.A.1.1.16_P58300 | 3.A.1.1.26_O06989 | 3.A.1.1.27_Q8DT28 | 3.A.1.1.44_Q7AKP1	MicroTrait: arabinogalactan oligomer / maltooligosaccharide transport system substrate-binding protein, DRAM2 Transport Cat: Organic carbon uptake & transport, DRAM2 Predicted Substrate Class: carbohydrates
Transporters	Transporters	K17311 | 3.A.1.1.15_Q97ZC3	MicroTrait: trehalose transport system substrate-binding protein, DRAM2 Transport Cat: Organic carbon uptake & transport, DRAM2 Predicted Substrate Class: carbohydrates
Transporters	Transporters	K17312 | 3.A.1.1.15_Q97ZC2	MicroTrait: trehalose transport system permease protein, DRAM2 Transport Cat: Organic carbon uptake & transport, DRAM2 Predicted Substrate Class: carbohydrates
Transporters	Transporters	K17313 | 3.A.1.1.15_Q97ZC1	MicroTrait: trehalose transport system permease protein, DRAM2 Transport Cat: Organic carbon uptake & transport, DRAM2 Predicted Substrate Class: carbohydrates
Transporters	Transporters	K17314 | 3.A.1.1.15_Q97ZC0	MicroTrait: trehalose transport system ATP-binding protein, DRAM2 Transport Cat: Organic carbon uptake & transport, DRAM2 Predicted Substrate Class: carbohydrates
Transporters	Transporters	K17317 | 3.A.1.1.14_Q97UF3 | 3.A.1.1.24_Q72KX4 | 3.A.1.1.30_Q88P36	MicroTrait: glucose/mannose transport system permease protein, DRAM2 Transport Cat: Organic carbon uptake & transport, DRAM2 Predicted Substrate Class: carbohydrates
Transporters	Transporters	K02010 | 3.A.1.1.14_Q97UF2 | 3.A.1.20.2_Q9KLQ5 | 3.A.1.10.4_Q82VN5 | 3.A.1.10.5_A1JLH0 | 3.A.1.19.2_Q73RE4	MicroTrait: iron(III) transport system ATP-binding protein [EC:3.6.3.30], DRAM2 Transport Cat: Metal and inorganic nutrient uptake & transport, DRAM2 Predicted Substrate Class: metals/inorganic nutrients
Transporters	Transporters	K10112 | 3.A.1.1.14_Q97UF2 | 3.A.1.1.16_Q8TZQ3 | 3.A.1.1.22_Q9X103 | 3.A.1.1.23_P96483 | 3.A.1.1.24_Q72L52 | 3.A.1.1.25_Q72L52 | 3.A.1.1.26_P94360 | 3.A.1.1.27_Q8DT25 | 3.A.1.1.28_Q00752 | 3.A.1.1.30_Q88P35 | 3.A.1.1.31_O50454 | 3.A.1.1.32_Q55035 | 3.A.1.1.33_Q9L0Q1 | 3.A.1.1.34_O32151 | 3.A.1.1.34_P94360 | 3.A.1.1.45_Q8NMV1 | 3.A.1.1.46_P77481	MicroTrait: multiple sugar transport system ATP-binding protein, DRAM2 Transport Cat: Organic carbon uptake & transport, DRAM2 Predicted Substrate Class: carbohydrates
Transporters	Transporters	K10196 | 3.A.1.1.13_Q97UZ1 | 3.A.1.1.14_Q97UF5	MicroTrait: glucose/arabinose transport system substrate-binding protein, DRAM2 Transport Cat: Organic carbon uptake & transport, DRAM2 Predicted Substrate Class: carbohydrates
Transporters	Transporters	K10197 | 3.A.1.1.13_Q97UZ0 | 3.A.1.1.14_Q97UF4	MicroTrait: glucose/arabinose transport system permease protein, DRAM2 Transport Cat: Organic carbon uptake & transport, DRAM2 Predicted Substrate Class: carbohydrates
Transporters	Transporters	K10198 | 3.A.1.1.13_Q97UY9 | 3.A.1.1.14_Q97UF3	MicroTrait: glucose/arabinose transport system permease protein, DRAM2 Transport Cat: Organic carbon uptake & transport, DRAM2 Predicted Substrate Class: carbohydrates
Transporters	Transporters	K10199 | 3.A.1.1.13_Q97UY8 | 3.A.1.1.14_Q97UF2	MicroTrait: glucose/arabinose transport system ATP-binding protein, DRAM2 Transport Cat: Organic carbon uptake & transport, DRAM2 Predicted Substrate Class: carbohydrates
Transporters	Transporters	K17240 | 3.A.1.1.13_Q97UY8 | 3.A.1.1.14_Q97UF2	MicroTrait: inositol-phosphate transport system ATP-binding protein, DRAM2 Transport Cat: Metal and inorganic nutrient uptake & transport, DRAM2 Predicted Substrate Class: metals/inorganic nutrients
Transporters	Transporters	K10236 | 3.A.1.1.12_Q9AI68 | 3.A.1.1.17_Q9R9Q7 | 3.A.1.1.19_Q8L126 | 3.A.1.1.25_Q72H68	MicroTrait: trehalose/maltose transport system substrate-binding protein, DRAM2 Transport Cat: Organic carbon uptake & transport, DRAM2 Predicted Substrate Class: carbohydrates
Transporters	Transporters	K10237 | 3.A.1.1.12_Q9AI67 | 3.A.1.1.17_Q9R9Q6 | 3.A.1.1.19_Q8L125 | 3.A.1.1.25_Q72H67 | 3.A.1.1.41_G4FGN7	MicroTrait: trehalose/maltose transport system permease protein, DRAM2 Transport Cat: Organic carbon uptake & transport, DRAM2 Predicted Substrate Class: carbohydrates
Transporters	Transporters	K10238 | 3.A.1.1.12_Q9AI66 | 3.A.1.1.17_Q9R9Q5 | 3.A.1.1.25_Q72H66	MicroTrait: trehalose/maltose transport system permease protein, DRAM2 Transport Cat: Organic carbon uptake & transport, DRAM2 Predicted Substrate Class: carbohydrates
Transporters	Transporters	K10111 | 3.A.1.1.12_Q9AI63 | 3.A.1.1.17_Q9R9Q4 | 3.A.1.1.19_Q8L122 | 3.A.1.1.1_P68187 | 3.A.1.1.49_O30494 | 3.A.1.1.4_Q01937	MicroTrait: multiple sugar transport system ATP-binding protein [EC:3.6.3.-], DRAM2 Transport Cat: Organic carbon uptake & transport, DRAM2 Predicted Substrate Class: carbohydrates
Transporters	Transporters	K10193 | 3.A.1.1.11_Q93KC0	MicroTrait: oligogalacturonide transport system permease protein, DRAM2 Transport Cat: Organic carbon uptake & transport, DRAM2 Predicted Substrate Class: ambiguous
Transporters	Transporters	K10194 | 3.A.1.1.11_Q93KB9	MicroTrait: oligogalacturonide transport system permease protein, DRAM2 Transport Cat: Organic carbon uptake & transport, DRAM2 Predicted Substrate Class: ambiguous
Transporters	Transporters	K10195 | 3.A.1.1.11_Q93KB8	MicroTrait: oligogalacturonide transport system ATP-binding protein, DRAM2 Transport Cat: Organic carbon uptake & transport, DRAM2 Predicted Substrate Class: ambiguous
Transporters	Transporters	K10192 | 3.A.1.1.11_Q93KB7	MicroTrait: oligogalacturonide transport system substrate-binding protein, DRAM2 Transport Cat: Organic carbon uptake & transport, DRAM2 Predicted Substrate Class: ambiguous
Transporters	Transporters	K17319 | 3.A.1.1.10_Q9KWT8	MicroTrait: putative aldouronate transport system permease protein, DRAM2 Transport Cat: Organic carbon uptake & transport, DRAM2 Predicted Substrate Class: ambiguous
Transporters	Transporters	K17320 | 3.A.1.1.10_Q9KWT7	MicroTrait: putative aldouronate transport system permease protein, DRAM2 Transport Cat: Organic carbon uptake & transport, DRAM2 Predicted Substrate Class: ambiguous
Transporters	Transporters	K10110 | 3.A.1.1.1_P68183 | 3.A.1.1.22_Q9X0S9 | 3.A.1.1.22_Q9X2F5	MicroTrait: maltose/maltodextrin transport system permease protein, DRAM2 Transport Cat: Organic carbon uptake & transport, DRAM2 Predicted Substrate Class: carbohydrates
Transporters	Transporters	K10108 | 3.A.1.1.1_P0AEX9 | 3.A.1.1.22_Q9S5Y1 | 3.A.1.1.22_Q9X0T1	MicroTrait: maltose/maltodextrin transport system substrate-binding protein, DRAM2 Transport Cat: Organic carbon uptake & transport, DRAM2 Predicted Substrate Class: carbohydrates
Transporters	Transporters	K10109 | 3.A.1.1.1_P02916 | 3.A.1.1.22_Q9X0T0	MicroTrait: maltose/maltodextrin transport system permease protein, DRAM2 Transport Cat: Organic carbon uptake & transport, DRAM2 Predicted Substrate Class: carbohydrates
Transporters	Transporters	K16905 | 3.A.1	MicroTrait: fluoroquinolone transport system permease protein, DRAM2 Transport Cat: Miscellaneous, DRAM2 Predicted Substrate Class: ambiguous
Transporters	Transporters	K16906 | 3.A.1	MicroTrait: fluoroquinolone transport system permease protein, DRAM2 Transport Cat: Miscellaneous, DRAM2 Predicted Substrate Class: ambiguous
Transporters	Transporters	K16907 | 3.A.1	MicroTrait: fluoroquinolone transport system ATP-binding protein [EC:3.6.3.-], DRAM2 Transport Cat: Miscellaneous, DRAM2 Predicted Substrate Class: ambiguous
Transporters	Transporters	K09814 | 3.A.1	MicroTrait: hemin transport system ATP-binding protein [EC:3.6.3.-], DRAM2 Transport Cat: Miscellaneous, DRAM2 Predicted Substrate Class: ambiguous
Transporters	Transporters	K09813 | 3.A.1	MicroTrait: hemin transport system permease protein, DRAM2 Transport Cat: Miscellaneous, DRAM2 Predicted Substrate Class: ambiguous
Transporters	Transporters	K18216 | 3.A.1	MicroTrait: ATP-binding cassette, subfamily B, tetracycline resistant protein, DRAM2 Transport Cat: Miscellaneous, DRAM2 Predicted Substrate Class: ambiguous
Transporters	Transporters	K18217 | 3.A.1	MicroTrait: ATP-binding cassette, subfamily B, tetracycline resistant protein, DRAM2 Transport Cat: Miscellaneous, DRAM2 Predicted Substrate Class: ambiguous
Transporters	Transporters	K16921 | 3.A.1	MicroTrait: acetoin utilization transport system ATP-binding protein, DRAM2 Transport Cat: Organic carbon uptake & transport, DRAM2 Predicted Substrate Class: ambiguous
Transporters	Transporters	K16919 | 3.A.1	MicroTrait: acetoin utilization transport system permease protein, DRAM2 Transport Cat: Organic carbon uptake & transport, DRAM2 Predicted Substrate Class: ambiguous
Transporters	Transporters	K16920 | 3.A.1	MicroTrait: acetoin utilization transport system ATP-binding protein, DRAM2 Transport Cat: Organic carbon uptake & transport, DRAM2 Predicted Substrate Class: ambiguous
Transporters	Transporters	K16918 | 3.A.1	MicroTrait: acetoin utilization transport system permease protein, DRAM2 Transport Cat: Organic carbon uptake & transport, DRAM2 Predicted Substrate Class: ambiguous
Transporters	Transporters	K07034 | 2.A.96.1.1_P0AC98	MicroTrait: uncharacterized protein, DRAM2 Transport Cat: Unassigned, DRAM2 Predicted Substrate Class: ambiguous
Transporters	Transporters	K05595 | 2.A.95.1.4_Q8J305 | 2.A.95.1.6_D3P9M4 | 2.A.95.1.7_P25743	MicroTrait: multiple antibiotic resistance protein, DRAM2 Transport Cat: Miscellaneous, DRAM2 Predicted Substrate Class: ambiguous
Transporters	Transporters	K16788 | 2.A.88.5.1_Q99Z31 | 2.A.88.5.2_A2RKV5	MicroTrait: niacin transporter, DRAM2 Transport Cat: Miscellaneous, DRAM2 Predicted Substrate Class: ambiguous
Transporters	Transporters	K16789 | 2.A.88.3	MicroTrait: thiamine transporter, DRAM2 Transport Cat: Miscellaneous, DRAM2 Predicted Substrate Class: ambiguous
Transporters	Transporters	K20469 | 2.A.86.1.7	MicroTrait: putative heme transporter, DRAM2 Transport Cat: Miscellaneous, DRAM2 Predicted Substrate Class: ambiguous
Transporters	Transporters	K15547 | 2.A.85.6.1	MicroTrait: multidrug resistance protein MdtO, DRAM2 Transport Cat: Detoxification, resistance, and efflux, DRAM2 Predicted Substrate Class: ambiguous
Transporters	Transporters	K03468 | 2.A.85.1.2	MicroTrait: p-hydroxybenzoic acid efflux pump subunit AaeB, DRAM2 Transport Cat: Detoxification, resistance, and efflux, DRAM2 Predicted Substrate Class: ambiguous
Transporters	Transporters	K07793 | 2.A.80.1.4_S5Y5N9	MicroTrait: putative tricarboxylic transport membrane protein, DRAM2 Transport Cat: Unassigned, DRAM2 Predicted Substrate Class: ambiguous
Transporters	Transporters	K07795 | 2.A.80.1.4_S5XTE7	MicroTrait: putative tricarboxylic transport membrane protein, DRAM2 Transport Cat: Unassigned, DRAM2 Predicted Substrate Class: ambiguous
Transporters	Transporters	K07794 | 2.A.80.1.4_S5XH28	MicroTrait: putative tricarboxylic transport membrane protein, DRAM2 Transport Cat: Unassigned, DRAM2 Predicted Substrate Class: ambiguous
Transporters	Transporters	K06156 | 2.A.8.1.8	MicroTrait: Gnt-I system low-affinity gluconate transporter, DRAM2 Transport Cat: Miscellaneous, DRAM2 Predicted Substrate Class: ambiguous
Transporters	Transporters	K13629 | 2.A.8.1.5_P08555	MicroTrait: D-serine transporter, DRAM2 Transport Cat: Organic nitrogen uptake & transport, DRAM2 Predicted Substrate Class: amino acids/peptides
Transporters	Transporters	K06155 | 2.A.8.1.4	MicroTrait: Gnt-I system high-affinity gluconate transporter, DRAM2 Transport Cat: Miscellaneous, DRAM2 Predicted Substrate Class: ambiguous
Transporters	Transporters	K16321 | 2.A.8.1.3_P0AC94	MicroTrait: high-affinity gluconate transporter, DRAM2 Transport Cat: Miscellaneous, DRAM2 Predicted Substrate Class: ambiguous
Transporters	Transporters	K06157 | 2.A.8.1.2	MicroTrait: Gnt-II system L-idonate transporter, DRAM2 Transport Cat: Miscellaneous, DRAM2 Predicted Substrate Class: ambiguous
Transporters	Transporters	K07084 | 2.A.8.1.12_O32105	MicroTrait: putative amino acid transporter, DRAM2 Transport Cat: Organic nitrogen uptake & transport, DRAM2 Predicted Substrate Class: amino acids/peptides
Transporters	Transporters	K03299 | 2.A.8	MicroTrait: gluconate:H+ symporter, GntP family, DRAM2 Transport Cat: Miscellaneous, DRAM2 Predicted Substrate Class: ambiguous
Transporters	Transporters	K16327 | 2.A.76.1.6_Q3J2V9	MicroTrait: putative LysE/RhtB family amino acid efflux pump, DRAM2 Transport Cat: Organic nitrogen uptake & transport, DRAM2 Predicted Substrate Class: amino acids/peptides
Transporters	Transporters	K11250 | 2.A.76.1.5_P76249	MicroTrait: leucine efflux protein, DRAM2 Transport Cat: Organic nitrogen uptake & transport, DRAM2 Predicted Substrate Class: amino acids/peptides
Transporters	Transporters	K11249 | 2.A.76.1.4_P38101	MicroTrait: cysteine/O-acetylserine efflux protein, DRAM2 Transport Cat: Organic nitrogen uptake & transport, DRAM2 Predicted Substrate Class: amino acids/peptides
Transporters	Transporters	K03329 | 2.A.76.1.3_P75693	MicroTrait: amino acid exporter, DRAM2 Transport Cat: Organic nitrogen uptake & transport, DRAM2 Predicted Substrate Class: amino acids/peptides
Transporters	Transporters	K05835 | 2.A.76.1.2_P0AG38	MicroTrait: threonine efflux protein, DRAM2 Transport Cat: Organic nitrogen uptake & transport, DRAM2 Predicted Substrate Class: amino acids/peptides
Transporters	Transporters	K05834 | 2.A.76.1.1_P0AG34	MicroTrait: homoserine/homoserine lactone efflux protein, DRAM2 Transport Cat: Organic nitrogen uptake & transport, DRAM2 Predicted Substrate Class: amino acids/peptides
Transporters	Transporters	K06895 | 2.A.75.1.1_P94633 | 2.A.75.1.2_P11667 | 2.A.75.1.3_P64711	MicroTrait: L-lysine exporter family protein LysE/ArgO, DRAM2 Transport Cat: Organic nitrogen uptake & transport, DRAM2 Predicted Substrate Class: amino acids/peptides
Transporters	Transporters	K02106 | 2.A.73.1.1_P76460	MicroTrait: short-chain fatty acids transporter, DRAM2 Transport Cat: Miscellaneous, DRAM2 Predicted Substrate Class: ambiguous
Transporters	Transporters	K03549 | 2.A.72	MicroTrait: KUP system potassium uptake protein, DRAM2 Transport Cat: Metal and inorganic nutrient uptake & transport, DRAM2 Predicted Substrate Class: metals/inorganic nutrients
Transporters	Transporters	K02856 | 2.A.7.6.1_P27125 | 2.A.7.6.2_M5UGY9 | 2.A.7.6.3_I3CAS8	MicroTrait: L-rhamnose-H+ transport protein, DRAM2 Transport Cat: Organic carbon uptake & transport, DRAM2 Predicted Substrate Class: carbohydrates
Transporters	Transporters	K05340 | 2.A.7.5.1_O07881 | 2.A.7.5.3_Q9CDF7 | 2.A.7.5.4_P40420 | 2.A.7.5.5_L8DP77	MicroTrait: glucose uptake protein, DRAM2 Transport Cat: Organic carbon uptake & transport, DRAM2 Predicted Substrate Class: carbohydrates
Transporters	Transporters	K06216 | 2.A.7.5	MicroTrait: putative ribose uptake protein, DRAM2 Transport Cat: Organic carbon uptake & transport, DRAM2 Predicted Substrate Class: carbohydrates
Transporters	Transporters	K11939 | 2.A.7.3.6_P0AA67	MicroTrait: inner membrane transporter RhtA, DRAM2 Transport Cat: Miscellaneous, DRAM2 Predicted Substrate Class: ambiguous
Transporters	Transporters	K15270 | 2.A.7.3.54_Q1MIM3	MicroTrait: S-adenosylmethionine uptake transporter, DRAM2 Transport Cat: Organic nitrogen uptake & transport, DRAM2 Predicted Substrate Class: amino acids/peptides
Transporters	Transporters	K15268 | 2.A.7.3.2_P31125	MicroTrait: O-acetylserine/cysteine efflux transporter, DRAM2 Transport Cat: Organic nitrogen uptake & transport, DRAM2 Predicted Substrate Class: amino acids/peptides
Transporters	Transporters	K03298 | 2.A.7.3	MicroTrait: drug/metabolite transporter, DME family, DRAM2 Transport Cat: Miscellaneous, DRAM2 Predicted Substrate Class: ambiguous
Transporters	Transporters	K12962 | 2.A.7.22.1_Q47377	MicroTrait: undecaprenyl phosphate-alpha-L-ara4N flippase subunit ArnE, DRAM2 Transport Cat: Metal and inorganic nutrient uptake & transport, DRAM2 Predicted Substrate Class: metals/inorganic nutrients
Transporters	Transporters	K09936 | 2.A.7.21.9_D3P9M1 | 2.A.7.21.5_G8WDN2 | 2.A.7.21.5_G8WDN3	MicroTrait: bacterial/archaeal transporter family-2 protein, DRAM2 Transport Cat: Miscellaneous, DRAM2 Predicted Substrate Class: ambiguous
Transporters	Transporters	K11814 | 2.A.7.1.6	MicroTrait: multidrug resistance protein EbrA, DRAM2 Transport Cat: Detoxification, resistance, and efflux, DRAM2 Predicted Substrate Class: ambiguous
Transporters	Transporters	K11815 | 2.A.7.1.6	MicroTrait: multidrug resistance protein EbrB, DRAM2 Transport Cat: Detoxification, resistance, and efflux, DRAM2 Predicted Substrate Class: ambiguous
Transporters	Transporters	K18924 | 2.A.7.1.5	MicroTrait: paired small multidrug resistance pump, DRAM2 Transport Cat: Detoxification, resistance, and efflux, DRAM2 Predicted Substrate Class: ambiguous
Transporters	Transporters	K18925 | 2.A.7.1.5	MicroTrait: paired small multidrug resistance pump, DRAM2 Transport Cat: Detoxification, resistance, and efflux, DRAM2 Predicted Substrate Class: ambiguous
Transporters	Transporters	K18975 | 2.A.7.1.11	MicroTrait: small multidrug resistance pump, DRAM2 Transport Cat: Detoxification, resistance, and efflux, DRAM2 Predicted Substrate Class: ambiguous
Transporters	Transporters	K03297 | 2.A.7.1	MicroTrait: small multidrug resistance pump, DRAM2 Transport Cat: Detoxification, resistance, and efflux, DRAM2 Predicted Substrate Class: ambiguous
Transporters	Transporters	K13936 | 2.A.69.3.3_O32715	MicroTrait: malonate transporter, DRAM2 Transport Cat: Miscellaneous, DRAM2 Predicted Substrate Class: ambiguous
Transporters	Transporters	K07088 | 2.A.69.3.2_E0SFK1 | 2.A.69.3.4_P56949 | 2.A.69.3.6_Q98L58 | 2.A.69.4.5_Q48797 | 2.A.69.3.1_Q9AK33 | 2.A.69.4.4_Q1DE54	MicroTrait: uncharacterized protein, DRAM2 Transport Cat: Unassigned, DRAM2 Predicted Substrate Class: ambiguous
Transporters	Transporters	K12942 | 2.A.68.1.1_P46133 | 2.A.68.1.3_D9QJW1 | 2.A.68.1.4_Q0VR69	MicroTrait: aminobenzoyl-glutamate transport protein, DRAM2 Transport Cat: Organic nitrogen uptake & transport, DRAM2 Predicted Substrate Class: amino acids/peptides
Transporters	Transporters	K16696 | 2.A.66.2.8_D4HW93	MicroTrait: exopolysaccharide (amylovoran) exporter, DRAM2 Transport Cat: Organic carbon uptake & transport, DRAM2 Predicted Substrate Class: carbohydrates
Transporters	Transporters	K16695 | 2.A.66.2.7_P77377	MicroTrait: lipopolysaccharide exporter wzxC; colanic acid exporter, DRAM2 Transport Cat: Organic carbon uptake & transport, DRAM2 Predicted Substrate Class: carbohydrates
Transporters	Transporters	K16694 | 2.A.66.2.6	MicroTrait: teichuronic acid exporter, DRAM2 Transport Cat: Miscellaneous, DRAM2 Predicted Substrate Class: ambiguous
Transporters	Transporters	K16553 | 2.A.66.2.2	MicroTrait: succinoglycan exporter, DRAM2 Transport Cat: Organic carbon uptake & transport, DRAM2 Predicted Substrate Class: carbohydrates
Transporters	Transporters	K16712 | 2.A.66.2.11_Q45411	MicroTrait: EPS I polysaccharide export inner membrane protein EpsE, DRAM2 Transport Cat: Organic carbon uptake & transport, DRAM2 Predicted Substrate Class: carbohydrates
Transporters	Transporters	K05565 | 2.A.63.1 | 2.A.63.2	MicroTrait: multicomponent Na+:H+ antiporter subunit A, DRAM2 Transport Cat: Miscellaneous, DRAM2 Predicted Substrate Class: ambiguous
Transporters	Transporters	K05566 | 2.A.63.1 | 2.A.63.2	MicroTrait: multicomponent Na+:H+ antiporter subunit B, DRAM2 Transport Cat: Miscellaneous, DRAM2 Predicted Substrate Class: ambiguous
Transporters	Transporters	K05567 | 2.A.63.1 | 2.A.63.2	MicroTrait: multicomponent Na+:H+ antiporter subunit C, DRAM2 Transport Cat: Miscellaneous, DRAM2 Predicted Substrate Class: ambiguous
Transporters	Transporters	K05568 | 2.A.63.1 | 2.A.63.2	MicroTrait: multicomponent Na+:H+ antiporter subunit D, DRAM2 Transport Cat: Miscellaneous, DRAM2 Predicted Substrate Class: ambiguous
Transporters	Transporters	K05569 | 2.A.63.1 | 2.A.63.2	MicroTrait: multicomponent Na+:H+ antiporter subunit E, DRAM2 Transport Cat: Miscellaneous, DRAM2 Predicted Substrate Class: ambiguous
Transporters	Transporters	K05570 | 2.A.63.1 | 2.A.63.2	MicroTrait: multicomponent Na+:H+ antiporter subunit F, DRAM2 Transport Cat: Miscellaneous, DRAM2 Predicted Substrate Class: ambiguous
Transporters	Transporters	K05571 | 2.A.63.1 | 2.A.63.2	MicroTrait: multicomponent Na+:H+ antiporter subunit G, DRAM2 Transport Cat: Miscellaneous, DRAM2 Predicted Substrate Class: ambiguous
Transporters	Transporters	K05559 | 2.A.63.1	MicroTrait: multicomponent K+:H+ antiporter subunit A, DRAM2 Transport Cat: Miscellaneous, DRAM2 Predicted Substrate Class: ambiguous
Transporters	Transporters	K05560 | 2.A.63.1	MicroTrait: multicomponent K+:H+ antiporter subunit C, DRAM2 Transport Cat: Miscellaneous, DRAM2 Predicted Substrate Class: ambiguous
Transporters	Transporters	K05561 | 2.A.63.1	MicroTrait: multicomponent K+:H+ antiporter subunit D, DRAM2 Transport Cat: Miscellaneous, DRAM2 Predicted Substrate Class: ambiguous
Transporters	Transporters	K05562 | 2.A.63.1	MicroTrait: multicomponent K+:H+ antiporter subunit E, DRAM2 Transport Cat: Miscellaneous, DRAM2 Predicted Substrate Class: ambiguous
Transporters	Transporters	K05563 | 2.A.63.1	MicroTrait: multicomponent K+:H+ antiporter subunit F, DRAM2 Transport Cat: Miscellaneous, DRAM2 Predicted Substrate Class: ambiguous
Transporters	Transporters	K05564 | 2.A.63.1	MicroTrait: multicomponent K+:H+ antiporter subunit G, DRAM2 Transport Cat: Miscellaneous, DRAM2 Predicted Substrate Class: ambiguous
Transporters	Transporters	K03326 | 2.A.61.1.1_P0ABP3 | 2.A.61.1.2_P45428	MicroTrait: C4-dicarboxylate transporter, DcuC family, DRAM2 Transport Cat: Miscellaneous, DRAM2 Predicted Substrate Class: ambiguous
Transporters	Transporters	K20466 | 2.A.6.5.5	MicroTrait: heme transporter, DRAM2 Transport Cat: Miscellaneous, DRAM2 Predicted Substrate Class: ambiguous
Transporters	Transporters	K06994 | 2.A.6.5.13_P9WJU1 | 2.A.6.5.3_Q9KH53 | 2.A.6.5.7_O53735	MicroTrait: putative drug exporter of the RND superfamily, DRAM2 Transport Cat: Detoxification, resistance, and efflux, DRAM2 Predicted Substrate Class: ambiguous
Transporters	Transporters	K03296 | 2.A.6.3.1_P25197 | 2.A.6.3.2_A9CGX6 | 2.A.6.3.3_E8PBU7 | 2.A.6.3.4_Q1DEX6 | 2.A.6.3.6_Q8CX78 | 2.A.6.2.23_Q6VV68	MicroTrait: hydrophobic/amphiphilic exporter-1 (mainly G- bacteria), HAE1 family, DRAM2 Transport Cat: Miscellaneous, DRAM2 Predicted Substrate Class: ambiguous
Transporters	Transporters	K18324 | 2.A.6.2.7_P24177	MicroTrait: multidrug efflux pump, DRAM2 Transport Cat: Detoxification, resistance, and efflux, DRAM2 Predicted Substrate Class: ambiguous
Transporters	Transporters	K18139 | 2.A.6.2.5_Q51006 | 2.A.6.2.9_Q9WWZ8 | 2.A.6.2.23_Q6VV67	MicroTrait: outer membrane protein, multidrug efflux system, DRAM2 Transport Cat: Detoxification, resistance, and efflux, DRAM2 Predicted Substrate Class: ambiguous
Transporters	Transporters	K03585 | 2.A.6.2.5_P43505 | 2.A.6.2.6_P52477 | 2.A.6.2.9_Q9WWZ9 | 2.A.6.2.23_Q6VV69	MicroTrait: membrane fusion protein, multidrug efflux system, DRAM2 Transport Cat: Detoxification, resistance, and efflux, DRAM2 Predicted Substrate Class: ambiguous
Transporters	Transporters	K19585 | 2.A.6.2.47	MicroTrait: multidrug efflux pump, DRAM2 Transport Cat: Detoxification, resistance, and efflux, DRAM2 Predicted Substrate Class: ambiguous
Transporters	Transporters	K18322 | 2.A.6.2.41	MicroTrait: multidrug efflux pump, DRAM2 Transport Cat: Detoxification, resistance, and efflux, DRAM2 Predicted Substrate Class: ambiguous
Transporters	Transporters	K18146 | 2.A.6.2.40	MicroTrait: multidrug efflux pump, DRAM2 Transport Cat: Detoxification, resistance, and efflux, DRAM2 Predicted Substrate Class: ambiguous
Transporters	Transporters	K21133 | 2.A.6.2.35	MicroTrait: multidrug efflux pump, DRAM2 Transport Cat: Detoxification, resistance, and efflux, DRAM2 Predicted Substrate Class: ambiguous
Transporters	Transporters	K18307 | 2.A.6.2.32	MicroTrait: multidrug efflux pump, DRAM2 Transport Cat: Detoxification, resistance, and efflux, DRAM2 Predicted Substrate Class: ambiguous
Transporters	Transporters	K18989 | 2.A.6.2.30	MicroTrait: multidrug efflux pump, DRAM2 Transport Cat: Detoxification, resistance, and efflux, DRAM2 Predicted Substrate Class: ambiguous
Transporters	Transporters	K21134 | 2.A.6.2.27	MicroTrait: multidrug efflux pump, DRAM2 Transport Cat: Detoxification, resistance, and efflux, DRAM2 Predicted Substrate Class: ambiguous
Transporters	Transporters	K19594 | 2.A.6.2.25 | 2.A.6.2.34	MicroTrait: gold/copper resistance efflux pump, DRAM2 Transport Cat: Metal and inorganic nutrient uptake & transport, DRAM2 Predicted Substrate Class: metals/inorganic nutrients
Transporters	Transporters	K18095 | 2.A.6.2.21 | 2.A.6.2.24	MicroTrait: multidrug efflux pump, DRAM2 Transport Cat: Detoxification, resistance, and efflux, DRAM2 Predicted Substrate Class: ambiguous
Transporters	Transporters	K18138 | 2.A.6.2.2_P31224 | 2.A.6.2.5_Q51073 | 2.A.6.2.6_P52002 | 2.A.6.2.6_P52477 | 2.A.6.2.9_O52248 | 2.A.6.2.23_Q6VV68	MicroTrait: multidrug efflux pump, DRAM2 Transport Cat: Detoxification, resistance, and efflux, DRAM2 Predicted Substrate Class: ambiguous
Transporters	Transporters	K18142 | 2.A.6.2.2_P31224	MicroTrait: multidrug efflux pump, DRAM2 Transport Cat: Detoxification, resistance, and efflux, DRAM2 Predicted Substrate Class: ambiguous
Transporters	Transporters	K18303 | 2.A.6.2.17	MicroTrait: multidrug efflux pump, DRAM2 Transport Cat: Detoxification, resistance, and efflux, DRAM2 Predicted Substrate Class: ambiguous
Transporters	Transporters	K18299 | 2.A.6.2.16	MicroTrait: multidrug efflux pump, DRAM2 Transport Cat: Detoxification, resistance, and efflux, DRAM2 Predicted Substrate Class: ambiguous
Transporters	Transporters	K18296 | 2.A.6.2.15	MicroTrait: multidrug efflux pump, DRAM2 Transport Cat: Detoxification, resistance, and efflux, DRAM2 Predicted Substrate Class: ambiguous
Transporters	Transporters	K18899 | 2.A.6.2.13	MicroTrait: multidrug efflux pump, DRAM2 Transport Cat: Detoxification, resistance, and efflux, DRAM2 Predicted Substrate Class: ambiguous
Transporters	Transporters	K18901 | 2.A.6.2	MicroTrait: membrane fusion protein, multidrug efflux system, DRAM2 Transport Cat: Detoxification, resistance, and efflux, DRAM2 Predicted Substrate Class: ambiguous
Transporters	Transporters	K18902 | 2.A.6.2	MicroTrait: multidrug efflux pump, DRAM2 Transport Cat: Detoxification, resistance, and efflux, DRAM2 Predicted Substrate Class: ambiguous
Transporters	Transporters	K07788 | 2.A.6.2	MicroTrait: multidrug efflux pump, DRAM2 Transport Cat: Detoxification, resistance, and efflux, DRAM2 Predicted Substrate Class: ambiguous
Transporters	Transporters	K07789 | 2.A.6.2	MicroTrait: multidrug efflux pump, DRAM2 Transport Cat: Detoxification, resistance, and efflux, DRAM2 Predicted Substrate Class: ambiguous
Transporters	Transporters	K07787 | 2.A.6.1.4	MicroTrait: Cu(I)/Ag(I) efflux system membrane protein CusA/SilA, DRAM2 Transport Cat: Detoxification, resistance, and efflux, DRAM2 Predicted Substrate Class: ambiguous
Transporters	Transporters	K15726 | 2.A.6.1.2	MicroTrait: cobalt-zinc-cadmium resistance protein CzcA, DRAM2 Transport Cat: Metal and inorganic nutrient uptake & transport, DRAM2 Predicted Substrate Class: metals/inorganic nutrients
Transporters	Transporters	K11326 | 2.A.6.1	MicroTrait: cation efflux system protein involved in nickel and cobalt tolerance, DRAM2 Transport Cat: Metal and inorganic nutrient uptake & transport, DRAM2 Predicted Substrate Class: metals/inorganic nutrients
Transporters	Transporters	K03325 | 2.A.59	MicroTrait: arsenite transporter, ACR3 family, DRAM2 Transport Cat: Miscellaneous, DRAM2 Predicted Substrate Class: ambiguous
Transporters	Transporters	K03324 | 2.A.58.2	MicroTrait: phosphate:Na+ symporter, DRAM2 Transport Cat: Metal and inorganic nutrient uptake & transport, DRAM2 Predicted Substrate Class: metals/inorganic nutrients
Transporters	Transporters	K02030 | 2.A.56.3.1_P74223 | 3.A.1.3.15_P54535 | 3.A.1.3.15_P54536 | 3.A.1.3.23_Q9HU31 | 3.A.1.3.24_Q9F3K5 | 3.A.1.3.25_Q9CES5 | 3.A.1.3.27_Q8RCC4	MicroTrait: polar amino acid transport system substrate-binding protein, DRAM2 Transport Cat: Organic nitrogen uptake & transport, DRAM2 Predicted Substrate Class: amino acids/peptides
Transporters	Transporters	K11688 | 2.A.56.1.1_P37735	MicroTrait: C4-dicarboxylate-binding protein DctP, DRAM2 Transport Cat: Miscellaneous, DRAM2 Predicted Substrate Class: ambiguous
Transporters	Transporters	K11690 | 2.A.56.1.1_O07838	MicroTrait: C4-dicarboxylate transporter, DctM subunit, DRAM2 Transport Cat: Miscellaneous, DRAM2 Predicted Substrate Class: ambiguous
Transporters	Transporters	K11689 | 2.A.56.1.1_O07837	MicroTrait: C4-dicarboxylate transporter, DctQ subunit, DRAM2 Transport Cat: Miscellaneous, DRAM2 Predicted Substrate Class: ambiguous
Transporters	Transporters	K21394 | 2.A.56.1	MicroTrait: TRAP-type transport system small permease protein, DRAM2 Transport Cat: Miscellaneous, DRAM2 Predicted Substrate Class: ambiguous
Transporters	Transporters	K21393 | 2.A.56.1	MicroTrait: TRAP-type transport system large permease protein, DRAM2 Transport Cat: Miscellaneous, DRAM2 Predicted Substrate Class: ambiguous
Transporters	Transporters	K21395 | 2.A.56.1	MicroTrait: TRAP-type transport system periplasmic protein, DRAM2 Transport Cat: Miscellaneous, DRAM2 Predicted Substrate Class: ambiguous
Transporters	Transporters	K03322 | 2.A.55.2.6 | 2.A.55.3	MicroTrait: manganese transport protein, DRAM2 Transport Cat: Metal and inorganic nutrient uptake & transport, DRAM2 Predicted Substrate Class: metals/inorganic nutrients
Transporters	Transporters	K03321 | 2.A.53.3.13_Q1J2S8	MicroTrait: sulfate permease, SulP family, DRAM2 Transport Cat: Metal and inorganic nutrient uptake & transport, DRAM2 Predicted Substrate Class: metals/inorganic nutrients
Transporters	Transporters	K08970 | 2.A.52.2	MicroTrait: nickel/cobalt exporter, DRAM2 Transport Cat: Metal and inorganic nutrient uptake & transport, DRAM2 Predicted Substrate Class: metals/inorganic nutrients
Transporters	Transporters	K07241 | 2.A.52.1	MicroTrait: high-affinity nickel-transport protein, DRAM2 Transport Cat: Metal and inorganic nutrient uptake & transport, DRAM2 Predicted Substrate Class: metals/inorganic nutrients
Transporters	Transporters	K07240 | 2.A.51.1	MicroTrait: chromate transporter, DRAM2 Transport Cat: Metal and inorganic nutrient uptake & transport, DRAM2 Predicted Substrate Class: metals/inorganic nutrients
Transporters	Transporters	K03739 | 2.A.50.2.1_P39580	MicroTrait: membrane protein involved in D-alanine export, DRAM2 Transport Cat: Organic nitrogen uptake & transport, DRAM2 Predicted Substrate Class: amino acids/peptides
Transporters	Transporters	K16267 | 2.A.5.4.11	MicroTrait: zinc and cadmium transporter, DRAM2 Transport Cat: Metal and inorganic nutrient uptake & transport, DRAM2 Predicted Substrate Class: metals/inorganic nutrients
Transporters	Transporters	K03319 | 2.A.47.3.4_Q6D017	MicroTrait: divalent anion:Na+ symporter, DASS family, DRAM2 Transport Cat: Miscellaneous, DRAM2 Predicted Substrate Class: ambiguous
Transporters	Transporters	K11106 | 2.A.47.3.3_P39414	MicroTrait: L-tartrate/succinate antiporter, DRAM2 Transport Cat: Miscellaneous, DRAM2 Predicted Substrate Class: ambiguous
Transporters	Transporters	K09477 | 2.A.47.3.2_P0AE74	MicroTrait: citrate:succinate antiporter, DRAM2 Transport Cat: Organic nitrogen uptake & transport, DRAM2 Predicted Substrate Class: ambiguous
Transporters	Transporters	K05782 | 2.A.46.1	MicroTrait: benzoate membrane transport protein, DRAM2 Transport Cat: Organic nitrogen uptake & transport, DRAM2 Predicted Substrate Class: ambiguous
Transporters	Transporters	K03893 | 2.A.45.1 | 3.A.4.1	MicroTrait: arsenical pump membrane protein, DRAM2 Transport Cat: Metal and inorganic nutrient uptake & transport, DRAM2 Predicted Substrate Class: metals/inorganic nutrients
Transporters	Transporters	K03838 | 2.A.42.2.2_P0AAD8	MicroTrait: threonine transporter, DRAM2 Transport Cat: Organic nitrogen uptake & transport, DRAM2 Predicted Substrate Class: amino acids/peptides
Transporters	Transporters	K03837 | 2.A.42.2.1_P0AAD6	MicroTrait: serine transporter, DRAM2 Transport Cat: Organic nitrogen uptake & transport, DRAM2 Predicted Substrate Class: amino acids/peptides
Transporters	Transporters	K03318 | 2.A.42.1.4_Q47825	MicroTrait: tyrosine permease, DRAM2 Transport Cat: Organic nitrogen uptake & transport, DRAM2 Predicted Substrate Class: amino acids/peptides
Transporters	Transporters	K03836 | 2.A.42.1.3_P23173	MicroTrait: low affinity tryptophan permease, DRAM2 Transport Cat: Organic nitrogen uptake & transport, DRAM2 Predicted Substrate Class: amino acids/peptides
Transporters	Transporters	K03835 | 2.A.42.1.2_P0AAD2 | 2.A.42.1.5_Q5NFU3	MicroTrait: tryptophan-specific transport protein, DRAM2 Transport Cat: Organic nitrogen uptake & transport, DRAM2 Predicted Substrate Class: amino acids/peptides
Transporters	Transporters	K03834 | 2.A.42.1.1_P0AAD4 | 2.A.42.1.5_Q5NFU3	MicroTrait: tyrosine-specific transport protein, DRAM2 Transport Cat: Organic nitrogen uptake & transport, DRAM2 Predicted Substrate Class: amino acids/peptides
Transporters	Transporters	K03317 | 2.A.41.2.11_Q9KPL5	MicroTrait: concentrative nucleoside transporter, CNT family, DRAM2 Transport Cat: Miscellaneous, DRAM2 Predicted Substrate Class: ambiguous
Transporters	Transporters	K16325 | 2.A.41.2.10_P33021	MicroTrait: nucleoside permease, DRAM2 Transport Cat: Miscellaneous, DRAM2 Predicted Substrate Class: ambiguous
Transporters	Transporters	K16324 | 2.A.41.2.10_P33021	MicroTrait: putative pseudouridine transporter, DRAM2 Transport Cat: Miscellaneous, DRAM2 Predicted Substrate Class: ambiguous
Transporters	Transporters	K16323 | 2.A.41.1.3_P42312	MicroTrait: purine nucleoside transport protein, DRAM2 Transport Cat: Miscellaneous, DRAM2 Predicted Substrate Class: ambiguous
Transporters	Transporters	K11535 | 2.A.41.1.1_P0AFF2 | 2.A.41.1.2_P39141	MicroTrait: nucleoside transport protein, DRAM2 Transport Cat: Miscellaneous, DRAM2 Predicted Substrate Class: ambiguous
Transporters	Transporters	K06901 | 2.A.40.7.2_O34987 | 2.A.40.7.4_P31440 | 2.A.40.7.5_P0AF52 | 2.A.40.7.6_P31466 | 2.A.40.7.7_Q46817	MicroTrait: putative MFS transporter, AGZA family, xanthine/uracil permease, DRAM2 Transport Cat: Miscellaneous, DRAM2 Predicted Substrate Class: ambiguous
Transporters	Transporters	K16346 | 2.A.40.4.3	MicroTrait: xanthine permease XanQ, DRAM2 Transport Cat: Miscellaneous, DRAM2 Predicted Substrate Class: ambiguous
Transporters	Transporters	K16345 | 2.A.40.4.2	MicroTrait: xanthine permease XanP, DRAM2 Transport Cat: Miscellaneous, DRAM2 Predicted Substrate Class: ambiguous
Transporters	Transporters	K16170 | 2.A.40.3.2	MicroTrait: uric acid permease, DRAM2 Transport Cat: Miscellaneous, DRAM2 Predicted Substrate Class: ambiguous
Transporters	Transporters	K03458 | 2.A.40.2.1_P50487	MicroTrait: nucleobase:cation symporter-2, NCS2 family, DRAM2 Transport Cat: Miscellaneous, DRAM2 Predicted Substrate Class: ambiguous
Transporters	Transporters	K09016 | 2.A.40.1.3_P75892	MicroTrait: putative pyrimidine permease RutG, DRAM2 Transport Cat: Miscellaneous, DRAM2 Predicted Substrate Class: ambiguous
Transporters	Transporters	K02824 | 2.A.40.1.1_P0AGM7 | 2.A.40.1.2_Q9CF78 | 2.A.40.1.4_P39766	MicroTrait: uracil permease, DRAM2 Transport Cat: Miscellaneous, DRAM2 Predicted Substrate Class: ambiguous
Transporters	Transporters	K13283 | 2.A.4.7.1	MicroTrait: ferrous-iron efflux pump FieF, DRAM2 Transport Cat: Metal and inorganic nutrient uptake & transport, DRAM2 Predicted Substrate Class: metals/inorganic nutrients
Transporters	Transporters	K16264 | 2.A.4.1	MicroTrait: cobalt-zinc-cadmium efflux system protein, DRAM2 Transport Cat: Metal and inorganic nutrient uptake & transport, DRAM2 Predicted Substrate Class: metals/inorganic nutrients
Transporters	Transporters	K03457 | 2.A.39.5.1_Q082R8 | 2.A.39.1.5_P94369 | 2.A.39.3.12_V9SBV7	MicroTrait: nucleobase:cation symporter-1, NCS1 family, DRAM2 Transport Cat: Miscellaneous, DRAM2 Predicted Substrate Class: ambiguous
Transporters	Transporters	K10975 | 2.A.39.3.8	MicroTrait: allantoin permease, DRAM2 Transport Cat: Miscellaneous, DRAM2 Predicted Substrate Class: ambiguous
Transporters	Transporters	K10974 | 2.A.39.1.1_P0AA82	MicroTrait: cytosine permease, DRAM2 Transport Cat: Miscellaneous, DRAM2 Predicted Substrate Class: ambiguous
Transporters	Transporters	K03499 | 2.A.38.1 | 2.A.38.4	MicroTrait: trk system potassium uptake protein, DRAM2 Transport Cat: Metal and inorganic nutrient uptake & transport, DRAM2 Predicted Substrate Class: metals/inorganic nutrients
Transporters	Transporters	K03498 | 2.A.38.1 | 2.A.38.4	MicroTrait: trk system potassium uptake protein, DRAM2 Transport Cat: Metal and inorganic nutrient uptake & transport, DRAM2 Predicted Substrate Class: metals/inorganic nutrients
Transporters	Transporters	K03315 | 2.A.35.1.2_P54571 | 2.A.35.1.3_Q838N7 | 2.A.35.1.4_B0R9X2	MicroTrait: Na+:H+ antiporter, NhaC family, DRAM2 Transport Cat: Miscellaneous, DRAM2 Predicted Substrate Class: ambiguous
Transporters	Transporters	K03314 | 2.A.34.1	MicroTrait: Na+:H+ antiporter, NhaB family, DRAM2 Transport Cat: Miscellaneous, DRAM2 Predicted Substrate Class: ambiguous
Transporters	Transporters	K03313 | 2.A.33.1	MicroTrait: Na+:H+ antiporter, NhaA family, DRAM2 Transport Cat: Miscellaneous, DRAM2 Predicted Substrate Class: ambiguous
Transporters	Transporters	K20265 | 2.A.3.7.1 | 2.A.3.7.3	MicroTrait: glutamate:GABA antiporter, DRAM2 Transport Cat: Organic nitrogen uptake & transport, DRAM2 Predicted Substrate Class: amino acids/peptides
Transporters	Transporters	K03294 | 2.A.3.3.16_Q9L100 | 2.A.3.3.22_Q8R706 | 2.A.3.3.23_s6ex81 | 2.A.3.8.12_O34739 | 2.A.3.8.28_K1M2K1	MicroTrait: basic amino acid/polyamine antiporter, APA family, DRAM2 Transport Cat: Organic nitrogen uptake & transport, DRAM2 Predicted Substrate Class: amino acids/peptides
Transporters	Transporters	K03759 | 2.A.3.2.5_P60061	MicroTrait: arginine:agmatine antiporter, DRAM2 Transport Cat: Organic nitrogen uptake & transport, DRAM2 Predicted Substrate Class: amino acids/peptides
Transporters	Transporters	K03758 | 2.A.3.2.10_F2HL52 | 2.A.3.2.11_F2HL56 | 2.A.3.2.3_P18275 | 2.A.3.2.4_P35865 | 2.A.3.2.6_O32204 | 2.A.3.2.7_Q9Z6M8 | 2.A.3.2.8_P0AAE5	MicroTrait: arginine:ornithine antiporter / lysine permease, DRAM2 Transport Cat: Organic nitrogen uptake & transport, DRAM2 Predicted Substrate Class: amino acids/peptides
Transporters	Transporters	K16263 | 2.A.3.13.1_P39277	MicroTrait: amino acid efflux transporter, DRAM2 Transport Cat: Organic nitrogen uptake & transport, DRAM2 Predicted Substrate Class: amino acids/peptides
Transporters	Transporters	K16234 | 2.A.3.1.9_O31199	MicroTrait: histidine transporter, DRAM2 Transport Cat: Organic nitrogen uptake & transport, DRAM2 Predicted Substrate Class: amino acids/peptides
Transporters	Transporters	K11734 | 2.A.3.1.3_P15993	MicroTrait: aromatic amino acid transport protein AroP, DRAM2 Transport Cat: Organic nitrogen uptake & transport, DRAM2 Predicted Substrate Class: amino acids/peptides
Transporters	Transporters	K11738 | 2.A.3.1.24_P77610 | 2.A.3.1.8_P40812	MicroTrait: L-asparagine permease, DRAM2 Transport Cat: Organic nitrogen uptake & transport, DRAM2 Predicted Substrate Class: amino acids/peptides
Transporters	Transporters	K11736 | 2.A.3.1.23_P0AAE2 | 2.A.3.1.6_P37460	MicroTrait: proline-specific permease ProY, DRAM2 Transport Cat: Organic nitrogen uptake & transport, DRAM2 Predicted Substrate Class: amino acids/peptides
Transporters	Transporters	K03293 | 2.A.3.1.20_F2HQ24 | 2.A.3.1.21_F2HQ25	MicroTrait: amino acid transporter, AAT family, DRAM2 Transport Cat: Organic nitrogen uptake & transport, DRAM2 Predicted Substrate Class: amino acids/peptides
Transporters	Transporters	K11733 | 2.A.3.1.18_K7VV21 | 2.A.3.1.2_P25737	MicroTrait: lysine-specific permease, DRAM2 Transport Cat: Organic nitrogen uptake & transport, DRAM2 Predicted Substrate Class: amino acids/peptides
Transporters	Transporters	K11737 | 2.A.3.1.17_M1IW84 | 2.A.3.1.7_P0AAE0	MicroTrait: D-serine/D-alanine/glycine transporter, DRAM2 Transport Cat: Organic nitrogen uptake & transport, DRAM2 Predicted Substrate Class: amino acids/peptides
Transporters	Transporters	K14052 | 2.A.3.1.13	MicroTrait: putrescine importer, DRAM2 Transport Cat: Miscellaneous, DRAM2 Predicted Substrate Class: ambiguous
Transporters	Transporters	K16237 | 2.A.3.1.12_Q46065	MicroTrait: aromatic amino acid permease, DRAM2 Transport Cat: Organic nitrogen uptake & transport, DRAM2 Predicted Substrate Class: amino acids/peptides
Transporters	Transporters	K16235 | 2.A.3.1.11_P39137	MicroTrait: S-methylmethionine transporter, DRAM2 Transport Cat: Organic nitrogen uptake & transport, DRAM2 Predicted Substrate Class: amino acids/peptides
Transporters	Transporters	K02205 | 2.A.3.1.11_P39137	MicroTrait: arginine/ornithine permease, DRAM2 Transport Cat: Organic nitrogen uptake & transport, DRAM2 Predicted Substrate Class: amino acids/peptides
Transporters	Transporters	K11732 | 2.A.3.1.1_P24207	MicroTrait: phenylalanine-specific permease, DRAM2 Transport Cat: Organic nitrogen uptake & transport, DRAM2 Predicted Substrate Class: amino acids/peptides
Transporters	Transporters	K16236 | 2.A.3.1	MicroTrait: histidine permease, DRAM2 Transport Cat: Organic nitrogen uptake & transport, DRAM2 Predicted Substrate Class: amino acids/peptides
Transporters	Transporters	K03312 | 2.A.27.1.1_P0AER8 | 2.A.27.1.2_P73275 | 2.A.27.1.3_Q9HZ58 | 2.A.27.2.1_B1XKD9 | 2.A.27.2.2_M1QJN9	MicroTrait: glutamate:Na+ symporter, ESS family, DRAM2 Transport Cat: Organic nitrogen uptake & transport, DRAM2 Predicted Substrate Class: amino acids/peptides
Transporters	Transporters	K03311 | 2.A.26.1.10_P0AD99 | 2.A.26.1.1_P19072 | 2.A.26.1.2_P25185 | 2.A.26.1.3_P54104 | 2.A.26.1.4_O84558 | 2.A.26.1.5_C0CGS2 | 2.A.26.1.8_B8J0B8 | 2.A.26.1.9_F2HK99	MicroTrait: branched-chain amino acid:cation transporter, LIVCS family, DRAM2 Transport Cat: Organic nitrogen uptake & transport, DRAM2 Predicted Substrate Class: amino acids/peptides
Transporters	Transporters	K03310 | 2.A.25.1.10_P30143 | 2.A.25.1.1_P30144 | 2.A.25.1.2_P30145 | 2.A.25.1.3_Q6LX42 | 2.A.25.1.4_Q8EII1 | 2.A.25.1.5_Q45068 | 2.A.25.1.9_W0WFC6	MicroTrait: alanine or glycine:cation symporter, AGCS family, DRAM2 Transport Cat: Organic nitrogen uptake & transport, DRAM2 Predicted Substrate Class: amino acids/peptides
Transporters	Transporters	K11616 | 2.A.24.2.3_O05256	MicroTrait: malate:Na+ symporter, DRAM2 Transport Cat: Miscellaneous, DRAM2 Predicted Substrate Class: ambiguous
Transporters	Transporters	K07862 | 2.A.23.4.1_P0AGE4	MicroTrait: serine/threonine transporter, DRAM2 Transport Cat: Organic nitrogen uptake & transport, DRAM2 Predicted Substrate Class: amino acids/peptides
Transporters	Transporters	K11103 | 2.A.23.1.10_Q848I3 | 2.A.23.1.3_Q01857 | 2.A.23.1.6_P96603 | 2.A.23.1.9_Q1J1H5	MicroTrait: aerobic C4-dicarboxylate transport protein, DRAM2 Transport Cat: Miscellaneous, DRAM2 Predicted Substrate Class: ambiguous
Transporters	Transporters	K11102 | 2.A.23.1.1_P21345 | 2.A.23.1.2_P24943	MicroTrait: proton glutamate symport protein, DRAM2 Transport Cat: Organic nitrogen uptake & transport, DRAM2 Predicted Substrate Class: amino acids/peptides
Transporters	Transporters	K03308 | 2.A.22.4.1_O50649 | 2.A.22.4.3_Q8NRL8 | 2.A.22.5.2_Q8RHM5	MicroTrait: neurotransmitter:Na+ symporter, NSS family, DRAM2 Transport Cat: Miscellaneous, DRAM2 Predicted Substrate Class: ambiguous
Transporters	Transporters	K14393 | 2.A.21.7.2_P32705 | 2.A.21.7.3_Q8NS49 | 2.A.21.7.4_D5AU53 | 2.A.21.7.5_D5APM1	MicroTrait: cation/acetate symporter, DRAM2 Transport Cat: Miscellaneous, DRAM2 Predicted Substrate Class: ambiguous
Transporters	Transporters	K03307 | 2.A.21.2.2_Q7A4Q7 | 2.A.21.2.5_M1TZ79 | 2.A.21.3.19_Q8AAV7 | 2.A.21.3.21_P31448 | 2.A.21.3.2_P96169 | 2.A.21.3.9_A8H019 | 2.A.21.4.1_Q8VM88	MicroTrait: solute:Na+ symporter, SSS family, DRAM2 Transport Cat: Miscellaneous, DRAM2 Predicted Substrate Class: ambiguous
Transporters	Transporters	K11928 | 2.A.21.2.1_P07117 | 2.A.21.2.2_Q7A4Q7 | 2.A.21.2.3_Q9I5F5 | 2.A.21.2.4_J7JIE8 | 2.A.21.2.6_O24896	MicroTrait: sodium/proline symporter, DRAM2 Transport Cat: Organic nitrogen uptake & transport, DRAM2 Predicted Substrate Class: amino acids/peptides
Transporters	Transporters	K14392 | 2.A.21.1	MicroTrait: sodium/pantothenate symporter, DRAM2 Transport Cat: Metal and inorganic nutrient uptake & transport, DRAM2 Predicted Substrate Class: metals/inorganic nutrients
Transporters	Transporters	K16331 | 2.A.20.4	MicroTrait: sulfate permease, DRAM2 Transport Cat: Metal and inorganic nutrient uptake & transport, DRAM2 Predicted Substrate Class: metals/inorganic nutrients
Transporters	Transporters	K16322 | 2.A.20.1	MicroTrait: low-affinity inorganic phosphate transporter, DRAM2 Transport Cat: Metal and inorganic nutrient uptake & transport, DRAM2 Predicted Substrate Class: metals/inorganic nutrients
Transporters	Transporters	K16211 | 2.A.2.6.2_Q9A612 | 2.A.2.6.3_Q8EEC4	MicroTrait: maltose/maltooligosaccharide transporter, DRAM2 Transport Cat: Organic carbon uptake & transport, DRAM2 Predicted Substrate Class: carbohydrates
Transporters	Transporters	K16210 | 2.A.2.5.1_Q93KC2	MicroTrait: oligogalacturonide transporter, DRAM2 Transport Cat: Miscellaneous, DRAM2 Predicted Substrate Class: ambiguous
Transporters	Transporters	K03292 | 2.A.2.3.12_Q745T8 | 2.A.2.3.7_Q0HIQ0	MicroTrait: glycoside/pentoside/hexuronide:cation symporter, GPH family, DRAM2 Transport Cat: Miscellaneous, DRAM2 Predicted Substrate Class: ambiguous
Transporters	Transporters	K16209 | 2.A.2.2.1_P23936 | 2.A.2.2.2_P43466	MicroTrait: lactose/raffinose/galactose permease, DRAM2 Transport Cat: Organic carbon uptake & transport, DRAM2 Predicted Substrate Class: carbohydrates
Transporters	Transporters	K11104 | 2.A.2.1.2_B3W8U5	MicroTrait: melibiose permease, DRAM2 Transport Cat: Miscellaneous, DRAM2 Predicted Substrate Class: ambiguous
Transporters	Transporters	K16248 | 2.A.2	MicroTrait: probable glucitol transport protein GutA, DRAM2 Transport Cat: Miscellaneous, DRAM2 Predicted Substrate Class: ambiguous
Transporters	Transporters	K16139 | 2.A.2	MicroTrait: glucuronide carrier protein, DRAM2 Transport Cat: Miscellaneous, DRAM2 Predicted Substrate Class: ambiguous
Transporters	Transporters	K07301 | 2.A.19.5	MicroTrait: cation:H+ antiporter, DRAM2 Transport Cat: Miscellaneous, DRAM2 Predicted Substrate Class: ambiguous
Transporters	Transporters	K07300 | 2.A.19	MicroTrait: Ca2+:H+ antiporter, DRAM2 Transport Cat: Miscellaneous, DRAM2 Predicted Substrate Class: ambiguous
Transporters	Transporters	K03305 | 2.A.17.1.1_P0C2U2 | 2.A.17.1.2_P77304 | 2.A.17.1.3_P36837 | 2.A.17.1.6_Q5M4H8 | 2.A.17.4.7_Q8EKT7	MicroTrait: proton-dependent oligopeptide transporter, POT family, DRAM2 Transport Cat: Organic nitrogen uptake & transport, DRAM2 Predicted Substrate Class: amino acids/peptides
Transporters	Transporters	K03304 | 2.A.16.1	MicroTrait: tellurite resistance protein, DRAM2 Transport Cat: Miscellaneous, DRAM2 Predicted Substrate Class: ambiguous
Transporters	Transporters	K05245 | 2.A.15.2	MicroTrait: L-carnitine/gamma-butyrobetaine antiporter, DRAM2 Transport Cat: Osmotic & ion homeostasis, DRAM2 Predicted Substrate Class: ions/osmoprotection
Transporters	Transporters	K02168 | 2.A.15.1.3_Q4ZLW8 | 2.A.15.1.5_Q92WM0 | 2.A.15.1.9_Q6F754	MicroTrait: choline/glycine/proline betaine transport protein, DRAM2 Transport Cat: Organic nitrogen uptake & transport, DRAM2 Predicted Substrate Class: amino acids/peptides
Transporters	Transporters	K05020 | 2.A.15.1.11_Q9X4A5 | 2.A.15.1.1_P54417	MicroTrait: glycine betaine transporter, DRAM2 Transport Cat: Organic nitrogen uptake & transport, DRAM2 Predicted Substrate Class: amino acids/peptides
Transporters	Transporters	K02550 | 2.A.14.1.2_Q46839 | 2.A.14.1.3_P71067	MicroTrait: glycolate permease, DRAM2 Transport Cat: Miscellaneous, DRAM2 Predicted Substrate Class: ambiguous
Transporters	Transporters	K03303 | 2.A.14.1.2_Q46839 | 2.A.14.1.3_P71067	MicroTrait: lactate permease, DRAM2 Transport Cat: Organic carbon uptake & transport, DRAM2 Predicted Substrate Class: ambiguous
Transporters	Transporters	K00427 | 2.A.14.1.1_P33231 | 2.A.14.1.3_P71067	MicroTrait: L-lactate permease, DRAM2 Transport Cat: Organic carbon uptake & transport, DRAM2 Predicted Substrate Class: ambiguous
Transporters	Transporters	K07792 | 2.A.13.1.2_P0ABN9 | 2.A.13.1.3_Q8ZLD2 | 2.A.13.1.4_K0K2U6	MicroTrait: anaerobic C4-dicarboxylate transporter DcuB, DRAM2 Transport Cat: Organic carbon uptake & transport, DRAM2 Predicted Substrate Class: ambiguous
Transporters	Transporters	K07791 | 2.A.13.1.1_P0ABN5 | 2.A.13.1.3_Q8ZLD2 | 2.A.13.1.4_K0K2U6	MicroTrait: anaerobic C4-dicarboxylate transporter DcuA, DRAM2 Transport Cat: Organic carbon uptake & transport, DRAM2 Predicted Substrate Class: ambiguous
Transporters	Transporters	K03300 | 2.A.11.1.6_A4QA05	MicroTrait: citrate-Mg2+:H+ or citrate-Ca2+:H+ symporter, CitMHS family, DRAM2 Transport Cat: Organic carbon uptake & transport, DRAM2 Predicted Substrate Class: ambiguous
Transporters	Transporters	K16301 | 2.A.108.2.3	MicroTrait: deferrochelatase/peroxidase EfeB [EC:1.11.1.-], DRAM2 Transport Cat: Miscellaneous, DRAM2 Predicted Substrate Class: ambiguous
Transporters	Transporters	K07224 | 2.A.108.2.3	MicroTrait: iron uptake system component EfeO, DRAM2 Transport Cat: Metal and inorganic nutrient uptake & transport, DRAM2 Predicted Substrate Class: metals/inorganic nutrients
Transporters	Transporters	K07230 | 2.A.108.2.10 | 2.A.108.2.4 | 2.A.108.2.9	MicroTrait: periplasmic iron binding protein, DRAM2 Transport Cat: Metal and inorganic nutrient uptake & transport, DRAM2 Predicted Substrate Class: metals/inorganic nutrients
Transporters	Transporters	K23242 | 2.A.107	MicroTrait: manganese efflux pump family protein, DRAM2 Transport Cat: Metal and inorganic nutrient uptake & transport, DRAM2 Predicted Substrate Class: metals/inorganic nutrients
Transporters	Transporters	K02526 | 2.A.10.1	MicroTrait: 2-keto-3-deoxygluconate permease, DRAM2 Transport Cat: Miscellaneous, DRAM2 Predicted Substrate Class: ambiguous
Transporters	Transporters	K08369 | 2.A.1.82.4_O34691	MicroTrait: MFS transporter, putative metabolite:H+ symporter, DRAM2 Transport Cat: Miscellaneous, DRAM2 Predicted Substrate Class: ambiguous
Transporters	Transporters	K08174 | 2.A.1.7.3_O07563	MicroTrait: MFS transporter, FHS family, glucose/mannose:H+ symporter, DRAM2 Transport Cat: Organic carbon uptake & transport, DRAM2 Predicted Substrate Class: carbohydrates
Transporters	Transporters	K02429 | 2.A.1.7.10_A1S5F4 | 2.A.1.7.11_A1S297 | 2.A.1.7.1_P11551 | 2.A.1.7.2_P0C105 | 2.A.1.7.5_Q8XEV7 | 2.A.1.7.7_O25788	MicroTrait: MFS transporter, FHS family, L-fucose permease, DRAM2 Transport Cat: Organic carbon uptake & transport, DRAM2 Predicted Substrate Class: carbohydrates
Transporters	Transporters	K05820 | 2.A.1.65.9_Q45632	MicroTrait: MFS transporter, PPP family, 3-phenylpropionic acid transporter, DRAM2 Transport Cat: Miscellaneous, DRAM2 Predicted Substrate Class: ambiguous
Transporters	Transporters	K03762 | 2.A.1.6.4_P0C0L7	MicroTrait: MFS transporter, MHS family, proline/betaine transporter, DRAM2 Transport Cat: Organic nitrogen uptake & transport, DRAM2 Predicted Substrate Class: amino acids/peptides
Transporters	Transporters	K03761 | 2.A.1.6.2_P0AEX3	MicroTrait: MFS transporter, MHS family, alpha-ketoglutarate permease, DRAM2 Transport Cat: Miscellaneous, DRAM2 Predicted Substrate Class: ambiguous
Transporters	Transporters	K03288 | 2.A.1.6.1_P16482 | 2.A.1.6.7_P0A2G3	MicroTrait: MFS transporter, MHS family, citrate/tricarballylate:H+ symporter, DRAM2 Transport Cat: Miscellaneous, DRAM2 Predicted Substrate Class: ambiguous
Transporters	Transporters	K02532 | 2.A.1.5.1_P02920 | 2.A.1.5.2_P16552 | 2.A.1.5.3_P30000 | 2.A.1.5.4_P96517	MicroTrait: MFS transporter, OHS family, lactose permease, DRAM2 Transport Cat: Organic carbon uptake & transport, DRAM2 Predicted Substrate Class: carbohydrates
Transporters	Transporters	K08227 | 2.A.1.42.1_P39196	MicroTrait: MFS transporter, LPLT family, lysophospholipid transporter, DRAM2 Transport Cat: Miscellaneous, DRAM2 Predicted Substrate Class: ambiguous
Transporters	Transporters	K02445 | 2.A.1.4.6_Q9Z7N9	MicroTrait: MFS transporter, OPA family, glycerol-3-phosphate transporter, DRAM2 Transport Cat: Metal and inorganic nutrient uptake & transport, DRAM2 Predicted Substrate Class: metals/inorganic nutrients
Transporters	Transporters	K07783 | 2.A.1.4.4_P09836 | 2.A.1.4.6_Q9Z7N9	MicroTrait: MFS transporter, OPA family, sugar phosphate sensor protein UhpC, DRAM2 Transport Cat: Organic carbon uptake & transport, DRAM2 Predicted Substrate Class: carbohydrates
Transporters	Transporters	K08225 | 2.A.1.38.1_P24077	MicroTrait: MFS transporter, ENTS family, enterobactin (siderophore) exporter, DRAM2 Transport Cat: Metal and inorganic nutrient uptake & transport, DRAM2 Predicted Substrate Class: metals/inorganic nutrients
Transporters	Transporters	K08224 | 2.A.1.36.1_P43531	MicroTrait: MFS transporter, YNFM family, putative membrane transport protein, DRAM2 Transport Cat: Miscellaneous, DRAM2 Predicted Substrate Class: ambiguous
Transporters	Transporters	K08222 | 2.A.1.33.1_P54487	MicroTrait: MFS transporter, YQGE family, putative transporter, DRAM2 Transport Cat: Unassigned, DRAM2 Predicted Substrate Class: ambiguous
Transporters	Transporters	K03543 | 2.A.1.3.36_C5W790	MicroTrait: membrane fusion protein, multidrug efflux system, DRAM2 Transport Cat: Detoxification, resistance, and efflux, DRAM2 Predicted Substrate Class: ambiguous
Transporters	Transporters	K18326 | 2.A.1.3.26_P36554	MicroTrait: MFS transporter, DHA2 family, multidrug resistance protein, DRAM2 Transport Cat: Detoxification, resistance, and efflux, DRAM2 Predicted Substrate Class: ambiguous
Transporters	Transporters	K03446 | 2.A.1.3.20_Q9RQ29 | 2.A.1.3.36_C5W789	MicroTrait: MFS transporter, DHA2 family, multidrug resistance protein, DRAM2 Transport Cat: Detoxification, resistance, and efflux, DRAM2 Predicted Substrate Class: ambiguous
Transporters	Transporters	K08218 | 2.A.1.25.5_G3XCT7	MicroTrait: MFS transporter, PAT family, beta-lactamase induction signal transducer AmpG, DRAM2 Transport Cat: Miscellaneous, DRAM2 Predicted Substrate Class: ambiguous
Transporters	Transporters	K03291 | 2.A.1.20.1_P31675 | 2.A.1.20.2_P33026 | 2.A.1.20.3_P31436 | 2.A.1.20.4_Q9S3K0	MicroTrait: MFS transporter, SET family, sugar efflux transporter, DRAM2 Transport Cat: Organic carbon uptake & transport, DRAM2 Predicted Substrate Class: carbohydrates
Transporters	Transporters	K07552 | 2.A.1.2.7_P28246	MicroTrait: MFS transporter, DHA1 family, bicyclomycin/chloramphenicol resistance protein, DRAM2 Transport Cat: Miscellaneous, DRAM2 Predicted Substrate Class: ambiguous
Transporters	Transporters	K18552 | 2.A.1.2.3_P32482	MicroTrait: MFS transporter, DHA1 family, florfenicol/chloramphenicol resistance protein, DRAM2 Transport Cat: Miscellaneous, DRAM2 Predicted Substrate Class: ambiguous
Transporters	Transporters	K03445 | 2.A.1.2.26_P0ADL1	MicroTrait: MFS transporter, DHA1 family, purine ribonucleoside efflux pump, DRAM2 Transport Cat: Detoxification, resistance, and efflux, DRAM2 Predicted Substrate Class: ambiguous
Transporters	Transporters	K18567 | 2.A.1.2.25_Q797E3	MicroTrait: MFS transporter, DHA1 family, purine base/nucleoside efflux pump, DRAM2 Transport Cat: Detoxification, resistance, and efflux, DRAM2 Predicted Substrate Class: ambiguous
Transporters	Transporters	K08159 | 2.A.1.2.15_P31122 | 2.A.1.2.18_Q9S3J9	MicroTrait: MFS transporter, DHA1 family, L-arabinose/isopropyl-beta-D-thiogalactopyranoside export protein, DRAM2 Transport Cat: Organic carbon uptake & transport, DRAM2 Predicted Substrate Class: carbohydrates
Transporters	Transporters	K08156 | 2.A.1.2.14_P23910	MicroTrait: MFS transporter, DHA1 family, arabinose polymer utilization protein, DRAM2 Transport Cat: Organic carbon uptake & transport, DRAM2 Predicted Substrate Class: carbohydrates
Transporters	Transporters	K03449 | 2.A.1.17.2_Q04FN1	MicroTrait: MFS transporter, CP family, cyanate transporter, DRAM2 Transport Cat: Miscellaneous, DRAM2 Predicted Substrate Class: ambiguous
Transporters	Transporters	K05819 | 2.A.1.15.2_P77589	MicroTrait: MFS transporter, AAHS family, 3-hydroxyphenylpropionic acid transporter, DRAM2 Transport Cat: Miscellaneous, DRAM2 Predicted Substrate Class: ambiguous
Transporters	Transporters	K08177 | 2.A.1.11.3_P37662	MicroTrait: MFS transporter, OFA family, oxalate/formate antiporter, DRAM2 Transport Cat: Miscellaneous, DRAM2 Predicted Substrate Class: ambiguous
Transporters	Transporters	K11537 | 2.A.1.10.1_P0AFF4 | 2.A.1.10.2_P45562	MicroTrait: MFS transporter, NHS family, xanthosine permease, DRAM2 Transport Cat: Miscellaneous, DRAM2 Predicted Substrate Class: ambiguous
Transporters	Transporters	K03289 | 2.A.1.10.1_P0AFF4	MicroTrait: MFS transporter, NHS family, nucleoside permease, DRAM2 Transport Cat: Miscellaneous, DRAM2 Predicted Substrate Class: ambiguous
Transporters	Transporters	K06610 | 2.A.1.1.74_Q926Q9	MicroTrait: MFS transporter, SP family, inositol transporter, DRAM2 Transport Cat: Miscellaneous, DRAM2 Predicted Substrate Class: ambiguous
Transporters	Transporters	K13854 | 2.A.1.1.4_P21906	MicroTrait: MFS transporter, SP family, glucose uniporter, DRAM2 Transport Cat: Organic carbon uptake & transport, DRAM2 Predicted Substrate Class: carbohydrates
Transporters	Transporters	K08139 | 2.A.1.1.32_P15729 | 2.A.1.1.35_Q7BEC4 | 2.A.1.1.81_Q0SE66	MicroTrait: MFS transporter, SP family, sugar:H+ symporter, DRAM2 Transport Cat: Organic carbon uptake & transport, DRAM2 Predicted Substrate Class: carbohydrates
Transporters	Transporters	K08138 | 2.A.1.1.3_P0AGF4	MicroTrait: MFS transporter, SP family, xylose:H+ symportor, DRAM2 Transport Cat: Organic carbon uptake & transport, DRAM2 Predicted Substrate Class: carbohydrates
Transporters	Transporters	K02100 | 2.A.1.1.2_P0AE24 | 2.A.1.1.55_P96710	MicroTrait: MFS transporter, SP family, arabinose:H+ symporter, DRAM2 Transport Cat: Organic carbon uptake & transport, DRAM2 Predicted Substrate Class: carbohydrates
Transporters	Transporters	K08176 | 2.A.1.1.15_P95908	MicroTrait: MFS transporter, PHS family, inorganic phosphate transporter, DRAM2 Transport Cat: Metal and inorganic nutrient uptake & transport, DRAM2 Predicted Substrate Class: metals/inorganic nutrients
Transporters	Transporters	K08137 | 2.A.1.1.1_P0AEP1 | 2.A.1.1.2_P0AE24	MicroTrait: MFS transporter, SP family, galactose:H+ symporter, DRAM2 Transport Cat: Organic carbon uptake & transport, DRAM2 Predicted Substrate Class: carbohydrates
Transporters	Transporters	K20482 | 1.C.20	MicroTrait: lantibiotic bacteriocin, DRAM2 Transport Cat: Miscellaneous, DRAM2 Predicted Substrate Class: ambiguous
Transporters	Transporters	K20920 | 1.B.66.3.1 | 1.B.66.3.2	MicroTrait: polysaccharide biosynthesis protein VpsM, DRAM2 Transport Cat: Organic carbon uptake & transport, DRAM2 Predicted Substrate Class: carbohydrates
Transporters	Transporters	K07091 | 1.B.42.1.2_P0AF98 | 3.A.1.152.1_Q9HXH4 | 3.A.1.152.3_Q5SL96	MicroTrait: lipopolysaccharide export system permease protein, DRAM2 Transport Cat: Organic carbon uptake & transport, DRAM2 Predicted Substrate Class: carbohydrates
Transporters	Transporters	K11719 | 1.B.42.1.2_P0ADW0	MicroTrait: lipopolysaccharide export system protein LptC, DRAM2 Transport Cat: Organic carbon uptake & transport, DRAM2 Predicted Substrate Class: carbohydrates
Transporters	Transporters	K09774 | 1.B.42.1.2_P0ADV1	MicroTrait: lipopolysaccharide export system protein LptA, DRAM2 Transport Cat: Organic carbon uptake & transport, DRAM2 Predicted Substrate Class: carbohydrates
Transporters	Transporters	K11720 | 1.B.42.1.2_P0ADC6 | 3.A.1.152.1_Q9HXH5	MicroTrait: lipopolysaccharide export system permease protein, DRAM2 Transport Cat: Organic carbon uptake & transport, DRAM2 Predicted Substrate Class: carbohydrates
Transporters	Transporters	K03643 | 1.B.42.1.2_P0ADC1	MicroTrait: LPS-assembly lipoprotein, DRAM2 Transport Cat: Miscellaneous, DRAM2 Predicted Substrate Class: ambiguous
Transporters	Transporters	K06861 | 1.B.42.1.2_P0A9V1 | 3.A.1.142.1_Q8DNB9 | 3.A.1.152.1_Q9HVV6	MicroTrait: lipopolysaccharide export system ATP-binding protein [EC:7.5.2.5], DRAM2 Transport Cat: Organic carbon uptake & transport, DRAM2 Predicted Substrate Class: carbohydrates
Transporters	Transporters	K04744 | 1.B.42.1.12_L0KAJ8 | 1.B.42.1.1_Q9K187 | 1.B.42.1.2_P31554 | 1.B.42.1.3_Q1D8U8 | 1.B.42.1.4_Q215S1 | 1.B.42.1.5_E8QT47 | 1.B.42.1.6_B4U7L6 | 1.B.42.1.9_B3DWJ6	MicroTrait: LPS-assembly protein, DRAM2 Transport Cat: Miscellaneous, DRAM2 Predicted Substrate Class: ambiguous
Transporters	Transporters	K22110 | 1.B.35.1 | 1.B.35.2	MicroTrait: oligogalacturonate-specific porin family protein, DRAM2 Transport Cat: Miscellaneous, DRAM2 Predicted Substrate Class: ambiguous
Transporters	Transporters	K07287 | 1.B.33.1	MicroTrait: outer membrane protein assembly factor BamC, DRAM2 Transport Cat: Unassigned, DRAM2 Predicted Substrate Class: ambiguous
Transporters	Transporters	K10124 | 1.B.3.1.3_P26218	MicroTrait: carbohydrate-specific outer membrane porin, DRAM2 Transport Cat: Organic carbon uptake & transport, DRAM2 Predicted Substrate Class: carbohydrates
Transporters	Transporters	K16077 | 1.B.3.1.2_P22340	MicroTrait: sucrose porin, DRAM2 Transport Cat: Organic carbon uptake & transport, DRAM2 Predicted Substrate Class: carbohydrates
Transporters	Transporters	K02024 | 1.B.3.1.1_P02943 | 1.B.3.1.4_F5ZA77	MicroTrait: maltoporin, DRAM2 Transport Cat: Miscellaneous, DRAM2 Predicted Substrate Class: ambiguous
Transporters	Transporters	K16140 | 1.B.25.1.5	MicroTrait: putative glucuronide porin, DRAM2 Transport Cat: Miscellaneous, DRAM2 Predicted Substrate Class: ambiguous
Transporters	Transporters	K18093 | 1.B.25.1.11_Q9I0E2 | 1.B.25.1.12_Q9I6X0 | 1.B.25.1.1_P32722 | 1.B.25.1.32_B7V849 | 1.B.25.1.7_Q9I202 | 1.B.25.1.8_Q9HUR5	MicroTrait: imipenem/basic amino acid-specific outer membrane pore [EC:3.4.21.-], DRAM2 Transport Cat: Organic nitrogen uptake & transport, DRAM2 Predicted Substrate Class: amino acids/peptides
Transporters	Transporters	K08719 | 1.B.2.2	MicroTrait: outer membrane protein B, DRAM2 Transport Cat: Unassigned, DRAM2 Predicted Substrate Class: ambiguous
Transporters	Transporters	K03162 | 1.B.2.1.1_P10332	MicroTrait: major outer membrane protein, DRAM2 Transport Cat: Unassigned, DRAM2 Predicted Substrate Class: ambiguous
Transporters	Transporters	K07267 | 1.B.19.1.1_Q51485 | 1.B.19.1.2_A4LTL1	MicroTrait: porin, DRAM2 Transport Cat: Miscellaneous, DRAM2 Predicted Substrate Class: ambiguous
Transporters	Transporters	K01991 | 1.B.18.2.2_Q27SU9 | 1.B.18.3.2_Q45407 | 1.B.18.3.4_F8KVN6 | 1.B.18.3.5_K9TEU5 | 1.B.18.3.7_B0RRH7	MicroTrait: polysaccharide export outer membrane protein, DRAM2 Transport Cat: Organic carbon uptake & transport, DRAM2 Predicted Substrate Class: carbohydrates
Transporters	Transporters	K22924 | 1.B.18.2.1	MicroTrait: Vi polysaccharide export protein VexA, DRAM2 Transport Cat: Organic carbon uptake & transport, DRAM2 Predicted Substrate Class: carbohydrates
Transporters	Transporters	K16552 | 1.B.18.1.1_Q02728	MicroTrait: exopolysaccharide production protein ExoF, DRAM2 Transport Cat: Organic carbon uptake & transport, DRAM2 Predicted Substrate Class: carbohydrates
Transporters	Transporters	K20987 | 1.B.18	MicroTrait: polysaccharide biosynthesis/export protein PslD, DRAM2 Transport Cat: Organic carbon uptake & transport, DRAM2 Predicted Substrate Class: carbohydrates
Transporters	Transporters	K20988 | 1.B.18	MicroTrait: polysaccharide biosynthesis/export protein VpsN, DRAM2 Transport Cat: Organic carbon uptake & transport, DRAM2 Predicted Substrate Class: carbohydrates
Transporters	Transporters	K15550 | 1.B.17.3.9	MicroTrait: outer membrane protein, multidrug efflux system, DRAM2 Transport Cat: Detoxification, resistance, and efflux, DRAM2 Predicted Substrate Class: ambiguous
Transporters	Transporters	K07796 | 1.B.17.3.4 | 1.B.17.3.5	MicroTrait: outer membrane protein, Cu(I)/Ag(I) efflux system, DRAM2 Transport Cat: Detoxification, resistance, and efflux, DRAM2 Predicted Substrate Class: ambiguous
Transporters	Transporters	K18903 | 1.B.17.3.3	MicroTrait: outer membrane protein, multidrug efflux system, DRAM2 Transport Cat: Detoxification, resistance, and efflux, DRAM2 Predicted Substrate Class: ambiguous
Transporters	Transporters	K18904 | 1.B.17.3.1_P24145	MicroTrait: outer membrane protein, multidrug efflux system, DRAM2 Transport Cat: Detoxification, resistance, and efflux, DRAM2 Predicted Substrate Class: ambiguous
Transporters	Transporters	K15725 | 1.B.17.2.2	MicroTrait: outer membrane protein, cobalt-zinc-cadmium efflux system, DRAM2 Transport Cat: Metal and inorganic nutrient uptake & transport, DRAM2 Predicted Substrate Class: metals/inorganic nutrients
Transporters	Transporters	K03287 | 1.B.17.2.10_V5V5Z3 | 3.A.1.114.1_Q8YT39	MicroTrait: outer membrane factor, OMF family, DRAM2 Transport Cat: Miscellaneous, DRAM2 Predicted Substrate Class: ambiguous
Transporters	Transporters	K18323 | 1.B.17 | 2.A.6.2.41	MicroTrait: outer membrane protein, multidrug efflux system, DRAM2 Transport Cat: Detoxification, resistance, and efflux, DRAM2 Predicted Substrate Class: ambiguous
Transporters	Transporters	K18147 | 1.B.17 | 2.A.6.2.40	MicroTrait: outer membrane protein, multidrug efflux system, DRAM2 Transport Cat: Detoxification, resistance, and efflux, DRAM2 Predicted Substrate Class: ambiguous
Transporters	Transporters	K19593 | 1.B.17 | 2.A.6.2.34	MicroTrait: outer membrane protein, multidrug efflux system, DRAM2 Transport Cat: Detoxification, resistance, and efflux, DRAM2 Predicted Substrate Class: ambiguous
Transporters	Transporters	K18308 | 1.B.17 | 2.A.6.2.32	MicroTrait: outer membrane protein, multidrug efflux system, DRAM2 Transport Cat: Detoxification, resistance, and efflux, DRAM2 Predicted Substrate Class: ambiguous
Transporters	Transporters	K18300 | 1.B.17	MicroTrait: outer membrane protein, multidrug efflux system, DRAM2 Transport Cat: Detoxification, resistance, and efflux, DRAM2 Predicted Substrate Class: ambiguous
Transporters	Transporters	K16152 | 1.B.14.7.1	MicroTrait: heme acquisition protein HasR, DRAM2 Transport Cat: Miscellaneous, DRAM2 Predicted Substrate Class: ambiguous
Transporters	Transporters	K12545 | 1.B.14.5	MicroTrait: heme acquisition protein HasA, DRAM2 Transport Cat: Miscellaneous, DRAM2 Predicted Substrate Class: ambiguous
Transporters	Transporters	K16092 | 1.B.14.3.1_P06129	MicroTrait: vitamin B12 transporter, DRAM2 Transport Cat: Miscellaneous, DRAM2 Predicted Substrate Class: ambiguous
Transporters	Transporters	K02014 | 1.B.14.12.1_Q9A608 | 1.B.14.12.2_Q9AAZ6 | 1.B.14.6.1_Q45780 | 1.B.14.1.10_Q82VI7 | 1.B.14.1.11_P11461 | 1.B.14.1.12_Q9HXB2 | 1.B.14.1.15_Q05202 | 1.B.14.1.17_Q01674 | 1.B.14.1.21_B6R297 | 1.B.14.1.26_Q8G8W9 | 1.B.14.1.7_A4LBD1 | 1.B.14.14.1_Q8A552 | 1.B.14.8.2_Q2M5P4 | 1.B.14.9.3_Q7CGN6	MicroTrait: iron complex outermembrane recepter protein, DRAM2 Transport Cat: Metal and inorganic nutrient uptake & transport, DRAM2 Predicted Substrate Class: metals/inorganic nutrients
Transporters	Transporters	K16090 | 1.B.14.1.9_P75780	MicroTrait: catecholate siderophore receptor, DRAM2 Transport Cat: Metal and inorganic nutrient uptake & transport, DRAM2 Predicted Substrate Class: metals/inorganic nutrients
Transporters	Transporters	K16089 | 1.B.14.1.3_O54507 | 1.B.14.1.4_P17315	MicroTrait: outer membrane receptor for ferrienterochelin and colicins, DRAM2 Transport Cat: Metal and inorganic nutrient uptake & transport, DRAM2 Predicted Substrate Class: ambiguous
Transporters	Transporters	K19611 | 1.B.14.1.22_P05825 | 1.B.14.1.3_O54507 | 1.B.14.1.5_Q05098	MicroTrait: ferric enterobactin receptor, DRAM2 Transport Cat: Metal and inorganic nutrient uptake & transport, DRAM2 Predicted Substrate Class: ambiguous
Transporters	Transporters	K16088 | 1.B.14.1.14_P25184 | 1.B.14.1.1_P16869	MicroTrait: outer-membrane receptor for ferric coprogen and ferric-rhodotorulic acid, DRAM2 Transport Cat: Metal and inorganic nutrient uptake & transport, DRAM2 Predicted Substrate Class: ambiguous
Transporters	Transporters	K16091 | 1.B.14.1.12_Q9HXB2 | 1.B.14.1.20_P13036	MicroTrait: Fe(3+) dicitrate transport protein, DRAM2 Transport Cat: Metal and inorganic nutrient uptake & transport, DRAM2 Predicted Substrate Class: ambiguous
Transporters	Transporters	K16081 | 1.B.13.1.1_P18895 | 1.B.13.1.2_Q44497 | 1.B.13.1.7_Q0VSL2	MicroTrait: alginate production protein, DRAM2 Transport Cat: Miscellaneous, DRAM2 Predicted Substrate Class: ambiguous
Transporters	Transporters	K05517 | 1.B.10.1.1_P0A927	MicroTrait: nucleoside-specific channel-forming protein, DRAM2 Transport Cat: Miscellaneous, DRAM2 Predicted Substrate Class: ambiguous
Transporters	Transporters	K11929 | 1.B.1.1.2	MicroTrait: outer membrane pore protein E, DRAM2 Transport Cat: Miscellaneous, DRAM2 Predicted Substrate Class: ambiguous
Transporters	Transporters	K02440 | 1.A.8.1.1_P0AER0 | 1.A.8.13.2_Q9C4Z5 | 1.A.8.2.1_P18156 | 1.A.8.2.2_P22094 | 1.A.8.2.3_P52280 | 1.A.8.2.4_C6VJ63 | 1.A.8.2.5_D7V7W8 | 1.A.8.2.6_D7V8E7 | 1.A.8.2.7_D7VEY8 | 1.A.8.2.8_D7VC84 | 1.A.8.2.9_D0JBC9	MicroTrait: glycerol uptake facilitator protein, DRAM2 Transport Cat: Organic carbon uptake & transport, DRAM2 Predicted Substrate Class: ambiguous
Transporters	Transporters	K19059 | 1.A.72.5	MicroTrait: mercuric ion transport protein, DRAM2 Transport Cat: Metal and inorganic nutrient uptake & transport, DRAM2 Predicted Substrate Class: ambiguous
Transporters	Transporters	K19058 | 1.A.72.4	MicroTrait: mercuric ion transport protein, DRAM2 Transport Cat: Metal and inorganic nutrient uptake & transport, DRAM2 Predicted Substrate Class: ambiguous
Transporters	Transporters	K08364 | 1.A.72.1	MicroTrait: periplasmic mercuric ion binding protein, DRAM2 Transport Cat: Metal and inorganic nutrient uptake & transport, DRAM2 Predicted Substrate Class: ambiguous
Transporters	Transporters	K08363 | 1.A.72.1	MicroTrait: mercuric ion transport protein, DRAM2 Transport Cat: Metal and inorganic nutrient uptake & transport, DRAM2 Predicted Substrate Class: ambiguous
Transporters	Transporters	K16074 | 1.A.35.4	MicroTrait: zinc transporter, DRAM2 Transport Cat: Metal and inorganic nutrient uptake & transport, DRAM2 Predicted Substrate Class: metals/inorganic nutrients
Transporters	Transporters	K03284 | 1.A.35.1 | 1.A.35.3	MicroTrait: magnesium transporter, DRAM2 Transport Cat: Miscellaneous, DRAM2 Predicted Substrate Class: ambiguous
Transporters	Transporters	K03562 | 1.A.30.2.2	MicroTrait: biopolymer transport protein TolQ, DRAM2 Transport Cat: Miscellaneous, DRAM2 Predicted Substrate Class: ambiguous
Transporters	Transporters	K03560 | 1.A.30.2.2	MicroTrait: biopolymer transport protein TolR, DRAM2 Transport Cat: Miscellaneous, DRAM2 Predicted Substrate Class: ambiguous
Transporters	Transporters	K03561 | 1.A.30.2.1	MicroTrait: biopolymer transport protein ExbB, DRAM2 Transport Cat: Miscellaneous, DRAM2 Predicted Substrate Class: ambiguous
Transporters	Transporters	K03559 | 1.A.30.2.1	MicroTrait: biopolymer transport protein ExbD, DRAM2 Transport Cat: Miscellaneous, DRAM2 Predicted Substrate Class: ambiguous
Transporters	Transporters	K02556 | 1.A.30.1	MicroTrait: chemotaxis protein MotA, DRAM2 Transport Cat: Miscellaneous, DRAM2 Predicted Substrate Class: ambiguous
Transporters	Transporters	K02557 | 1.A.30.1	MicroTrait: chemotaxis protein MotB, DRAM2 Transport Cat: Miscellaneous, DRAM2 Predicted Substrate Class: ambiguous
Transporters	Transporters	K22112 | 1.A.29.1.1 | 1.A.29.1.2 | 1.A.29.1.6	MicroTrait: amide transporter protein, DRAM2 Transport Cat: Organic nitrogen uptake & transport, DRAM2 Predicted Substrate Class: ambiguous
Transporters	Transporters	K08717 | 1.A.28.2	MicroTrait: urea transporter, DRAM2 Transport Cat: Inorganic nitrogen uptake & transport, DRAM2 Predicted Substrate Class: inorganic nitrogen
Transporters	Transporters	K06213 | 1.A.26.1 | 1.A.26.2 | 1.A.26.3	MicroTrait: magnesium transporter, DRAM2 Transport Cat: Miscellaneous, DRAM2 Predicted Substrate Class: ambiguous
Transporters	Transporters	K03442 | 1.A.23.2	MicroTrait: small conductance mechanosensitive channel, DRAM2 Transport Cat: Miscellaneous, DRAM2 Predicted Substrate Class: ambiguous
Transporters	Transporters	K03282 | 1.A.22.1.1_P0A742 | 1.A.22.1.3_P94585	MicroTrait: large conductance mechanosensitive channel, DRAM2 Transport Cat: Miscellaneous, DRAM2 Predicted Substrate Class: ambiguous
Transporters	Transporters	K02598 | 1.A.16.3	MicroTrait: nitrite transporter NirC, DRAM2 Transport Cat: Inorganic nitrogen uptake & transport, DRAM2 Predicted Substrate Class: inorganic nitrogen
Transporters	Transporters	K21993 | 1.A.16.2	MicroTrait: formate transporter, DRAM2 Transport Cat: Organic carbon uptake & transport, DRAM2 Predicted Substrate Class: C1 compounds
Transporters	Transporters	K03459 | 1.A.16.1.2_P77733	MicroTrait: formate transporter, DRAM2 Transport Cat: Organic carbon uptake & transport, DRAM2 Predicted Substrate Class: C1 compounds
Transporters	Transporters	K06212 | 1.A.16.1.1_P0AC23 | 1.A.16.1.2_P77733 | 1.A.16.1.3_F9A868	MicroTrait: formate transporter, DRAM2 Transport Cat: Organic carbon uptake & transport, DRAM2 Predicted Substrate Class: C1 compounds
Transporters	Transporters	K03320 | 1.A.11	MicroTrait: ammonium transporter, Amt family, DRAM2 Transport Cat: Inorganic nitrogen uptake & transport, DRAM2 Predicted Substrate Class: inorganic nitrogen
Transporters	Transporters	K10716 | 1.A.1.1 | 1.A.1.6 | 1.A.1.13 | 1.A.1.17 | 1.A.1.24 | 1.A.1.25	MicroTrait: voltage-gated potassium channel, DRAM2 Transport Cat: Metal and inorganic nutrient uptake & transport, DRAM2 Predicted Substrate Class: metals/inorganic nutrients
Transporters	Transporters	K08713 | 1.A.1.1	MicroTrait: potassium channel LctB, DRAM2 Transport Cat: Metal and inorganic nutrient uptake & transport, DRAM2 Predicted Substrate Class: metals/inorganic nutrients
Transporters	Transporters	K02049	ABC.SN.A; sulfonate/nitrate/taurine transport system ATP-binding protein
Transporters	Transporters	K05776	modF; molybdate transport system ATP-binding protein
Transporters	Transporters	K05777	ABC.VB1X.S; putative thiamine transport system substrate-binding protein
Transporters	Transporters	K05778	ABC.VB1X.P; putative thiamine transport system permease protein
Transporters	Transporters	K05779	ABC.VB1X.A; putative thiamine transport system ATP-binding protein
Transporters	Transporters	K02052	ABC.SP.A; putative spermidine/putrescine transport system ATP-binding protein
Transporters	Transporters	K02069	ABC.X2.P; putative ABC transport system permease protein
Transporters	Transporters	K02068	ABC.X2.A; putative ABC transport system ATP-binding protein
Transporters	Transporters	K02031	ABC.PE.A; peptide/nickel transport system ATP-binding protein
Transporters	Transporters	K02032	ABC.PE.A1; peptide/nickel transport system ATP-binding protein
Transporters	Transporters	K16915	cbiL; nickel transport protein
Transporters	Transporters	K09811	ftsX; cell division transport system permease protein
Transporters	Transporters	K09812	ftsE; cell division transport system ATP-binding protein
Transporters	Transporters	K02755	PTS-Bgl-EIIA; PTS system, beta-glucoside-specific IIA component
Transporters	Transporters	K02756	PTS-Bgl-EIIB; PTS system, beta-glucoside-specific IIB component
Transporters	Transporters	K02752	PTS-Asc-EIIB; PTS system, beta-glucoside (arbutin/salicin/cellobiose)-specific IIB component
Transporters	Transporters	K02753	PTS-Asc-EIIC; PTS system, beta-glucoside (arbutin/salicin/cellobiose)-specific IIC component
Transporters	Transporters	K11051	ABC-2.CYL.P; multidrug/hemolysin transport system permease protein
Transporters	Transporters	K11050	ABC-2.CYL.A; multidrug/hemolysin transport system ATP-binding protein
Transporters	Transporters	K11069	potD; spermidine/putrescine transport system substrate-binding protein
Transporters	Transporters	K11070	potC; spermidine/putrescine transport system permease protein
Transporters	Transporters	K11071	potB; spermidine/putrescine transport system permease protein
Transporters	Transporters	K11072	potA; spermidine/putrescine transport system ATP-binding protein
Transporters	Transporters	K11073	potF; putrescine transport system substrate-binding protein
Transporters	Transporters	K11074	potI; putrescine transport system permease protein
Transporters	Transporters	K11075	potH; putrescine transport system permease protein
Transporters	Transporters	K11076	potG; putrescine transport system ATP-binding protein
Transporters	Transporters	K11636	yxdM; putative ABC transport system permease protein
Transporters	Transporters	K11635	yxdL; putative ABC transport system ATP-binding protein
Transporters	Transporters	K11004	hlyB; ATP-binding cassette, subfamily B, bacterial HlyB/CyaB
Transporters	Transporters	K11003	hlyD; hemolysin D
Transporters	Transporters	K12340	tolC; outer membrane channel protein TolC
Transporters	Transporters	K12530	rtxB; ATP-binding cassette, subfamily B, bacterial RtxB
Transporters	Transporters	K12531	rtxE; ATP-binding cassette, subfamily B, bacterial RtxE
Transporters	Transporters	K12532	rtxD; RTX toxin transporter
Transporters	Transporters	K12533	rsaD; ATP-binding cassette, subfamily C, bacterial RsaD
Transporters	Transporters	K12534	rsaE; membrane fusion protein RsaE
Transporters	Transporters	K12535	rsaF; outer membrane protein RsaF
Transporters	Transporters	K12536	hasD; ATP-binding cassette, subfamily C, bacterial HasD
Transporters	Transporters	K12537	hasE; protease secretion protein HasE
Transporters	Transporters	K12538	hasF; outer membrane protein HasF
Transporters	Transporters	K12539	prsD; ATP-binding cassette, subfamily C, bacterial PrsD
Transporters	Transporters	K12540	prsE; membrane fusion protein PrsE
Transporters	Transporters	K12541	lapB; ATP-binding cassette, subfamily C, bacterial LapB
Transporters	Transporters	K12542	lapC; membrane fusion protein LapC
Transporters	Transporters	K12543	lapE; outer membrane protein LapE
Transporters	Transporters	K13893	yejA; microcin C transport system substrate-binding protein
Transporters	Transporters	K13894	yejB; microcin C transport system permease protein
Transporters	Transporters	K13895	yejE; microcin C transport system permease protein
Transporters	Transporters	K13896	yejF; microcin C transport system ATP-binding protein
Transporters	Transporters	K15556	ophF; phthalate transport system substrate-binding protein
Transporters	Transporters	K15557	ophG; phthalate transport system permease protein
Transporters	Transporters	K15558	ophH; phthalate transport system ATP-binding protein
Transporters	Transporters	K15598	thiY; putative hydroxymethylpyrimidine transport system substrate-binding protein
Transporters	Transporters	K15599	thiX; putative hydroxymethylpyrimidine transport system permease protein
Transporters	Transporters	K15600	thiZ; putative hydroxymethylpyrimidine transport system ATP-binding protein
Transporters	Transporters	K16923	qrtT; energy-coupling factor transport system substrate-specific component
Transporters	Transporters	K16924	mtsT; energy-coupling factor transport system substrate-specific component
Transporters	Transporters	K16925	ykoE; energy-coupling factor transport system substrate-specific component
Transporters	Transporters	K16926	htsT; energy-coupling factor transport system substrate-specific component
Transporters	Transporters	K16928	mtaT; energy-coupling factor transport system substrate-specific component
Transporters	Transporters	K16929	K16929; energy-coupling factor transport system substrate-specific component
Transporters	Transporters	K16787	ecfA2; energy-coupling factor transport system ATP-binding protein [EC:3.6.3.-]
Transporters	Transporters	K16961	yxeM; putative S-methylcysteine transport system substrate-binding protein
Transporters	Transporters	K16962	yxeN; putative S-methylcysteine transport system permease protein
Transporters	Transporters	K16963	yxeO; putative S-methylcysteine transport system ATP-binding protein
Transporters	Transporters	K18476	tetR; TetR/AcrR family transcriptional regulator, tetracycline repressor protein
Transporters	Transporters	K08151	tetA; MFS transporter, DHA1 family, tetracycline resistance protein
Transporters	Transporters	K18480	linN; cholesterol transport system auxiliary component
Transporters	Transporters	K18481	mas; Mce-associated membrane protein
Transporters	Transporters	K19081	braS; two-component system, OmpR family, sensor histidine kinase BraS/BceS [EC:2.7.13.3]
Transporters	Transporters	K19082	braR; two-component system, OmpR family, response regulator protein BraR/BceR
Transporters	Transporters	K11629	bceS; two-component system, OmpR family, bacitracin resistance sensor histidine kinase BceS [EC:2.7.13.3]
Transporters	Transporters	K11630	bceR; two-component system, OmpR family, bacitracin resistance response regulator BceR
Anabolism biosynthesis	macromolecules  (lipids, nuclecic acids, amino acids)	K01758	cystathionine gamma-lyase [EC:4.4.1.1] [RN:R01001]
Anabolism biosynthesis	macromolecules  (lipids, nuclecic acids, amino acids)	K17462	putative AdoMet-dependent methyltransferase [EC:2.1.1.-] [RN:R10404]
Anabolism biosynthesis	macromolecules  (lipids, nuclecic acids, amino acids)	K01243	S-adenosylhomocysteine/5'-methylthioadenosine nucleosidase [EC:3.2.2.9] [RN:R00194]
Anabolism biosynthesis	macromolecules  (lipids, nuclecic acids, amino acids)	K17216	cystathionine beta-synthase (O-acetyl-L-serine) [EC:2.5.1.134] [RN:R10305]
Anabolism biosynthesis	macromolecules  (lipids, nuclecic acids, amino acids)	K17217	cystathionine gamma-lyase [EC:4.4.1.1] [RN:R01001]
Anabolism biosynthesis	macromolecules  (lipids, nuclecic acids, amino acids)	K00931	glutamate 5-kinase [EC:2.7.2.11] [RN:R00239]
Anabolism biosynthesis	macromolecules  (lipids, nuclecic acids, amino acids)	K00147	glutamate-5-semialdehyde dehydrogenase [EC:1.2.1.41] [RN:R03313]
Anabolism biosynthesis	macromolecules  (lipids, nuclecic acids, amino acids)	K12657	delta-1-pyrroline-5-carboxylate synthetase [EC:2.7.2.11 1.2.1.41] [RN:R00239 R03313]
Anabolism biosynthesis	macromolecules  (lipids, nuclecic acids, amino acids)	K00286	pyrroline-5-carboxylate reductase [EC:1.5.1.2] [RN:R01251]
Anabolism biosynthesis	macromolecules  (lipids, nuclecic acids, amino acids)	K00928	aspartate kinase [EC:2.7.2.4] [RN:R00480]
Anabolism biosynthesis	macromolecules  (lipids, nuclecic acids, amino acids)	K12524	aspartate kinase [EC:2.7.2.4] [RN:R00480]
Anabolism biosynthesis	macromolecules  (lipids, nuclecic acids, amino acids)	K12525	aspartate kinase [EC:2.7.2.4] [RN:R00480]
Anabolism biosynthesis	macromolecules  (lipids, nuclecic acids, amino acids)	K12526	aspartate kinase [EC:2.7.2.4] [RN:R00480]
Anabolism biosynthesis	macromolecules  (lipids, nuclecic acids, amino acids)	K00133	aspartate-semialdehyde dehydrogenase [EC:1.2.1.11] [RN:R02291]
Anabolism biosynthesis	macromolecules  (lipids, nuclecic acids, amino acids)	K01714	4-hydroxy-tetrahydrodipicolinate synthase [EC:4.3.3.7] [RN:R10147]
Anabolism biosynthesis	macromolecules  (lipids, nuclecic acids, amino acids)	K00215	4-hydroxy-tetrahydrodipicolinate reductase [EC:1.17.1.8] [RN:R04198 R04199]
Anabolism biosynthesis	macromolecules  (lipids, nuclecic acids, amino acids)	K00674	2,3,4,5-tetrahydropyridine-2-carboxylate N-succinyltransferase [EC:2.3.1.117] [RN:R04365]
Anabolism biosynthesis	macromolecules  (lipids, nuclecic acids, amino acids)	K00821	N-succinyldiaminopimelate aminotransferase [EC:2.6.1.17] [RN:R04475]
Anabolism biosynthesis	macromolecules  (lipids, nuclecic acids, amino acids)	K14267	N-succinyldiaminopimelate aminotransferase [EC:2.6.1.17] [RN:R04475]
Anabolism biosynthesis	macromolecules  (lipids, nuclecic acids, amino acids)	K01439	succinyl-diaminopimelate desuccinylase [EC:3.5.1.18] [RN:R02734]
Anabolism biosynthesis	macromolecules  (lipids, nuclecic acids, amino acids)	K01778	diaminopimelate epimerase [EC:5.1.1.7] [RN:R02735]
Anabolism biosynthesis	macromolecules  (lipids, nuclecic acids, amino acids)	K01586	diaminopimelate decarboxylase [EC:4.1.1.20] [RN:R00451]
Anabolism biosynthesis	macromolecules  (lipids, nuclecic acids, amino acids)	K00003	homoserine dehydrogenase [EC:1.1.1.3] [RN:R01773 R01775]
Anabolism biosynthesis	macromolecules  (lipids, nuclecic acids, amino acids)	K00651	homoserine O-succinyltransferase [EC:2.3.1.46] [RN:R01777]
Anabolism biosynthesis	macromolecules  (lipids, nuclecic acids, amino acids)	K01739	cystathionine gamma-synthase [EC:2.5.1.48] [RN:R03260]
Anabolism biosynthesis	macromolecules  (lipids, nuclecic acids, amino acids)	K01760	cystathionine beta-lyase [EC:4.4.1.8] [RN:R01286]
Anabolism biosynthesis	macromolecules  (lipids, nuclecic acids, amino acids)	K00548	methionine synthase [EC:2.1.1.13 2.1.1.14] [RN:R00946 R04405]
Anabolism biosynthesis	macromolecules  (lipids, nuclecic acids, amino acids)	K00549	methionine synthase [EC:2.1.1.13 2.1.1.14] [RN:R00946 R04405]
Anabolism biosynthesis	macromolecules  (lipids, nuclecic acids, amino acids)	K00872	homoserine kinase [EC:2.7.1.39] [RN:R01771]
Anabolism biosynthesis	macromolecules  (lipids, nuclecic acids, amino acids)	K02204	homoserine kinase [EC:2.7.1.39] [RN:R01771]
Anabolism biosynthesis	macromolecules  (lipids, nuclecic acids, amino acids)	K02203	homoserine kinase [EC:2.7.1.39] [RN:R01771]
Anabolism biosynthesis	macromolecules  (lipids, nuclecic acids, amino acids)	K01733	threonine synthase [EC:4.2.3.1] [RN:R01466]
Anabolism biosynthesis	macromolecules  (lipids, nuclecic acids, amino acids)	K01652	acetolactate synthase [EC:2.2.1.6] [RN:R00226 R08648]
Anabolism biosynthesis	macromolecules  (lipids, nuclecic acids, amino acids)	K01653	acetolactate synthase [EC:2.2.1.6] [RN:R00226 R08648]
Anabolism biosynthesis	macromolecules  (lipids, nuclecic acids, amino acids)	K11258	acetolactate synthase [EC:2.2.1.6] [RN:R00226 R08648]
Anabolism biosynthesis	macromolecules  (lipids, nuclecic acids, amino acids)	K00053	ketol-acid reductoisomerase [EC:1.1.1.86] [RN:R05071 R04440 R04439 R05069 R05068]
Anabolism biosynthesis	macromolecules  (lipids, nuclecic acids, amino acids)	K01687	dihydroxy-acid dehydratase [EC:4.2.1.9] [RN:R04441 R05070]
Anabolism biosynthesis	macromolecules  (lipids, nuclecic acids, amino acids)	K00058	D-3-phosphoglycerate dehydrogenase [EC:1.1.1.95] [RN:R01513]
Anabolism biosynthesis	macromolecules  (lipids, nuclecic acids, amino acids)	K01079	phosphoserine phosphatase [EC:3.1.3.3] [RN:R00582]
Anabolism biosynthesis	macromolecules  (lipids, nuclecic acids, amino acids)	K00640	serine O-acetyltransferase [EC:2.3.1.30] [RN:R00586]
Anabolism biosynthesis	macromolecules  (lipids, nuclecic acids, amino acids)	K01738	cysteine synthase [EC:2.5.1.47] [RN:R00897]
Anabolism biosynthesis	macromolecules  (lipids, nuclecic acids, amino acids)	K13034	cysteine synthase [EC:2.5.1.47] [RN:R00897]
Anabolism biosynthesis	macromolecules  (lipids, nuclecic acids, amino acids)	K17069	cysteine synthase [EC:2.5.1.47] [RN:R00897]
Anabolism biosynthesis	macromolecules  (lipids, nuclecic acids, amino acids)	K03856	3-deoxy-7-phosphoheptulonate synthase [EC:2.5.1.54] [RN:R01826]
Anabolism biosynthesis	macromolecules  (lipids, nuclecic acids, amino acids)	K13853	3-deoxy-7-phosphoheptulonate synthase [EC:2.5.1.54] [RN:R01826]
Anabolism biosynthesis	macromolecules  (lipids, nuclecic acids, amino acids)	K01735	3-dehydroquinate synthase [EC:4.2.3.4] [RN:R03083]
Anabolism biosynthesis	macromolecules  (lipids, nuclecic acids, amino acids)	K13829	3-dehydroquinate synthase [EC:4.2.3.4] [RN:R03083]
Anabolism biosynthesis	macromolecules  (lipids, nuclecic acids, amino acids)	K03785	3-dehydroquinate dehydratase [EC:4.2.1.10] [RN:R03084]
Anabolism biosynthesis	macromolecules  (lipids, nuclecic acids, amino acids)	K03786	3-dehydroquinate dehydratase [EC:4.2.1.10] [RN:R03084]
Anabolism biosynthesis	macromolecules  (lipids, nuclecic acids, amino acids)	K00014	shikimate 5-dehydrogenase [EC:1.1.1.25] [RN:R02413]
Anabolism biosynthesis	macromolecules  (lipids, nuclecic acids, amino acids)	K13832	3-dehydroquinate dehydratase [EC:4.2.1.10] [RN:R03084]
Anabolism biosynthesis	macromolecules  (lipids, nuclecic acids, amino acids)	K13830	3-dehydroquinate synthase [EC:4.2.3.4] [RN:R03083]
Anabolism biosynthesis	macromolecules  (lipids, nuclecic acids, amino acids)	K00891	shikimate kinase [EC:2.7.1.71] [RN:R02412]
Anabolism biosynthesis	macromolecules  (lipids, nuclecic acids, amino acids)	K00800	3-phosphoshikimate 1-carboxyvinyltransferase [EC:2.5.1.19] [RN:R03460]
Anabolism biosynthesis	macromolecules  (lipids, nuclecic acids, amino acids)	K01736	chorismate synthase [EC:4.2.3.5] [RN:R01714]
Anabolism biosynthesis	macromolecules  (lipids, nuclecic acids, amino acids)	K13503	anthranilate synthase [EC:4.1.3.27] [RN:R00985 R00986]
Anabolism biosynthesis	macromolecules  (lipids, nuclecic acids, amino acids)	K13501	anthranilate synthase [EC:4.1.3.27] [RN:R00985 R00986]
Anabolism biosynthesis	macromolecules  (lipids, nuclecic acids, amino acids)	K01656	anthranilate synthase [EC:4.1.3.27] [RN:R00985 R00986]
Anabolism biosynthesis	macromolecules  (lipids, nuclecic acids, amino acids)	K00766	anthranilate phosphoribosyltransferase [EC:2.4.2.18] [RN:R01073]
Anabolism biosynthesis	macromolecules  (lipids, nuclecic acids, amino acids)	K13497	anthranilate synthase [EC:4.1.3.27] [RN:R00985 R00986]
Anabolism biosynthesis	macromolecules  (lipids, nuclecic acids, amino acids)	K01817	phosphoribosylanthranilate isomerase [EC:5.3.1.24] [RN:R03509]
Anabolism biosynthesis	macromolecules  (lipids, nuclecic acids, amino acids)	K01609	indole-3-glycerol phosphate synthase [EC:4.1.1.48] [RN:R03508]
Anabolism biosynthesis	macromolecules  (lipids, nuclecic acids, amino acids)	K13498	phosphoribosylanthranilate isomerase [EC:5.3.1.24] [RN:R03509]
Anabolism biosynthesis	macromolecules  (lipids, nuclecic acids, amino acids)	K01695	tryptophan synthase [EC:4.2.1.20] [RN:R02722]
Anabolism biosynthesis	macromolecules  (lipids, nuclecic acids, amino acids)	K01696	tryptophan synthase [EC:4.2.1.20] [RN:R02722]
Anabolism biosynthesis	macromolecules  (lipids, nuclecic acids, amino acids)	K06001	tryptophan synthase [EC:4.2.1.20] [RN:R02722]
Anabolism biosynthesis	macromolecules  (lipids, nuclecic acids, amino acids)	K01694	tryptophan synthase [EC:4.2.1.20] [RN:R02722]
Anabolism biosynthesis	macromolecules  (lipids, nuclecic acids, amino acids)	K01850	chorismate mutase [EC:5.4.99.5] [RN:R01715]
Anabolism biosynthesis	macromolecules  (lipids, nuclecic acids, amino acids)	K04092	chorismate mutase [EC:5.4.99.5] [RN:R01715]
Anabolism biosynthesis	macromolecules  (lipids, nuclecic acids, amino acids)	K14187	chorismate mutase [EC:5.4.99.5] [RN:R01715]
Anabolism biosynthesis	macromolecules  (lipids, nuclecic acids, amino acids)	K04093	chorismate mutase [EC:5.4.99.5] [RN:R01715]
Anabolism biosynthesis	macromolecules  (lipids, nuclecic acids, amino acids)	K04516	chorismate mutase [EC:5.4.99.5] [RN:R01715]
Anabolism biosynthesis	macromolecules  (lipids, nuclecic acids, amino acids)	K06208	chorismate mutase [EC:5.4.99.5] [RN:R01715]
Anabolism biosynthesis	macromolecules  (lipids, nuclecic acids, amino acids)	K06209	chorismate mutase [EC:5.4.99.5] [RN:R01715]
Anabolism biosynthesis	macromolecules  (lipids, nuclecic acids, amino acids)	K01713	prephenate dehydratase [EC:4.2.1.51] [RN:R01373]
Anabolism biosynthesis	macromolecules  (lipids, nuclecic acids, amino acids)	K04518	prephenate dehydratase [EC:4.2.1.51] [RN:R01373]
Anabolism biosynthesis	macromolecules  (lipids, nuclecic acids, amino acids)	K05359	prephenate dehydratase [EC:4.2.1.51] [RN:R01373]
Anabolism biosynthesis	macromolecules  (lipids, nuclecic acids, amino acids)	K14170	chorismate mutase [EC:5.4.99.5] [RN:R01715]
Anabolism biosynthesis	macromolecules  (lipids, nuclecic acids, amino acids)	K00832	aromatic-amino-acid transaminase [EC:2.6.1.57] [RN:R00694]
Anabolism biosynthesis	macromolecules  (lipids, nuclecic acids, amino acids)	K00838	aromatic-amino-acid transaminase [EC:2.6.1.57] [RN:R00694]
Anabolism biosynthesis	macromolecules  (lipids, nuclecic acids, amino acids)	K00210	prephenate dehydrogenase [EC:1.3.1.12] [RN:R01728]
Anabolism biosynthesis	macromolecules  (lipids, nuclecic acids, amino acids)	K04517	prephenate dehydrogenase [EC:1.3.1.12] [RN:R01728]
Anabolism biosynthesis	macromolecules  (lipids, nuclecic acids, amino acids)	K00815	tyrosine aminotransferase [EC:2.6.1.5] [RN:R00734]
Anabolism biosynthesis	macromolecules  (lipids, nuclecic acids, amino acids)	K00765	ATP phosphoribosyltransferase [EC:2.4.2.17] [RN:R01071]
Anabolism biosynthesis	macromolecules  (lipids, nuclecic acids, amino acids)	K02502	ATP phosphoribosyltransferase [EC:2.4.2.17] [RN:R01071]
Anabolism biosynthesis	macromolecules  (lipids, nuclecic acids, amino acids)	K01523	phosphoribosyl-ATP pyrophosphohydrolase [EC:3.6.1.31] [RN:R04035]
Anabolism biosynthesis	macromolecules  (lipids, nuclecic acids, amino acids)	K01496	phosphoribosyl-AMP cyclohydrolase [EC:3.5.4.19] [RN:R04037]
Anabolism biosynthesis	macromolecules  (lipids, nuclecic acids, amino acids)	K11755	phosphoribosyl-ATP pyrophosphohydrolase [EC:3.6.1.31] [RN:R04035]
Anabolism biosynthesis	macromolecules  (lipids, nuclecic acids, amino acids)	K14152	phosphoribosyl-ATP pyrophosphohydrolase [EC:3.6.1.31] [RN:R04035]
Anabolism biosynthesis	macromolecules  (lipids, nuclecic acids, amino acids)	K01814	phosphoribosylformimino-5-aminoimidazole carboxamide ribotide isomerase [EC:5.3.1.16] [RN:R04640]
Anabolism biosynthesis	macromolecules  (lipids, nuclecic acids, amino acids)	K02501	imidazole glycerol-phosphate synthase [EC:4.3.2.10] [RN:R04558]
Anabolism biosynthesis	macromolecules  (lipids, nuclecic acids, amino acids)	K02500	imidazole glycerol-phosphate synthase [EC:4.3.2.10] [RN:R04558]
Anabolism biosynthesis	macromolecules  (lipids, nuclecic acids, amino acids)	K01663	imidazole glycerol-phosphate synthase [EC:4.3.2.10] [RN:R04558]
Anabolism biosynthesis	macromolecules  (lipids, nuclecic acids, amino acids)	K01693	imidazoleglycerol-phosphate dehydratase [EC:4.2.1.19] [RN:R03457]
Anabolism biosynthesis	macromolecules  (lipids, nuclecic acids, amino acids)	K00817	histidinol-phosphate aminotransferase [EC:2.6.1.9] [RN:R03243]
Anabolism biosynthesis	macromolecules  (lipids, nuclecic acids, amino acids)	K04486	histidinol-phosphatase [EC:3.1.3.15] [RN:R03013]
Anabolism biosynthesis	macromolecules  (lipids, nuclecic acids, amino acids)	K05602	histidinol-phosphatase [EC:3.1.3.15] [RN:R03013]
Anabolism biosynthesis	macromolecules  (lipids, nuclecic acids, amino acids)	K18649	histidinol-phosphatase [EC:3.1.3.15] [RN:R03013]
Anabolism biosynthesis	macromolecules  (lipids, nuclecic acids, amino acids)	K01089	imidazoleglycerol-phosphate dehydratase / histidinol-phosphatase [EC:4.2.1.19 3.1.3.15] [RN:R03457 R03013]
Anabolism biosynthesis	macromolecules  (lipids, nuclecic acids, amino acids)	K00013	histidinol dehydrogenase [EC:1.1.1.23] [RN:R03012 R01163]
Anabolism biosynthesis	macromolecules  (lipids, nuclecic acids, amino acids)	K00618	amino-acid N-acetyltransferase [EC:2.3.1.1] [RN:R00259]
Anabolism biosynthesis	macromolecules  (lipids, nuclecic acids, amino acids)	K00619	amino-acid N-acetyltransferase [EC:2.3.1.1] [RN:R00259]
Anabolism biosynthesis	macromolecules  (lipids, nuclecic acids, amino acids)	K14681	amino-acid N-acetyltransferase [EC:2.3.1.1] [RN:R00259]
Anabolism biosynthesis	macromolecules  (lipids, nuclecic acids, amino acids)	K14682	amino-acid N-acetyltransferase [EC:2.3.1.1] [RN:R00259]
Anabolism biosynthesis	macromolecules  (lipids, nuclecic acids, amino acids)	K00620	glutamate N-acetyltransferase / amino-acid N-acetyltransferase [EC:2.3.1.35 2.3.1.1] [RN:R00259 R02282]
Anabolism biosynthesis	macromolecules  (lipids, nuclecic acids, amino acids)	K22477	amino-acid N-acetyltransferase [EC:2.3.1.1] [RN:R00259]
Anabolism biosynthesis	macromolecules  (lipids, nuclecic acids, amino acids)	K22478	bifunctional N-acetylglutamate synthase/kinase [EC:2.3.1.1 2.7.2.8] [RN:R00259 R02649]
Anabolism biosynthesis	macromolecules  (lipids, nuclecic acids, amino acids)	K00930	acetylglutamate kinase [EC:2.7.2.8] [RN:R02649]
Anabolism biosynthesis	macromolecules  (lipids, nuclecic acids, amino acids)	K00145	N-acetyl-gamma-glutamyl-phosphate reductase [EC:1.2.1.38] [RN:R03443]
Anabolism biosynthesis	macromolecules  (lipids, nuclecic acids, amino acids)	K12659	N-acetyl-gamma-glutamyl-phosphate reductase / acetylglutamate kinase [EC:1.2.1.38 2.7.2.8] [RN:R02649 R03443]
Anabolism biosynthesis	macromolecules  (lipids, nuclecic acids, amino acids)	K00818	acetylornithine aminotransferase [EC:2.6.1.11] [RN:R02283]
Anabolism biosynthesis	macromolecules  (lipids, nuclecic acids, amino acids)	K01438	acetylornithine deacetylase [EC:3.5.1.16] [RN:R00669]
Anabolism biosynthesis	macromolecules  (lipids, nuclecic acids, amino acids)	K14677	aminoacylase [EC:3.5.1.14] [RN:R00669]
Anabolism biosynthesis	macromolecules  (lipids, nuclecic acids, amino acids)	K01948	carbamoyl-phosphate synthase (ammonia) [EC:6.3.4.16] [RN:R00149]
Anabolism biosynthesis	macromolecules  (lipids, nuclecic acids, amino acids)	K00611	ornithine carbamoyltransferase [EC:2.1.3.3] [RN:R01398]
Anabolism biosynthesis	macromolecules  (lipids, nuclecic acids, amino acids)	K01940	argininosuccinate synthase [EC:6.3.4.5] [RN:R01954]
Anabolism biosynthesis	macromolecules  (lipids, nuclecic acids, amino acids)	K01755	argininosuccinate lyase [EC:4.3.2.1] [RN:R01086]
Anabolism biosynthesis	macromolecules  (lipids, nuclecic acids, amino acids)	K01476	arginase [EC:3.5.3.1] [RN:R00551]
Anabolism biosynthesis	macromolecules  (lipids, nuclecic acids, amino acids)	K01655	homocitrate synthase [EC:2.3.3.14] [RN:R00271]
Anabolism biosynthesis	macromolecules  (lipids, nuclecic acids, amino acids)	K17450	homoaconitase [EC:4.2.1.-] [RN:R03444]
Anabolism biosynthesis	macromolecules  (lipids, nuclecic acids, amino acids)	K01705	homoaconitate hydratase [EC:4.2.1.36] [RN:R04371]
Anabolism biosynthesis	macromolecules  (lipids, nuclecic acids, amino acids)	K05824	homoisocitrate dehydrogenase [EC:1.1.1.87] [RN:R01934]
Anabolism biosynthesis	macromolecules  (lipids, nuclecic acids, amino acids)	K00143	L-2-aminoadipate reductase [EC:1.2.1.95] [RN:R03098 R04863 R04390]
Anabolism biosynthesis	macromolecules  (lipids, nuclecic acids, amino acids)	K05827	[lysine-biosynthesis-protein LysW]---L-2-aminoadipate ligase [EC:6.3.2.43] [RN:R09775]
Anabolism biosynthesis	macromolecules  (lipids, nuclecic acids, amino acids)	K05828	LysW-gamma-L-alpha-aminoadipate kinase [EC:2.7.2.-] [RN:R09776]
Anabolism biosynthesis	macromolecules  (lipids, nuclecic acids, amino acids)	K05829	LysW-gamma-L-alpha-aminoadipyl-6-phosphate reductase [EC:1.2.1.-] [RN:R09777]
Anabolism biosynthesis	macromolecules  (lipids, nuclecic acids, amino acids)	K05830	LysW-gamma-L-lysine aminotransferase [EC:2.6.1.-] [RN:R09778]
Anabolism biosynthesis	macromolecules  (lipids, nuclecic acids, amino acids)	K05831	LysW-gamma-L-lysine carboxypeptidase [RN:R09779]
Anabolism biosynthesis	macromolecules  (lipids, nuclecic acids, amino acids)	K01649	2-isopropylmalate synthase [EC:2.3.3.13] [RN:R01213]
Anabolism biosynthesis	macromolecules  (lipids, nuclecic acids, amino acids)	K01702	3-isopropylmalate dehydratase [EC:4.2.1.33] [RN:R03968 R04001]
Anabolism biosynthesis	macromolecules  (lipids, nuclecic acids, amino acids)	K01703	3-isopropylmalate dehydratase [EC:4.2.1.33] [RN:R03968 R04001]
Anabolism biosynthesis	macromolecules  (lipids, nuclecic acids, amino acids)	K01704	3-isopropylmalate dehydratase [EC:4.2.1.33] [RN:R03968 R04001]
Anabolism biosynthesis	macromolecules  (lipids, nuclecic acids, amino acids)	K00052	3-isopropylmalate dehydrogenase [EC:1.1.1.85] [RN:R04426]
Anabolism biosynthesis	macromolecules  (lipids, nuclecic acids, amino acids)	K05822	tetrahydrodipicolinate N-acetyltransferase [EC:2.3.1.89] [RN:R04364]
Anabolism biosynthesis	macromolecules  (lipids, nuclecic acids, amino acids)	K00841	aminotransferase [EC:2.6.1.-] [RN:R04467]
Anabolism biosynthesis	macromolecules  (lipids, nuclecic acids, amino acids)	K05823	N-acetyldiaminopimelate deacetylase [EC:3.5.1.47] [RN:R02733]
Anabolism biosynthesis	macromolecules  (lipids, nuclecic acids, amino acids)	K03340	diaminopimelate dehydrogenase [EC:1.4.1.16] [RN:R02755]
Anabolism biosynthesis	macromolecules  (lipids, nuclecic acids, amino acids)	K10206	LL-diaminopimelate aminotransferase [EC:2.6.1.83] [RN:R07613]
Anabolism biosynthesis	macromolecules  (lipids, nuclecic acids, amino acids)	K09011	cimA; D-citramalate synthase [EC:2.3.1.182] [RN:R07399]
Anabolism biosynthesis	macromolecules  (lipids, nuclecic acids, amino acids)	K17755	choline oxidase [EC:1.1.3.17] [R01022 R08211]
Anabolism biosynthesis	macromolecules  (lipids, nuclecic acids, amino acids)	K11440	choline dehydrogenase [EC:1.1.99.1] [RN:R01025 R08557 R08558]
Anabolism biosynthesis	macromolecules  (lipids, nuclecic acids, amino acids)	K00130	betaine-aldehyde dehydrogenase [EC:1.2.1.8] [R02565 R02566]
Anabolism biosynthesis	macromolecules  (lipids, nuclecic acids, amino acids)	K17989	threonine dehydratase [EC:4.3.1.19] [RN:R00996]
Anabolism biosynthesis	macromolecules  (lipids, nuclecic acids, amino acids)	K01754	threonine dehydratase [EC:4.3.1.19] [RN:R00996]
Anabolism biosynthesis	macromolecules  (lipids, nuclecic acids, amino acids)	K19412	glutamate--LysW ligase ArgX [EC:6.3.2.-] [RN:R10929]
Anabolism biosynthesis	macromolecules  (lipids, nuclecic acids, amino acids)	K15849	aspartate-prephenate aminotransferase [EC:2.6.1.78] [RN:R01731]
Anabolism biosynthesis	macromolecules  (lipids, nuclecic acids, amino acids)	K00220	cyclohexadienyl dehydrogenase [EC:1.3.1.43] [RN:R00732]
Anabolism biosynthesis	macromolecules  (lipids, nuclecic acids, amino acids)	K15226	arogenate dehydrogenase (NADP+) [EC:1.3.1.78] [RN:R00733]
Anabolism biosynthesis	macromolecules  (lipids, nuclecic acids, amino acids)	K15227	arogenate dehydrogenase (NADP+) [EC:1.3.1.78] [RN:R00733]
Anabolism biosynthesis	macromolecules  (lipids, nuclecic acids, amino acids)	K00764	amidophosphoribosyltransferase [EC:2.4.2.14] [RN:R01072]
Anabolism biosynthesis	macromolecules  (lipids, nuclecic acids, amino acids)	K01945	phosphoribosylamine--glycine ligase [EC:6.3.4.13] [RN:R04144]
Anabolism biosynthesis	macromolecules  (lipids, nuclecic acids, amino acids)	K11787	phosphoribosylamine--glycine ligase [EC:6.3.4.13] [RN:R04144]
Anabolism biosynthesis	macromolecules  (lipids, nuclecic acids, amino acids)	K11788	phosphoribosylamine--glycine ligase [EC:6.3.4.13] [RN:R04144]
Anabolism biosynthesis	macromolecules  (lipids, nuclecic acids, amino acids)	K13713	fusion protein PurCD [EC:6.3.2.6 6.3.4.13] [RN:R04144 R04591]
Anabolism biosynthesis	macromolecules  (lipids, nuclecic acids, amino acids)	K00601	phosphoribosylglycinamide formyltransferase [EC:2.1.2.2] [RN:R04325]
Anabolism biosynthesis	macromolecules  (lipids, nuclecic acids, amino acids)	K11175	phosphoribosylglycinamide formyltransferase [EC:2.1.2.2] [RN:R04325]
Anabolism biosynthesis	macromolecules  (lipids, nuclecic acids, amino acids)	K08289	phosphoribosylglycinamide formyltransferase [EC:2.1.2.2] [RN:R04325]
Anabolism biosynthesis	macromolecules  (lipids, nuclecic acids, amino acids)	K01492	phosphoribosylglycinamide formyltransferase [EC:2.1.2.2] [RN:R04325]
Anabolism biosynthesis	macromolecules  (lipids, nuclecic acids, amino acids)	K01952	phosphoribosylformylglycinamidine synthase [EC:6.3.5.3] [RN:R04463]
Anabolism biosynthesis	macromolecules  (lipids, nuclecic acids, amino acids)	K01933	phosphoribosylformylglycinamidine cyclo-ligase [EC:6.3.3.1] [RN:R04208]
Anabolism biosynthesis	macromolecules  (lipids, nuclecic acids, amino acids)	K01587	phosphoribosylaminoimidazole carboxylase [EC:4.1.1.21] [RN:R04209]
Anabolism biosynthesis	macromolecules  (lipids, nuclecic acids, amino acids)	K11808	phosphoribosylaminoimidazole carboxylase [EC:4.1.1.21] [RN:R04209]
Anabolism biosynthesis	macromolecules  (lipids, nuclecic acids, amino acids)	K01589	5-(carboxyamino)imidazole ribonucleotide synthase [EC:6.3.4.18] [RN:R07405]
Anabolism biosynthesis	macromolecules  (lipids, nuclecic acids, amino acids)	K01588	5-(carboxyamino)imidazole ribonucleotide mutase [EC:5.4.99.18] [RN:R07404]
Anabolism biosynthesis	macromolecules  (lipids, nuclecic acids, amino acids)	K01923	phosphoribosylaminoimidazole-succinocarboxamide synthase [EC:6.3.2.6] [RN:R04591]
Anabolism biosynthesis	macromolecules  (lipids, nuclecic acids, amino acids)	K01756	adenylosuccinate lyase [EC:4.3.2.2] [RN:R04559]
Anabolism biosynthesis	macromolecules  (lipids, nuclecic acids, amino acids)	K00602	phosphoribosylaminoimidazolecarboxamide formyltransferase / IMP cyclohydrolase [EC:2.1.2.3 3.5.4.10] [RN:R04560 R01127]
Anabolism biosynthesis	macromolecules  (lipids, nuclecic acids, amino acids)	K06863	5-formaminoimidazole-4-carboxamide-1-(beta)-D-ribofuranosyl 5'-monophosphate synthetase [EC:6.3.4.23] [RN:R06975]
Anabolism biosynthesis	macromolecules  (lipids, nuclecic acids, amino acids)	K11176	IMP cyclohydrolase [EC:3.5.4.10] [RN:R01127]
Anabolism biosynthesis	macromolecules  (lipids, nuclecic acids, amino acids)	K00088	IMP dehydrogenase [EC:1.1.1.205] [RN:R01130]
Anabolism biosynthesis	macromolecules  (lipids, nuclecic acids, amino acids)	K01951	GMP synthase [EC:6.3.5.2] [RN:R01230 R01231]
Anabolism biosynthesis	macromolecules  (lipids, nuclecic acids, amino acids)	K00942	guanylate kinase [EC:2.7.4.8] [RN:R00332]
Anabolism biosynthesis	macromolecules  (lipids, nuclecic acids, amino acids)	K00940	nucleoside-diphosphate kinase [EC:2.7.4.6] [RN:R00330]
Anabolism biosynthesis	macromolecules  (lipids, nuclecic acids, amino acids)	K00845	glucokinase [EC:2.7.1.2] [RN:R01786]
Anabolism biosynthesis	macromolecules  (lipids, nuclecic acids, amino acids)	K12407	glucokinase [EC:2.7.1.2] [RN:R01786]
Anabolism biosynthesis	macromolecules  (lipids, nuclecic acids, amino acids)	K00886	polyphosphate glucokinase [EC:2.7.1.63] [RN:R02189]
Anabolism biosynthesis	macromolecules  (lipids, nuclecic acids, amino acids)	K00963	UTP--glucose-1-phosphate uridylyltransferase [EC:2.7.7.9] [RN:R00289]
Anabolism biosynthesis	macromolecules  (lipids, nuclecic acids, amino acids)	K01939	adenylosuccinate synthase [EC:6.3.4.4] [RN:R01135]
Anabolism biosynthesis	macromolecules  (lipids, nuclecic acids, amino acids)	K00939	adenylate kinase [EC:2.7.4.3] [RN:R00127]
Anabolism biosynthesis	macromolecules  (lipids, nuclecic acids, amino acids)	K18532	adenylate kinase [EC:2.7.4.3] [RN:R00127]
Anabolism biosynthesis	macromolecules  (lipids, nuclecic acids, amino acids)	K18533	adenylate kinase [EC:2.7.4.3] [RN:R00127]
Anabolism biosynthesis	macromolecules  (lipids, nuclecic acids, amino acids)	K00944	nucleoside-triphosphate--adenylate kinase [EC:2.7.4.10] [RN:R00333]
Anabolism biosynthesis	macromolecules  (lipids, nuclecic acids, amino acids)	K11540	carbamoyl-phosphate synthase [EC:6.3.5.5] [RN:R00575]
Anabolism biosynthesis	macromolecules  (lipids, nuclecic acids, amino acids)	K11541	carbamoyl-phosphate synthase [EC:6.3.5.5] [RN:R00575]
Anabolism biosynthesis	macromolecules  (lipids, nuclecic acids, amino acids)	K01465	dihydroorotase [EC:3.5.2.3] [RN:R01993]
Anabolism biosynthesis	macromolecules  (lipids, nuclecic acids, amino acids)	K01954	carbamoyl-phosphate synthase [EC:6.3.5.5] [RN:R00575]
Anabolism biosynthesis	macromolecules  (lipids, nuclecic acids, amino acids)	K01955	carbamoyl-phosphate synthase [EC:6.3.5.5] [RN:R00575]
Anabolism biosynthesis	macromolecules  (lipids, nuclecic acids, amino acids)	K01956	carbamoyl-phosphate synthase [EC:6.3.5.5] [RN:R00575]
Anabolism biosynthesis	macromolecules  (lipids, nuclecic acids, amino acids)	K00609	aspartate carbamoyltransferase [EC:2.1.3.2] [RN:R01397]
Anabolism biosynthesis	macromolecules  (lipids, nuclecic acids, amino acids)	K00610	aspartate carbamoyltransferase [EC:2.1.3.2] [RN:R01397]
Anabolism biosynthesis	macromolecules  (lipids, nuclecic acids, amino acids)	K00608	aspartate carbamoyltransferase [EC:2.1.3.2] [RN:R01397]
Anabolism biosynthesis	macromolecules  (lipids, nuclecic acids, amino acids)	K00226	dihydroorotate dehydrogenase [EC:1.3.98.1] [RN:R01867]
Anabolism biosynthesis	macromolecules  (lipids, nuclecic acids, amino acids)	K00254	dihydroorotate dehydrogenase [EC:1.3.5.2] [RN:R01868]
Anabolism biosynthesis	macromolecules  (lipids, nuclecic acids, amino acids)	K17828	dihydroorotate dehydrogenase [EC:1.3.1.14] [RN:R01869]
Anabolism biosynthesis	macromolecules  (lipids, nuclecic acids, amino acids)	K13421	orotate phosphoribosyltransferase [EC:2.4.2.10] [RN:R01870]
Anabolism biosynthesis	macromolecules  (lipids, nuclecic acids, amino acids)	K00762	orotate phosphoribosyltransferase [EC:2.4.2.10] [RN:R01870]
Anabolism biosynthesis	macromolecules  (lipids, nuclecic acids, amino acids)	K01591	orotidine-5'-phosphate decarboxylase [EC:4.1.1.23] [RN:R00965]
Anabolism biosynthesis	macromolecules  (lipids, nuclecic acids, amino acids)	K13800	cytidylate kinase [EC:2.7.4.14] [RN:R00158]
Anabolism biosynthesis	macromolecules  (lipids, nuclecic acids, amino acids)	K13809	cytidylate kinase [EC:2.7.4.14] [RN:R00158]
Anabolism biosynthesis	macromolecules  (lipids, nuclecic acids, amino acids)	K00945	cytidylate kinase [EC:2.7.4.14] [RN:R00158]
Anabolism biosynthesis	macromolecules  (lipids, nuclecic acids, amino acids)	K01937	CTP synthase [EC:6.3.4.2] [RN:R00571 R00573]
Anabolism biosynthesis	macromolecules  (lipids, nuclecic acids, amino acids)	K00524	ribonucleoside-diphosphate reductase [EC:1.17.4.1] [RN:R02024]
Anabolism biosynthesis	macromolecules  (lipids, nuclecic acids, amino acids)	K00525	ribonucleoside-diphosphate reductase [EC:1.17.4.1] [RN:R02024]
Anabolism biosynthesis	macromolecules  (lipids, nuclecic acids, amino acids)	K00526	ribonucleoside-diphosphate reductase [EC:1.17.4.1] [RN:R02024]
Anabolism biosynthesis	macromolecules  (lipids, nuclecic acids, amino acids)	K10807	ribonucleoside-diphosphate reductase [EC:1.17.4.1] [RN:R02024]
Anabolism biosynthesis	macromolecules  (lipids, nuclecic acids, amino acids)	K10808	ribonucleoside-diphosphate reductase [EC:1.17.4.1] [RN:R02024]
Anabolism biosynthesis	macromolecules  (lipids, nuclecic acids, amino acids)	K00527	ribonucleoside-triphosphate reductase [EC:1.17.4.2 1.1.98.6] [RN:R02022 R11636]
Anabolism biosynthesis	macromolecules  (lipids, nuclecic acids, amino acids)	K21636	ribonucleoside-triphosphate reductase [EC:1.17.4.2 1.1.98.6] [RN:R02022 R11636]
Anabolism biosynthesis	macromolecules  (lipids, nuclecic acids, amino acids)	K01494	dCTP deaminase [EC:3.5.4.13] [RN:R02325]
Anabolism biosynthesis	macromolecules  (lipids, nuclecic acids, amino acids)	K01520	dUTP pyrophosphatase [EC:3.6.1.23] [RN:R02100]
Anabolism biosynthesis	macromolecules  (lipids, nuclecic acids, amino acids)	K00560	thymidylate synthase [EC:2.1.1.45] [RN:R02101]
Anabolism biosynthesis	macromolecules  (lipids, nuclecic acids, amino acids)	K00943	dTMP kinase [EC:2.7.4.9] [RN:R02094]
Anabolism biosynthesis	macromolecules  (lipids, nuclecic acids, amino acids)	K00972	UAP1; GlcNAc-1P -> UDP-GlcNAc [EC:2.7.7.23]
Anabolism biosynthesis	macromolecules  (lipids, nuclecic acids, amino acids)	K00012	UGDH; UDP-Glc -> UDP-GlcA [EC:1.1.1.22]
Anabolism biosynthesis	macromolecules  (lipids, nuclecic acids, amino acids)	K08678	UXS1; UDP-GlcA -> UDP-Xyl [EC:4.1.1.35]
Anabolism biosynthesis	macromolecules  (lipids, nuclecic acids, amino acids)	K00966	GMPP; Man-1P -> GDP-Man [EC:2.7.7.13]
Anabolism biosynthesis	macromolecules  (lipids, nuclecic acids, amino acids)	K00971	GMPP; Man-1P -> GDP-Man [EC:2.7.7.13]
Anabolism biosynthesis	macromolecules  (lipids, nuclecic acids, amino acids)	K23265	phosphoribosylformylglycinamidine synthase subunit PurQ / glutaminase [EC:6.3.5.3 3.5.1.2]
Anabolism biosynthesis	macromolecules  (lipids, nuclecic acids, amino acids)	K00209	enoyl-[acyl-carrier protein] reductase / trans-2-enoyl-CoA reductase (NAD+) [EC:1.3.1.9 1.3.1.44]
Anabolism biosynthesis	macromolecules  (lipids, nuclecic acids, amino acids)	K00550	phosphatidyl-N-methylethanolamine N-methyltransferase [EC:2.1.1.71]
Anabolism biosynthesis	macromolecules  (lipids, nuclecic acids, amino acids)	K00551	phosphatidylethanolamine/phosphatidyl-N-methylethanolamine N-methyltransferase [EC:2.1.1.17 2.1.1.71]
Anabolism biosynthesis	macromolecules  (lipids, nuclecic acids, amino acids)	K00570	phosphatidylethanolamine/phosphatidyl-N-methylethanolamine N-methyltransferase [EC:2.1.1.17 2.1.1.71]
Anabolism biosynthesis	macromolecules  (lipids, nuclecic acids, amino acids)	K00641	homoserine O-acetyltransferase/O-succinyltransferase [EC:2.3.1.31 2.3.1.46]
Anabolism biosynthesis	macromolecules  (lipids, nuclecic acids, amino acids)	K00665	fatty acid synthase, animal type [EC:2.3.1.85]
Anabolism biosynthesis	macromolecules  (lipids, nuclecic acids, amino acids)	K00667	fatty acid synthase subunit alpha, fungi type [EC:2.3.1.86]
Anabolism biosynthesis	macromolecules  (lipids, nuclecic acids, amino acids)	K00668	fatty acid synthase subunit beta, fungi type [EC:2.3.1.86]
Anabolism biosynthesis	macromolecules  (lipids, nuclecic acids, amino acids)	K01716	3-hydroxyacyl-[acyl-carrier protein] dehydratase / trans-2-decenoyl-[acyl-carrier protein] isomerase [EC:4.2.1.59 5.3.3.14]
Anabolism biosynthesis	macromolecules  (lipids, nuclecic acids, amino acids)	K02371	enoyl-[acyl-carrier protein] reductase II [EC:1.3.1.9]
Anabolism biosynthesis	macromolecules  (lipids, nuclecic acids, amino acids)	K10780	enoyl-[acyl-carrier protein] reductase III [EC:1.3.1.104]
Anabolism biosynthesis	macromolecules  (lipids, nuclecic acids, amino acids)	K11533	fatty acid synthase, bacteria type [EC:2.3.1.-]
Anabolism biosynthesis	macromolecules  (lipids, nuclecic acids, amino acids)	K14155	cysteine-S-conjugate beta-lyase [EC:4.4.1.13]
Anabolism biosynthesis	macromolecules  (lipids, nuclecic acids, amino acids)	K16363	UDP-3-O-[3-hydroxymyristoyl] N-acetylglucosamine deacetylase / 3-hydroxyacyl-[acyl-carrier-protein] dehydratase [EC:3.5.1.108 4.2.1.59]
Anabolism biosynthesis	macromolecules  (lipids, nuclecic acids, amino acids)	K16369	phosphatidylethanolamine N-methyltransferase [EC:2.1.1.17]
Anabolism biosynthesis	macromolecules  (lipids, nuclecic acids, amino acids)	K22305	phosphoserine phosphatase [EC:3.1.3.3]
Anabolism biosynthesis	macromolecules  (lipids, nuclecic acids, amino acids)	K23264	phosphoribosylformylglycinamidine synthase subunit PurS [EC:6.3.5.3]
Anabolism biosynthesis	macromolecules  (lipids, nuclecic acids, amino acids)	K23269	phosphoribosylformylglycinamidine synthase subunit PurL [EC:6.3.5.3]
Anabolism biosynthesis	macromolecules  (lipids, nuclecic acids, amino acids)	K23270	phosphoribosylformylglycinamidine synthase subunit PurSL [EC:6.3.5.3]
Anabolism biosynthesis	macromolecules  (lipids, nuclecic acids, amino acids)	K24017	phosphoribosyl isomerase A [EC:5.3.1.16 5.3.1.24]
Anabolism biosynthesis	macromolecules  (lipids, nuclecic acids, amino acids)	K24018	cyclohexadieny/prephenate dehydrogenase / 3-phosphoshikimate 1-carboxyvinyltransferase [EC:1.3.1.43 1.3.1.12 2.5.1.19]
Anabolism biosynthesis	macromolecules  (lipids, nuclecic acids, amino acids)	K24042	methionine synthase / methylenetetrahydrofolate reductase (NADH) [EC:2.1.1.13 1.5.1.54]
Anabolism biosynthesis	macromolecules  (lipids, nuclecic acids, amino acids)	K25528	phosphoserine phosphatase [EC:3.1.3.3]
Anabolism biosynthesis	macromolecules  (lipids, nuclecic acids, amino acids)	K28842	histidinol-phosphatase [EC:3.1.3.15]
Anabolism biosynthesis	cofactors	K01661	naphthoate synthase
Anabolism biosynthesis	cofactors	K01851	salicylate biosynthesis isochorismate synthase
Anabolism biosynthesis	cofactors	K01911	O-succinylbenzoic acid--CoA ligase
Anabolism biosynthesis	cofactors	K02361	isochorismate synthase
Anabolism biosynthesis	cofactors	K02548	1,4-dihydroxy-2-naphthoate octaprenyltransferase
Anabolism biosynthesis	cofactors	K02549	O-succinylbenzoate synthase
Anabolism biosynthesis	cofactors	K02551	2-succinyl-5-enolpyruvyl-6-hydroxy-3-cyclohexene-1-carboxylate synthase
Anabolism biosynthesis	cofactors	K02552	menaquinone-specific isochorismate synthase
Anabolism biosynthesis	cofactors	K03183	demethylmenaquinone methyltransferase / 2-methoxy-6-polyprenyl-1,4-benzoquinol methylase
Anabolism biosynthesis	cofactors	K08680	2-succinyl-6-hydroxy-2,4-cyclohexadiene-1-carboxylate synthase
Anabolism biosynthesis	cofactors	K12073	1,4-dihydroxy-2-naphthoyl-CoA hydrolase
Anabolism biosynthesis	cofactors	K19222	1,4-dihydroxy-2-naphthoyl-CoA hydrolase
Anabolism biosynthesis	cofactors	K00568	2-polyprenyl-6-hydroxyphenyl methylase / 3-demethylubiquinone-9 3-methyltransferase
Anabolism biosynthesis	cofactors	K03179	4-hydroxybenzoate polyprenyltransferase
Anabolism biosynthesis	cofactors	K03181	chorismate--pyruvate lyase
Anabolism biosynthesis	cofactors	K03182	4-hydroxy-3-polyprenylbenzoate decarboxylase
Anabolism biosynthesis	cofactors	K03184	2-octaprenyl-3-methyl-6-methoxy-1,4-benzoquinol hydroxylase
Anabolism biosynthesis	cofactors	K03185	2-octaprenyl-6-methoxyphenol hydroxylase
Anabolism biosynthesis	cofactors	K18240	chorismate lyase / 3-hydroxybenzoate synthase
Anabolism biosynthesis	cofactors	K18800	2-octaprenylphenol hydroxylase
Anabolism biosynthesis	cofactors	K22225	ahbAB; siroheme decarboxylase [RN:R12000]
Anabolism biosynthesis	cofactors	K22226	ahbC; 12,18-didecarboxysiroheme decarboxylase [RN:R12001]
Anabolism biosynthesis	cofactors	K22227	ahbD; heme synthase [RN:R12002]
Anabolism biosynthesis	cofactors	K00643	5-aminolevulinate synthase [EC:2.3.1.37] [RN:R00830]
Anabolism biosynthesis	cofactors	K01698	porphobilinogen synthase [EC:4.2.1.24] [RN:R00036]
Anabolism biosynthesis	cofactors	K01749	hydroxymethylbilane synthase [EC:2.5.1.61] [RN:R00084]
Anabolism biosynthesis	cofactors	K01719	uroporphyrinogen-III synthase [EC:4.2.1.75] [RN:R03165]
Anabolism biosynthesis	cofactors	K01599	uroporphyrinogen decarboxylase [EC:4.1.1.37] [RN:R03197]
Anabolism biosynthesis	cofactors	K00228	coproporphyrinogen III oxidase [EC:1.3.3.3] [RN:R03220]
Anabolism biosynthesis	cofactors	K00231	protoporphyrinogen/coproporphyrinogen III oxidase [EC:1.3.3.4] [RN:R03222]
Anabolism biosynthesis	cofactors	K01772	protoporphyrin/coproporphyrin ferrochelatase [EC:4.99.1.1] [RN:R00310]
Anabolism biosynthesis	cofactors	K02302	cysG; uroporphyrin-III C-methyltransferase / precorrin-2 dehydrogenase / sirohydrochlorin ferrochelatase [EC:2.1.1.107 1.3.1.76 4.99.1.4]
Anabolism biosynthesis	cofactors	K02304	MET8; precorrin-2 dehydrogenase / sirohydrochlorin ferrochelatase [EC:1.3.1.76 4.99.1.4]
Anabolism biosynthesis	cofactors	K02190	cbiK; sirohydrochlorin cobaltochelatase [EC:4.99.1.3]
Anabolism biosynthesis	cofactors	K03795	cbiX; sirohydrochlorin cobaltochelatase [EC:4.99.1.3]
Anabolism biosynthesis	cofactors	K22011	cfbA; sirohydrochlorin cobalto/nickelchelatase [EC:4.99.1.3 4.99.1.11]
Anabolism biosynthesis	cofactors	K03394	cobI-cbiL; precorrin-2/cobalt-factor-2 C20-methyltransferase [EC:2.1.1.130 2.1.1.151]
Anabolism biosynthesis	cofactors	K13540	cobIJ; precorrin-2 C20-methyltransferase / precorrin-3B C17-methyltransferase [EC:2.1.1.130 2.1.1.131]
Anabolism biosynthesis	cofactors	K05934	E2.1.1.131, cobJ, cbiH; precorrin-3B C17-methyltransferase [EC:2.1.1.131]
Anabolism biosynthesis	cofactors	K13541	cbiGH-cobJ; cobalt-precorrin 5A hydrolase / precorrin-3B C17-methyltransferase [EC:3.7.1.12 2.1.1.131]
Anabolism biosynthesis	cofactors	K21479	cbiH60; cobalt-factor III methyltransferase [EC:2.1.1.272]
Anabolism biosynthesis	cofactors	K05936	cobM, cbiF; precorrin-4/cobalt-precorrin-4 C11-methyltransferase [EC:2.1.1.133 2.1.1.271]
Anabolism biosynthesis	cofactors	K02189	cbiG; cobalt-precorrin 5A hydrolase [EC:3.7.1.12]
Anabolism biosynthesis	cofactors	K02188	cbiD; cobalt-precorrin-5B (C1)-methyltransferase [EC:2.1.1.195]
Anabolism biosynthesis	cofactors	K05895	cobK-cbiJ; precorrin-6A/cobalt-precorrin-6A reductase [EC:1.3.1.54 1.3.1.106]
Anabolism biosynthesis	cofactors	K02191	cbiT; cobalt-precorrin-6B (C15)-methyltransferase [EC:2.1.1.196]
Anabolism biosynthesis	cofactors	K03399	cbiE; cobalt-precorrin-7 (C5)-methyltransferase [EC:2.1.1.289]
Anabolism biosynthesis	cofactors	K02224	cobB-cbiA; cobyrinic acid a,c-diamide synthase [EC:6.3.5.9 6.3.5.11]
Anabolism biosynthesis	cofactors	K02229	cobG; precorrin-3B synthase [EC:1.14.13.83]
Anabolism biosynthesis	cofactors	K02228	cobF; precorrin-6A synthase [EC:2.1.1.152]
Anabolism biosynthesis	cofactors	K00595	cobL; precorrin-6Y C5,15-methyltransferase (decarboxylating) [EC:2.1.1.132]
Anabolism biosynthesis	cofactors	K02230	cobN; cobaltochelatase CobN [EC:6.6.1.2]
Anabolism biosynthesis	cofactors	K09882	cobS; cobaltochelatase CobS [EC:6.6.1.2]
Anabolism biosynthesis	cofactors	K09883	cobT; cobaltochelatase CobT [EC:6.6.1.2]
Anabolism biosynthesis	cofactors	K13786	cobR; cob(II)yrinic acid a,c-diamide reductase [EC:1.16.8.1]
Anabolism biosynthesis	cofactors	K00798	MMAB, pduO; cob(I)alamin adenosyltransferase [EC:2.5.1.17]
Anabolism biosynthesis	cofactors	K19221	cobA, btuR; cob(I)alamin adenosyltransferase [EC:2.5.1.17]
Anabolism biosynthesis	cofactors	K02232	cobQ, cbiP; adenosylcobyric acid synthase [EC:6.3.5.10]
Anabolism biosynthesis	cofactors	K02225	cobC1, cobC; cobalamin biosynthetic protein
Anabolism biosynthesis	cofactors	K02227	cbiB, cobD; adenosylcobinamide-phosphate synthase [EC:6.3.1.10]
Anabolism biosynthesis	cofactors	K02231	cobP, cobU; adenosylcobinamide kinase / adenosylcobinamide-phosphate guanylyltransferase [EC:2.7.1.156 2.7.7.62]
Anabolism biosynthesis	cofactors	K19712	cobY; adenosylcobinamide-phosphate guanylyltransferase [EC:2.7.7.62]
Anabolism biosynthesis	cofactors	K02233	E2.7.8.26, cobS, cobV; adenosylcobinamide-GDP ribazoletransferase [EC:2.7.8.26]
Anabolism biosynthesis	cofactors	K00072	SPR; sepiapterin reductase [EC:1.1.1.153]
Anabolism biosynthesis	cofactors	K00077	panE, apbA; 2-dehydropantoate 2-reductase [EC:1.1.1.169]
Anabolism biosynthesis	cofactors	K00082	ribD2; 5-amino-6-(5-phosphoribosylamino)uracil reductase [EC:1.1.1.193]
Anabolism biosynthesis	cofactors	K00097	pdxA; 4-hydroxythreonine-4-phosphate dehydrogenase [EC:1.1.1.262]
Anabolism biosynthesis	cofactors	K00128	ALDH; aldehyde dehydrogenase (NAD+) [EC:1.2.1.3]
Anabolism biosynthesis	cofactors	K00230	hemG; menaquinone-dependent protoporphyrinogen oxidase [EC:1.3.5.3]
Anabolism biosynthesis	cofactors	K00275	pdxH, PNPO; pyridoxamine 5'-phosphate oxidase [EC:1.4.3.5]
Anabolism biosynthesis	cofactors	K00278	nadB; L-aspartate oxidase [EC:1.4.3.16]
Anabolism biosynthesis	cofactors	K00287	DHFR, folA; dihydrofolate reductase [EC:1.5.1.3]
Anabolism biosynthesis	cofactors	K00435	hemQ; hydrogen peroxide-dependent heme synthase [EC:1.3.98.5]
Anabolism biosynthesis	cofactors	K00452	HAAO; 3-hydroxyanthranilate 3,4-dioxygenase [EC:1.13.11.6]
Anabolism biosynthesis	cofactors	K00453	TDO2, kynA; tryptophan 2,3-dioxygenase [EC:1.13.11.11]
Anabolism biosynthesis	cofactors	K00463	IDO, INDO; indoleamine 2,3-dioxygenase [EC:1.13.11.52]
Anabolism biosynthesis	cofactors	K00486	KMO; kynurenine 3-monooxygenase [EC:1.14.13.9]
Anabolism biosynthesis	cofactors	K00589	MET1; uroporphyrin-III C-methyltransferase [EC:2.1.1.107]
Anabolism biosynthesis	cofactors	K00591	COQ3; polyprenyldihydroxybenzoate methyltransferase / 3-demethylubiquinol 3-O-methyltransferase [EC:2.1.1.114 2.1.1.64]
Anabolism biosynthesis	cofactors	K00606	panB; 3-methyl-2-oxobutanoate hydroxymethyltransferase [EC:2.1.2.11]
Anabolism biosynthesis	cofactors	K00652	bioF; 8-amino-7-oxononanoate synthase [EC:2.3.1.47]
Anabolism biosynthesis	cofactors	K00767	nadC, QPRT; nicotinate-nucleotide pyrophosphorylase (carboxylating) [EC:2.4.2.19]
Anabolism biosynthesis	cofactors	K00768	E2.4.2.21, cobU, cobT; nicotinate-nucleotide--dimethylbenzimidazole phosphoribosyltransferase [EC:2.4.2.21]
Anabolism biosynthesis	cofactors	K00788	thiE; thiamine-phosphate pyrophosphorylase [EC:2.5.1.3]
Anabolism biosynthesis	cofactors	K00793	ribE, RIB5; riboflavin synthase [EC:2.5.1.9]
Anabolism biosynthesis	cofactors	K00794	ribH, RIB4; 6,7-dimethyl-8-ribityllumazine synthase [EC:2.5.1.78]
Anabolism biosynthesis	cofactors	K00796	folP; dihydropteroate synthase [EC:2.5.1.15]
Anabolism biosynthesis	cofactors	K00833	bioA; adenosylmethionine---8-amino-7-oxononanoate aminotransferase [EC:2.6.1.62]
Anabolism biosynthesis	cofactors	K00859	coaE; dephospho-CoA kinase [EC:2.7.1.24]
Anabolism biosynthesis	cofactors	K00861	RFK, FMN1; riboflavin kinase [EC:2.7.1.26]
Anabolism biosynthesis	cofactors	K00867	coaA; type I pantothenate kinase [EC:2.7.1.33]
Anabolism biosynthesis	cofactors	K00877	THI20; hydroxymethylpyrimidine/phosphomethylpyrimidine kinase / thiaminase [EC:2.7.1.49 2.7.4.7 3.5.99.2]
Anabolism biosynthesis	cofactors	K00941	thiD; hydroxymethylpyrimidine/phosphomethylpyrimidine kinase [EC:2.7.1.49 2.7.4.7]
Anabolism biosynthesis	cofactors	K00946	thiL; thiamine-monophosphate kinase [EC:2.7.4.16]
Anabolism biosynthesis	cofactors	K00949	thiN, TPK1, THI80; thiamine pyrophosphokinase [EC:2.7.6.2]
Anabolism biosynthesis	cofactors	K00950	folK; 2-amino-4-hydroxy-6-hydroxymethyldihydropteridine diphosphokinase [EC:2.7.6.3]
Anabolism biosynthesis	cofactors	K00953	FLAD1; FAD synthetase [EC:2.7.7.2]
Anabolism biosynthesis	cofactors	K00954	E2.7.7.3A, coaD, kdtB; pantetheine-phosphate adenylyltransferase [EC:2.7.7.3]
Anabolism biosynthesis	cofactors	K00969	nadD; nicotinate-nucleotide adenylyltransferase [EC:2.7.7.18]
Anabolism biosynthesis	cofactors	K01012	bioB; biotin synthase [EC:2.8.1.6]
Anabolism biosynthesis	cofactors	K01113	phoD; alkaline phosphatase D [EC:3.1.3.1]
Anabolism biosynthesis	cofactors	K01432	AFMID; arylformamidase [EC:3.5.1.9]
Anabolism biosynthesis	cofactors	K01498	ribD1; diaminohydroxyphosphoribosylaminopyrimidine deaminase [EC:3.5.4.26]
Anabolism biosynthesis	cofactors	K01556	KYNU, kynU; kynureninase [EC:3.7.1.3]
Anabolism biosynthesis	cofactors	K01579	panD; aspartate 1-decarboxylase [EC:4.1.1.11]
Anabolism biosynthesis	cofactors	K01598	PPCDC, coaC; phosphopantothenoylcysteine decarboxylase [EC:4.1.1.36]
Anabolism biosynthesis	cofactors	K01633	folB; 7,8-dihydroneopterin aldolase/epimerase/oxygenase [EC:4.1.2.25 5.1.99.8 1.13.11.81]
Anabolism biosynthesis	cofactors	K01737	queD, ptpS, PTS; 6-pyruvoyltetrahydropterin/6-carboxytetrahydropterin synthase [EC:4.2.3.12 4.1.2.50]
Anabolism biosynthesis	cofactors	K01845	hemL; glutamate-1-semialdehyde 2,1-aminomutase [EC:5.4.3.8]
Anabolism biosynthesis	cofactors	K01885	EARS, gltX; glutamyl-tRNA synthetase [EC:6.1.1.17]
Anabolism biosynthesis	cofactors	K01906	bioW; 6-carboxyhexanoate--CoA ligase [EC:6.2.1.14]
Anabolism biosynthesis	cofactors	K01916	nadE; NAD+ synthase [EC:6.3.1.5]
Anabolism biosynthesis	cofactors	K01918	panC; pantoate--beta-alanine ligase [EC:6.3.2.1]
Anabolism biosynthesis	cofactors	K01919	gshA; glutamate--cysteine ligase [EC:6.3.2.2]
Anabolism biosynthesis	cofactors	K01922	PPCS, COAB; phosphopantothenate---cysteine ligase (ATP) [EC:6.3.2.51]
Anabolism biosynthesis	cofactors	K01935	bioD; dethiobiotin synthetase [EC:6.3.3.3]
Anabolism biosynthesis	cofactors	K01947	birA-coaX; biotin---[acetyl-CoA-carboxylase] ligase / type III pantothenate kinase [EC:6.3.4.15 2.7.1.33]
Anabolism biosynthesis	cofactors	K01950	E6.3.5.1, NADSYN1, QNS1, nadE; NAD+ synthase (glutamine-hydrolysing) [EC:6.3.5.1]
Anabolism biosynthesis	cofactors	K02169	bioC; malonyl-CoA O-methyltransferase [EC:2.1.1.197]
Anabolism biosynthesis	cofactors	K02170	bioH; pimeloyl-[acyl-carrier protein] methyl ester esterase [EC:3.1.1.85]
Anabolism biosynthesis	cofactors	K02201	E2.7.7.3B; pantetheine-phosphate adenylyltransferase [EC:2.7.7.3]
Anabolism biosynthesis	cofactors	K02226	cobC, phpB; alpha-ribazole phosphatase [EC:3.1.3.73]
Anabolism biosynthesis	cofactors	K02303	cobA; uroporphyrin-III C-methyltransferase [EC:2.1.1.107]
Anabolism biosynthesis	cofactors	K02318	COASY; phosphopantetheine adenylyltransferase / dephospho-CoA kinase [EC:2.7.7.3 2.7.1.24]
Anabolism biosynthesis	cofactors	K02495	hemN, hemZ; oxygen-independent coproporphyrinogen III oxidase [EC:1.3.98.3]
Anabolism biosynthesis	cofactors	K02496	hemX; uroporphyrin-III C-methyltransferase [EC:2.1.1.107]
Anabolism biosynthesis	cofactors	K02858	ribB, RIB3; 3,4-dihydroxy 2-butanone 4-phosphate synthase [EC:4.1.99.12]
Anabolism biosynthesis	cofactors	K03146	THI4, THI1; cysteine-dependent adenosine diphosphate thiazole synthase [EC:2.4.2.60]
Anabolism biosynthesis	cofactors	K03147	thiC; phosphomethylpyrimidine synthase [EC:4.1.99.17]
Anabolism biosynthesis	cofactors	K03148	thiF; sulfur carrier protein ThiS adenylyltransferase [EC:2.7.7.73]
Anabolism biosynthesis	cofactors	K03149	thiG; thiazole synthase [EC:2.8.1.10]
Anabolism biosynthesis	cofactors	K03150	thiH; 2-iminoacetate synthase [EC:4.1.99.19]
Anabolism biosynthesis	cofactors	K03151	thiI; tRNA uracil 4-sulfurtransferase [EC:2.8.1.4]
Anabolism biosynthesis	cofactors	K03153	thiO; glycine oxidase [EC:1.4.3.19]
Anabolism biosynthesis	cofactors	K03154	thiS; sulfur carrier protein
Anabolism biosynthesis	cofactors	K03472	epd; D-erythrose 4-phosphate dehydrogenase [EC:1.2.1.72]
Anabolism biosynthesis	cofactors	K03473	pdxB; erythronate-4-phosphate dehydrogenase [EC:1.1.1.290]
Anabolism biosynthesis	cofactors	K03474	pdxJ; pyridoxine 5-phosphate synthase [EC:2.6.99.2]
Anabolism biosynthesis	cofactors	K03517	nadA; quinolinate synthase [EC:2.5.1.72]
Anabolism biosynthesis	cofactors	K03525	coaX; type III pantothenate kinase [EC:2.7.1.33]
Anabolism biosynthesis	cofactors	K03635	MOCS2B, moaE; molybdopterin synthase catalytic subunit [EC:2.8.1.12]
Anabolism biosynthesis	cofactors	K03637	moaC, CNX3; cyclic pyranopterin monophosphate synthase [EC:4.6.1.17]
Anabolism biosynthesis	cofactors	K03638	moaB; molybdopterin adenylyltransferase [EC:2.7.7.75]
Anabolism biosynthesis	cofactors	K03639	moaA, CNX2; GTP 3',8-cyclase [EC:4.1.99.22]
Anabolism biosynthesis	cofactors	K03644	lipA, LIAS, LIP1, LIP5; lipoyl synthase [EC:2.8.1.8]
Anabolism biosynthesis	cofactors	K03750	moeA; molybdopterin molybdotransferase [EC:2.10.1.1]
Anabolism biosynthesis	cofactors	K03794	sirB; sirohydrochlorin ferrochelatase [EC:4.99.1.4]
Anabolism biosynthesis	cofactors	K03801	lipB; lipoyl(octanoyl) transferase [EC:2.3.1.181]
Anabolism biosynthesis	cofactors	K03831	mogA; molybdopterin adenylyltransferase [EC:2.7.7.75]
Anabolism biosynthesis	cofactors	K06125	COQ2; 4-hydroxybenzoate polyprenyltransferase [EC:2.5.1.39]
Anabolism biosynthesis	cofactors	K06126	COQ6; 4-hydroxy-3-polyprenylbenzoate 5-hydroxylase / 2-methoxy-6-polyprenylphenol 4-hydroxylase [EC:1.14.15.45 1.14.15.46]
Anabolism biosynthesis	cofactors	K06127	COQ5; 2-methoxy-6-polyprenyl-1,4-benzoquinol methylase [EC:2.1.1.201]
Anabolism biosynthesis	cofactors	K06134	coq7; 3-demethoxyubiquinol 3-hydroxylase [EC:1.14.99.60]
Anabolism biosynthesis	cofactors	K06135	pqqA; pyrroloquinoline quinone biosynthesis protein A
Anabolism biosynthesis	cofactors	K06136	pqqB; pyrroloquinoline quinone biosynthesis protein B
Anabolism biosynthesis	cofactors	K06138	pqqD; pyrroloquinoline quinone biosynthesis protein D
Anabolism biosynthesis	cofactors	K06139	pqqE; PqqA peptide cyclase [EC:1.21.98.4]
Anabolism biosynthesis	cofactors	K06210	NMNAT; nicotinamide mononucleotide adenylyltransferase [EC:2.7.7.1 2.7.7.18]
Anabolism biosynthesis	cofactors	K06215	pdxS, pdx1; pyridoxal 5'-phosphate synthase pdxS subunit [EC:4.3.3.6]
Anabolism biosynthesis	cofactors	K06914	mfnD; tyramine---L-glutamate ligase [EC:6.3.4.24]
Anabolism biosynthesis	cofactors	K06982	pok; pantoate kinase [EC:2.7.1.169]
Anabolism biosynthesis	cofactors	K06989	nadX, ASPDH; aspartate dehydrogenase [EC:1.4.1.21]
Anabolism biosynthesis	cofactors	K07072	mfnF; (4-(4-[2-(gamma-L-glutamylamino)ethyl]phenoxymethyl)furan-2-yl)methanamine synthase [EC:2.5.1.131]
Anabolism biosynthesis	cofactors	K07130	kynB; arylformamidase [EC:3.5.1.9]
Anabolism biosynthesis	cofactors	K07144	mfnE; 5-(aminomethyl)-3-furanmethanol phosphate kinase [EC:2.7.4.31]
Anabolism biosynthesis	cofactors	K08310	nudB, ntpA; dihydroneopterin triphosphate diphosphatase [EC:3.6.1.67]
Anabolism biosynthesis	cofactors	K08681	pdxT, pdx2; pyridoxal 5'-phosphate synthase pdxT subunit [EC:4.3.3.6]
Anabolism biosynthesis	cofactors	K08973	hemJ; protoporphyrinogen IX oxidase [EC:1.3.99.-]
Anabolism biosynthesis	cofactors	K09007	folE2; GTP cyclohydrolase IB [EC:3.5.4.16]
Anabolism biosynthesis	cofactors	K09680	PANK1_2_3, CAB1, coaW; type II pantothenate kinase [EC:2.7.1.33]
Anabolism biosynthesis	cofactors	K09722	K09722, pps; 4-phosphopantoate---beta-alanine ligase [EC:6.3.2.36]
Anabolism biosynthesis	cofactors	K09733	mfnB; (5-formylfuran-3-yl)methyl phosphate synthase [EC:4.2.3.153]
Anabolism biosynthesis	cofactors	K09735	dpck; GTP-dependent dephospho-CoA kinase [EC:2.7.1.237]
Anabolism biosynthesis	cofactors	K09789	bioG; pimeloyl-[acyl-carrier protein] methyl ester esterase [EC:3.1.1.85]
Anabolism biosynthesis	cofactors	K10105	LIPT1; lipoyltransferase 1
Anabolism biosynthesis	cofactors	K10810	tenI; thiazole tautomerase (transcriptional regulator TenI) [EC:5.3.99.10]
Anabolism biosynthesis	cofactors	K10977	aksA; methanogen homocitrate synthase [EC:2.3.3.14 2.3.3.-]
Anabolism biosynthesis	cofactors	K10978	aksF; methanogen homoisocitrate dehydrogenase [EC:1.1.1.87 1.1.1.-]
Anabolism biosynthesis	cofactors	K11204	GCLC; glutamate--cysteine ligase catalytic subunit [EC:6.3.2.2]
Anabolism biosynthesis	cofactors	K11205	GCLM; glutamate--cysteine ligase regulatory subunit
Anabolism biosynthesis	cofactors	K11753	ribF; riboflavin kinase / FMN adenylyltransferase [EC:2.7.1.26 2.7.7.2]
Anabolism biosynthesis	cofactors	K11754	folC; dihydrofolate synthase / folylpolyglutamate synthase [EC:6.3.2.12 6.3.2.17]
Anabolism biosynthesis	cofactors	K11780	cofG; 7,8-didemethyl-8-hydroxy-5-deazariboflavin synthase [EC:4.3.1.32]
Anabolism biosynthesis	cofactors	K11781	cofH; 5-amino-6-(D-ribitylamino)uracil---L-tyrosine 4-hydroxyphenyl transferase [EC:2.5.1.147]
Anabolism biosynthesis	cofactors	K11782	mqnA; chorismate dehydratase [EC:4.2.1.151]
Anabolism biosynthesis	cofactors	K11783	mqnB; futalosine hydrolase [EC:3.2.2.26]
Anabolism biosynthesis	cofactors	K11784	mqnC; cyclic dehypoxanthinyl futalosine synthase [EC:1.21.98.1]
Anabolism biosynthesis	cofactors	K11785	mqnD; 5,8-dihydroxy-2-naphthoate synthase [EC:4.1.99.29]
Anabolism biosynthesis	cofactors	K13038	coaBC, dfp; phosphopantothenoylcysteine decarboxylase / phosphopantothenate---cysteine ligase [EC:4.1.1.36 6.3.2.5]
Anabolism biosynthesis	cofactors	K13367	FMS1; polyamine oxidase [EC:1.5.3.17]
Anabolism biosynthesis	cofactors	K13542	cobA-hemD; uroporphyrinogen III methyltransferase / synthase [EC:2.1.1.107 4.2.1.75]
Anabolism biosynthesis	cofactors	K13543	hemDX; uroporphyrinogen III methyltransferase / synthase [EC:2.1.1.107 4.2.1.75]
Anabolism biosynthesis	cofactors	K13939	FOL1; dihydroneopterin aldolase / 2-amino-4-hydroxy-6-hydroxymethyldihydropteridine diphosphokinase / dihydropteroate synthase [EC:4.1.2.25 2.7.6.3 2.5.1.15]
Anabolism biosynthesis	cofactors	K13940	sulD; dihydroneopterin aldolase / 2-amino-4-hydroxy-6-hydroxymethyldihydropteridine diphosphokinase [EC:4.1.2.25 2.7.6.3]
Anabolism biosynthesis	cofactors	K13941	folKP; 2-amino-4-hydroxy-6-hydroxymethyldihydropteridine diphosphokinase / dihydropteroate synthase [EC:2.7.6.3 2.5.1.15]
Anabolism biosynthesis	cofactors	K14153	thiDE; hydroxymethylpyrimidine kinase / phosphomethylpyrimidine kinase / thiamine-phosphate diphosphorylase [EC:2.7.1.49 2.7.4.7 2.5.1.3]
Anabolism biosynthesis	cofactors	K14154	THI6; thiamine-phosphate diphosphorylase / hydroxyethylthiazole kinase [EC:2.5.1.3 2.7.1.50]
Anabolism biosynthesis	cofactors	K14263	BNA7; kynurenine formamidase [EC:3.5.1.9]
Anabolism biosynthesis	cofactors	K14652	ribBA; 3,4-dihydroxy 2-butanone 4-phosphate synthase / GTP cyclohydrolase II [EC:4.1.99.12 3.5.4.25]
Anabolism biosynthesis	cofactors	K14654	RIB7, arfC; 2,5-diamino-6-(ribosylamino)-4(3H)-pyrimidinone 5'-phosphate reductase [EC:1.1.1.302]
Anabolism biosynthesis	cofactors	K14655	RIB2, PUS8; tRNA pseudouridine32 synthase / 2,5-diamino-6-(5-phospho-D-ribitylamino)-pyrimidin-4(3H)-one deaminase [EC:5.4.99.28]
Anabolism biosynthesis	cofactors	K14941	cofC, fbiD; 2-phospho-L-lactate/phosphoenolpyruvate guanylyltransferase [EC:2.7.7.68 2.7.7.105]
Anabolism biosynthesis	cofactors	K15376	GPHN; gephyrin [EC:2.10.1.1 2.7.7.75]
Anabolism biosynthesis	cofactors	K16593	bioI, CYP107H; pimeloyl-[acyl-carrier protein] synthase [EC:1.14.14.46]
Anabolism biosynthesis	cofactors	K16869	lipL; octanoyl-[GcvH]:protein N-octanoyltransferase [EC:2.3.1.204]
Anabolism biosynthesis	cofactors	K17745	spr1; sepiapterin reductase [EC:1.1.1.325]
Anabolism biosynthesis	cofactors	K18278	THI5; pyrimidine precursor biosynthesis enzyme
Anabolism biosynthesis	cofactors	K18285	mqnE; aminodeoxyfutalosine synthase [EC:2.5.1.120]
Anabolism biosynthesis	cofactors	K18286	add; aminodeoxyfutalosine deaminase [EC:3.5.4.40]
Anabolism biosynthesis	cofactors	K18586	COQ4; 4-hydroxy-3-methoxy-5-polyprenylbenzoate decarboxylase [EC:4.1.1.130]
Anabolism biosynthesis	cofactors	K18933	mfnA, adc; tyrosine decarboxylase / aspartate 1-decarboxylase [EC:4.1.1.25 4.1.1.11]
Anabolism biosynthesis	cofactors	K19560	bioK; pimeloyl-[acyl-carrier protein] methyl ester esterase [EC:3.1.1.85]
Anabolism biosynthesis	cofactors	K19561	bioJ; pimeloyl-[acyl-carrier protein] methyl ester esterase [EC:3.1.1.85]
Anabolism biosynthesis	cofactors	K19562	BIO3-BIO1; bifunctional dethiobiotin synthetase / spermidine---8-amino-7-oxononanoate transaminase [EC:6.3.3.3 2.6.1.127]
Anabolism biosynthesis	cofactors	K19563	bioA, bioK; lysine---8-amino-7-oxononanoate aminotransferase [EC:2.6.1.105]
Anabolism biosynthesis	cofactors	K19793	mfnC; (5-formylfuran-3-yl)methyl phosphate transaminase [EC:2.6.1.108]
Anabolism biosynthesis	cofactors	K19965	folQ; dihydroneopterin triphosphate pyrophosphohydrolase [EC:3.6.1.67]
Anabolism biosynthesis	cofactors	K20457	DHFS; dihydrofolate synthase [EC:6.3.2.12]
Anabolism biosynthesis	cofactors	K20810	mqnX; aminodeoxyfutalosine deaminase [EC:3.5.4.40]
Anabolism biosynthesis	cofactors	K20860	FHY1; FMN hydrolase / 5-amino-6-(5-phospho-D-ribitylamino)uracil phosphatase [EC:3.1.3.102 3.1.3.104]
Anabolism biosynthesis	cofactors	K20861	ybjI; FMN hydrolase / 5-amino-6-(5-phospho-D-ribitylamino)uracil phosphatase [EC:3.1.3.102 3.1.3.104]
Anabolism biosynthesis	cofactors	K20862	yigB; FMN hydrolase / 5-amino-6-(5-phospho-D-ribitylamino)uracil phosphatase [EC:3.1.3.102 3.1.3.104]
Anabolism biosynthesis	cofactors	K20884	FHY; riboflavin kinase / FMN hydrolase [EC:2.7.1.26 3.1.3.102]
Anabolism biosynthesis	cofactors	K20967	MOCS1; GTP 3',8-cyclase / cyclic pyranopterin monophosphate synthase [EC:4.1.99.22 4.6.1.17]
Anabolism biosynthesis	cofactors	K21063	K21063; 5-amino-6-(5-phospho-D-ribitylamino)uracil phosphatase [EC:3.1.3.104]
Anabolism biosynthesis	cofactors	K21064	ycsE, yitU, ywtE; 5-amino-6-(5-phospho-D-ribitylamino)uracil phosphatase [EC:3.1.3.104]
Anabolism biosynthesis	cofactors	K21142	moaX; MoaE-MoaD fusion protein [EC:2.8.1.12]
Anabolism biosynthesis	cofactors	K21219	thiDN; hydroxymethylpyrimidine kinase / phosphomethylpyrimidine kinase / thiamine-phosphate diphosphorylase [EC:2.7.1.49 2.7.4.7 2.5.1.3]
Anabolism biosynthesis	cofactors	K21220	thiN; thiamine-phosphate diphosphorylase [EC:2.5.1.3]
Anabolism biosynthesis	cofactors	K21456	GSS; glutathione synthase [EC:6.3.2.3]
Anabolism biosynthesis	cofactors	K21610	cfbC; Ni-sirohydrochlorin a,c-diamide reductive cyclase subunit CfbC [EC:6.3.3.7]
Anabolism biosynthesis	cofactors	K21611	cfbD; Ni-sirohydrochlorin a,c-diamide reductive cyclase subunit CfbD [EC:6.3.3.7]
Anabolism biosynthesis	cofactors	K21612	cfbE; coenzyme F430 synthetase [EC:6.4.1.9]
Anabolism biosynthesis	cofactors	K21977	coaB; phosphopantothenate---cysteine ligase (CTP) [EC:6.3.2.5]
Anabolism biosynthesis	cofactors	K22012	cfbB; Ni-sirohydrochlorin a,c-diamide synthase [EC:6.3.5.12]
Anabolism biosynthesis	cofactors	K22099	folC2; dihydrofolate synthase / folylpolyglutamate synthase [EC:6.3.2.12 6.3.2.17]
Anabolism biosynthesis	cofactors	K22100	trpF; 2,5-diamino-6-(5-phospho-D-ribosylamino)pyrimidin-4(3H)-one isomerase/dehydratase [EC:4.2.1.160]
Anabolism biosynthesis	cofactors	K22101	PTPS; dihydroneopterin triphosphate aldolase (PTPS-III) / 6-pyruvoyltetrahydropterin synthase [EC:4.1.2.60 4.2.3.12]
Anabolism biosynthesis	cofactors	K22316	rhnA-cobC; ribonuclease H / adenosylcobalamin/alpha-ribazole phosphatase [EC:3.1.26.4 3.1.3.73]
Anabolism biosynthesis	cofactors	K22391	E3.5.4.16; GTP cyclohydrolase I [EC:3.5.4.16]
Anabolism biosynthesis	cofactors	K22699	thi4; sulfide-dependent adenosine diphosphate thiazole synthase [EC:2.4.2.59]
Anabolism biosynthesis	cofactors	K22912	PYRP2; 5-amino-6-(5-phospho-D-ribitylamino)uracil phosphatase [EC:3.1.3.104]
Anabolism biosynthesis	cofactors	K22949	RIBF; FAD synthetase [EC:2.7.7.2]
Anabolism biosynthesis	cofactors	K23734	lipM; lipoyl(octanoyl) transferase [EC:2.3.1.181]
Anabolism biosynthesis	cofactors	K23735	LIPT2, LIP2; lipoyl(octanoyl) transferase 2 [EC:2.3.1.181]
Anabolism biosynthesis	cofactors	K23750	LIP3, AIM22; octanoyl-CoA:protein transferase [EC:2.3.1.-]
Anabolism biosynthesis	cofactors	K24843	ubiT; 2-(all-trans-polyprenyl)phenol 6-hydroxylase (prephenate) accessory factor UbiT
Anabolism biosynthesis	cofactors	K24844	ubiU; 2-(all-trans-polyprenyl)phenol 6-hydroxylase (prephenate) UbiU [EC:1.97.1.15]
Anabolism biosynthesis	cofactors	K24845	ubiV; 2-(all-trans-polyprenyl)phenol 6-hydroxylase (prephenate) UbiV [EC:1.97.1.15]
Anabolism biosynthesis	cofactors	K24866	sirC; precorrin-2 dehydrogenase [EC:1.3.1.76]
Anabolism biosynthesis	cofactors	K25033	chdC, hemQ; hydrogen peroxide-dependent heme synthase [EC:1.3.98.5]
Anabolism biosynthesis	cofactors	K25570	bioU; 8-amino-7-oxononanoate carboxylating dehydrogenase [EC:2.6.1.121]
Anabolism biosynthesis	cofactors	K28034	COQ7; 3-demethoxyubiquinone 3-hydroxylase (NADH) [EC:1.14.13.253]
Anabolism biosynthesis	cofactors	K04034	bchE; anaerobic magnesium-protoporphyrin IX monomethyl ester cyclase [EC:1.21.98.3]
Anabolism biosynthesis	cofactors	K04035	E1.14.13.81, acsF, chlE; magnesium-protoporphyrin IX monomethyl ester (oxidative) cyclase [EC:1.14.13.81]
Anabolism biosynthesis	cofactors	K21231	bciB; 3,8-divinyl protochlorophyllide a 8-vinyl-reductase (ferredoxin) [EC:1.3.7.13]
Anabolism biosynthesis	cofactors	K04036	bchJ; divinyl protochlorophyllide a 8-vinyl-reductase [EC:1.-.-.-]
Anabolism biosynthesis	cofactors	K19073	DVR; divinyl chlorophyllide a 8-vinyl-reductase [EC:1.3.1.75]
Anabolism biosynthesis	cofactors	K04037	chiL; light-independent protochlorophyllide reductase subunit L [EC:1.3.7.7]
Anabolism biosynthesis	cofactors	K13600	CAO; chlorophyllide a oxygenase [EC:1.14.13.122]
Anabolism biosynthesis	cofactors	K11333	bchX; 3,8-divinyl chlorophyllide a/chlorophyllide a reductase subunit X [EC:1.3.7.14 1.3.7.15]
Anabolism biosynthesis	cofactors	K11336	bchF; 3-vinyl bacteriochlorophyllide hydratase [EC:4.2.1.165]
Anabolism biosynthesis	cofactors	K11337	bchC; bacteriochlorophyllide a dehydrogenase [EC:1.1.1.396]
Anabolism biosynthesis	cofactors	K10960	"chlP, bchP; geranylgeranyl diphosphate/geranylgeranyl-bacteriochlorophyllide a reductase [EC:1.3.1.83 1.3.1.111]"
Anabolism biosynthesis	cofactors	K13605	bchK; bacteriochlorophyll c synthase [EC:2.5.1.-]
Anabolism biosynthesis	cofactors	K13604	"bchU; bacteriochlorophyllide d C-20 methyltransferase [EC:2.1.1.333]"
Anabolism biosynthesis	cofactors	K21312	bciD; bacteriochlorophyllide c C-7(1)-hydroxylase [EC:1.17.98.2]
Anabolism biosynthesis	cofactors	K13603	bchV; 3-vinyl bacteriochlorophyllide hydratase [EC:4.2.1.169]
Anabolism biosynthesis	cofactors	K13601	bchQ; bacteriochlorophyllide d C-8(2)-methyltransferase [EC:2.1.1.332]
Anabolism biosynthesis	cofactors	K13602	"bchR; bacteriochlorophyllide d C-12(1)-methyltransferase [EC:2.1.1.331]"
Anabolism biosynthesis	cofactors	K21058	bciC; chlorophyllide a hydrolase [EC:3.1.1.100]
Anabolism biosynthesis	cofactors	K03403	chlH/bchH; magnesium chelatase subunit H [EC:6.6.1.1]
Anabolism biosynthesis	cofactors	K03404	chlD/bchD;magnesium chelatase subunit D [EC:6.6.1.1]
Anabolism biosynthesis	cofactors	K03405	chlI/bchI; magnesium chelatase subunit I [EC:6.6.1.1]
Anabolism biosynthesis	cofactors	K03428	bchM, chlM; magnesium-protoporphyrin O-methyltransferase [EC:2.1.1.11]
Anabolism biosynthesis	cofactors	K00218	por; protochlorophyllide reductase [EC:1.3.1.33]
Anabolism biosynthesis	cofactors	K04032	eutT; ethanolamine utilization cobalamin adenosyltransferase [EC:2.5.1.154]
Anabolism biosynthesis	cofactors	K04038	chlN; light-independent protochlorophyllide reductase subunit N [EC:1.3.7.7]
Anabolism biosynthesis	cofactors	K04039	chlB; light-independent protochlorophyllide reductase subunit B [EC:1.3.7.7]
Anabolism biosynthesis	cofactors	K04720	cobD; threonine-phosphate decarboxylase [EC:4.1.1.81]
Anabolism biosynthesis	cofactors	K05369	pebA; 15,16-dihydrobiliverdin:ferredoxin oxidoreductase [EC:1.3.7.2]
Anabolism biosynthesis	cofactors	K05370	pebB; phycoerythrobilin:ferredoxin oxidoreductase [EC:1.3.7.3]
Anabolism biosynthesis	cofactors	K05371	pcyA; phycocyanobilin:ferredoxin oxidoreductase [EC:1.3.7.5]
Anabolism biosynthesis	cofactors	K05901	BLVRB; biliverdin reductase / flavin reductase [EC:1.3.1.24 1.5.1.30]
Anabolism biosynthesis	cofactors	K08260	cbiZ; adenosylcobinamide hydrolase [EC:3.5.1.90]
Anabolism biosynthesis	cofactors	K11334	bchY; 3,8-divinyl chlorophyllide a/chlorophyllide a reductase subunit Y [EC:1.3.7.14 1.3.7.15]
Anabolism biosynthesis	cofactors	K11335	bchZ; 3,8-divinyl chlorophyllide a/chlorophyllide a reductase subunit Z [EC:1.3.7.14 1.3.7.15]
Anabolism biosynthesis	cofactors	K16651	pduX; L-threonine kinase [EC:2.7.1.177]
Anabolism biosynthesis	cofactors	K21796	pebS; Prochlorococcus phage phycoerythrobilin synthase [EC:1.3.7.6]
Anabolism biosynthesis	cofactors	K22465	bzaA_B; 5-hydroxybenzimidazole synthase [EC:4.1.99.23]
Anabolism biosynthesis	cofactors	K22466	bzaF; 5-hydroxybenzimidazole synthase [EC:4.1.99.23]
Anabolism biosynthesis	cofactors	K24867	nirN; dihydro-heme d1 dehydrogenase
Anabolism biosynthesis	cofactors	K25496	cbiR; adenosylcobalamin phosphodiesterase
Anabolism biosynthesis	cofactors	K25497	bzaC; 5-hydroxybenzimidazole ribotide O-methyltransferase [EC:2.1.1.405]
Anabolism biosynthesis	cofactors	K25498	bzaD; 5-methoxybenzimidazole methyltransferase
Anabolism biosynthesis	cofactors	K25499	bzaE; 5-methoxy-6-methylbenzimidazole methyltransferase
Anabolism biosynthesis	cofactors	K01664	pabA; para-aminobenzoate synthetase component II [EC:2.6.1.85]
Anabolism biosynthesis	cofactors	K01665	pabB; para-aminobenzoate synthetase component I [EC:2.6.1.85]
Anabolism biosynthesis	cofactors	K01930	FPGS; folylpolyglutamate synthase [EC:6.3.2.17]
Anabolism biosynthesis	cofactors	K02619	pabC; 4-amino-4-deoxychorismate lyase [EC:4.1.3.38]
Anabolism biosynthesis	cofactors	K03342	pabBC; para-aminobenzoate synthetase / 4-amino-4-deoxychorismate lyase [EC:2.6.1.85 4.1.3.38]
Anabolism biosynthesis	cofactors	K03752	mobA; molybdenum cofactor guanylyltransferase [EC:2.7.7.77]
Anabolism biosynthesis	cofactors	K07141	mocA; molybdenum cofactor cytidylyltransferase [EC:2.7.7.76]
Anabolism biosynthesis	cofactors	K07142	mptE; 2-amino-4-hydroxy-6-hydroxymethyldihydropteridine diphosphokinase [EC:2.7.6.3]
Anabolism biosynthesis	cofactors	K07589	folX; D-erythro-7,8-dihydroneopterin triphosphate epimerase [EC:5.1.99.7]
Anabolism biosynthesis	cofactors	K09739	mptD; dihydroneopterin aldolase [EC:4.1.2.25]
Anabolism biosynthesis	cofactors	K13818	mobAB; molybdopterin-guanine dinucleotide biosynthesis protein [EC:2.7.7.77]
Anabolism biosynthesis	cofactors	K13938	folM; dihydromonapterin reductase / dihydrofolate reductase [EC:1.5.1.50 1.5.1.3]
Anabolism biosynthesis	cofactors	K13950	pabAB; para-aminobenzoate synthetase [EC:2.6.1.85]
Anabolism biosynthesis	cofactors	K15631	ABA3; molybdenum cofactor sulfurtransferase [EC:2.8.1.9]
Anabolism biosynthesis	cofactors	K15740	mptN; tetrahydromethanopterin:alpha-L-glutamate ligase [EC:6.3.2.33]
Anabolism biosynthesis	cofactors	K17364	dmrA; dihydromethanopterin reductase [EC:1.5.1.47]
Anabolism biosynthesis	cofactors	K17487	mptB; 7,8-dihydroneopterin 2',3'-cyclic phosphate phosphodiesterase [EC:3.1.4.56]
Anabolism biosynthesis	cofactors	K17488	mptA; GTP cyclohydrolase IV [EC:3.5.4.39]
Anabolism biosynthesis	cofactors	K18482	ADCL; 4-amino-4-deoxychorismate lyase [EC:4.1.3.38]
Anabolism biosynthesis	cofactors	K18853	dmrX; dihydromethanopterin reductase (acceptor) [EC:1.5.99.15]
Anabolism biosynthesis	cofactors	K22102	E4.1.2.59; dihydroneopterin phosphate aldolase [EC:4.1.2.59]
Anabolism biosynthesis	cofactors	K24102	folCP; dihydrofolate synthase / dihydropteroate synthase [EC:6.3.2.12 2.5.1.15]
Anabolism biosynthesis	cofactors	K25575	pabA; 4-amino-4-deoxychorismate synthase (2-amino-4-deoxychorismate-forming) component II [EC:2.6.1.123]
Anabolism biosynthesis	cofactors	K25578	pabB; 4-amino-4-deoxychorismate synthase (2-amino-4-deoxychorismate-forming) component I [EC:2.6.1.123]
Anabolism biosynthesis	macromolecules  (lipids, nuclecic acids, amino acids)	K01697	cystathionine beta-synthase [EC:4.2.1.22] [RN:R01290]
Anabolism biosynthesis	macromolecules  (lipids, nuclecic acids, amino acids)	K10150	cystathionine beta-synthase [EC:4.2.1.22] [RN:R01290]
Anabolism biosynthesis	macromolecules  (lipids, nuclecic acids, amino acids)	K00789	S-adenosylmethionine synthetase [EC:2.5.1.6] [RN:R00177]
Anabolism biosynthesis	macromolecules  (lipids, nuclecic acids, amino acids)	K18284	S-adenosylhomocysteine/5'-methylthioadenosine nucleosidase [EC:3.2.2.9] [RN:R00194]
Anabolism biosynthesis	macromolecules  (lipids, nuclecic acids, amino acids)	K00826	branched-chain amino acid aminotransferase [EC:2.6.1.42] [RN:R01214 R02199]
Anabolism biosynthesis	macromolecules  (lipids, nuclecic acids, amino acids)	K00831	phosphoserine aminotransferase [EC:2.6.1.52] [RN:R04173]
Anabolism biosynthesis	macromolecules  (lipids, nuclecic acids, amino acids)	K00293	saccharopine dehydrogenase (NADP+, L-glutamate forming) [EC:1.5.1.10] [RN:R02315]
Anabolism biosynthesis	macromolecules  (lipids, nuclecic acids, amino acids)	K00290	saccharopine dehydrogenase, L-lysine forming [EC:1.5.1.7] [RN:R00715]
Anabolism biosynthesis	macromolecules  (lipids, nuclecic acids, amino acids)	K16792	homoaconitase [EC:4.2.1.- 4.2.1.36 4.2.1.114] [RN:R03444 R04371 R09720]
Anabolism biosynthesis	macromolecules  (lipids, nuclecic acids, amino acids)	K16793	homoaconitase [EC:4.2.1.- 4.2.1.36 4.2.1.114] [RN:R03444 R04371 R09720]
Anabolism biosynthesis	macromolecules  (lipids, nuclecic acids, amino acids)	K13799	cytidylate kinase [EC:2.7.4.14] [RN:R00158]
Anabolism biosynthesis	macromolecules  (lipids, nuclecic acids, amino acids)	K13998	thymidylate synthase [EC:2.1.1.45] [RN:R02101]
Anabolism biosynthesis	macromolecules  (lipids, nuclecic acids, amino acids)	K00059	3-oxoacyl-[acyl-carrier protein] reductase [EC:1.1.1.100]
Anabolism biosynthesis	macromolecules  (lipids, nuclecic acids, amino acids)	K00208	enoyl-[acyl-carrier protein] reductase I [EC:1.3.1.9 1.3.1.10]
Anabolism biosynthesis	macromolecules  (lipids, nuclecic acids, amino acids)	K00647	3-oxoacyl-[acyl-carrier-protein] synthase I [EC:2.3.1.41]
Anabolism biosynthesis	macromolecules  (lipids, nuclecic acids, amino acids)	K02372	3-hydroxyacyl-[acyl-carrier-protein] dehydratase [EC:4.2.1.59]
Anabolism biosynthesis	macromolecules  (lipids, nuclecic acids, amino acids)	K09458	3-oxoacyl-[acyl-carrier-protein] synthase II [EC:2.3.1.179]
Anabolism biosynthesis	cofactors	K05884	comC; L-2-hydroxycarboxylate dehydrogenase (NAD+) [EC:1.1.1.337]
Anabolism biosynthesis	cofactors	K05979	comB; 2-phosphosulfolactate phosphatase [EC:3.1.3.71]
Anabolism biosynthesis	cofactors	K06034	comD; sulfopyruvate decarboxylase subunit alpha [EC:4.1.1.79]
Anabolism biosynthesis	cofactors	K08097	comA; phosphosulfolactate synthase [EC:4.4.1.19]
Anabolism biosynthesis	cofactors	K02257	COX10, ctaB, cyoE; heme o synthase [EC:2.5.1.141]
Anabolism biosynthesis	cofactors	K02259	COX15, ctaA; heme a synthase [EC:1.17.99.9]
